{
    "timestamp_utc": "2025-10-10T21:38:55.749681+00:00",
    "market_vector": {
        "price_usd": 112250.0
    },
    "mining_vector": {
        "difficulty_change_percent": -7.592426713214973,
        "next_retarget_blocks": 810
    },
    "monetary_vector": {
        "circulating_supply": 19932768.75,
        "current_block_reward": 3.125,
        "blocks_until_next_halving": 131514
    },
    "speculative_vector": {
        "open_interest": 0,
        "funding_rate": 0,
        "error": true
    },
    "trend_vector": {
        "rsi_14d": 41.90387730497885,
        "historical_prices": [
            115298.9,
            112747.8,
            112001.5,
            113300.0,
            109049.8,
            109706.3,
            109720.5,
            112127.8,
            114365.2,
            113995.0,
            118599.9,
            120649.9,
            122259.5,
            122426.4,
            123542.1,
            124766.5,
            121419.8,
            123329.7,
            121699.0,
            112887.8
        ],
        "price_change_percent": 4.181748043035678
    },
    "singularity_score": 55,
    "narrative_vector": {
        "primary": "Financial energy is expanding. The market has chosen its short-term direction.",
        "market": "Momentum is neutral (RSI: 41.9). The derivatives market is balanced.",
        "network": "The -7.59% difficulty adjustment indicates the security baseline is holding steady."
    }
}