{
    "timestamp_utc": "2025-10-30T05:32:23.365107+00:00",
    "market_vector": {
        "price_usd": 109195.6
    },
    "mining_vector": {
        "difficulty_change_percent": -4.247672433319916,
        "next_retarget_blocks": 1914
    },
    "monetary_vector": {
        "circulating_supply": 19941918.75,
        "current_block_reward": 3.125,
        "blocks_until_next_halving": 128586
    },
    "speculative_vector": {
        "open_interest": 0,
        "funding_rate": 0,
        "error": true
    },
    "trend_vector": {
        "rsi_14d": 43.09928358998418,
        "historical_prices": [
            110775.1,
            115125.3,
            115165.5,
            113106.2,
            110781.9,
            108182.3,
            106451.0,
            107199.0,
            108669.8,
            110574.4,
            108406.1,
            107644.1,
            110080.0,
            111000.0,
            111645.2,
            114509.9,
            114153.0,
            112918.0,
            110104.2,
            109195.6
        ],
        "price_change_percent": 0.3600977171753219
    },
    "singularity_score": 46,
    "narrative_vector": {
        "primary": "The objective remains unchanged. Awaiting a new catalyst.",
        "market": "Momentum is neutral (RSI: 43.1). The derivatives market is balanced.",
        "network": "The -4.25% difficulty adjustment indicates the security baseline is holding steady."
    }
}