{
    "timestamp_utc": "2025-10-07T03:08:08.828624+00:00",
    "market_vector": {
        "price_usd": 124401.2
    },
    "mining_vector": {
        "difficulty_change_percent": -8.529993120092616,
        "next_retarget_blocks": 1319
    },
    "monetary_vector": {
        "circulating_supply": 19931178.125,
        "current_block_reward": 3.125,
        "blocks_until_next_halving": 132023
    },
    "speculative_vector": {
        "open_interest": 0,
        "funding_rate": 0,
        "error": true
    },
    "trend_vector": {
        "rsi_14d": 71.39398543781711,
        "historical_prices": [
            117135.7,
            115677.2,
            115739.1,
            115298.9,
            112747.8,
            112001.5,
            113300.0,
            109049.8,
            109706.3,
            109720.5,
            112127.8,
            114365.2,
            113995.0,
            118599.9,
            120649.9,
            122259.5,
            122426.4,
            123542.1,
            124766.5,
            124401.2
        ],
        "price_change_percent": -0.2018406325409504
    },
    "singularity_score": 53,
    "narrative_vector": {
        "primary": "Market sentiment is overheated (RSI: 71). A correction is probable.",
        "market": "Momentum is neutral (RSI: 71.4). The derivatives market is balanced.",
        "network": "The -8.53% difficulty adjustment indicates the security baseline is holding steady."
    }
}