{
    "timestamp_utc": "2025-08-14T20:28:45.158352+00:00",
    "market_vector": {
        "price_usd": 118181.5
    },
    "mining_vector": {
        "difficulty_change_percent": -1.9222845337052652,
        "next_retarget_blocks": 1172
    },
    "monetary_vector": {
        "circulating_supply": 19906437.5,
        "current_block_reward": 3.125,
        "blocks_until_next_halving": 139940
    },
    "speculative_vector": {
        "open_interest": 0,
        "funding_rate": 0,
        "error": true
    },
    "trend_vector": {
        "rsi_14d": 52.84771754383056,
        "historical_prices": [
            117937.5,
            119455.0,
            117979.7,
            117923.0,
            117820.7,
            115762.3,
            113290.2,
            112525.2,
            114224.1,
            115092.1,
            114115.0,
            115010.0,
            117498.1,
            116676.0,
            116467.4,
            119288.4,
            118724.5,
            120172.0,
            123354.3,
            118149.9
        ],
        "price_change_percent": -0.002031276581165776
    },
    "singularity_score": 50,
    "narrative_vector": {
        "primary": "ECHO DETECTED: Current structure mirrors the 'Pre-Halving Lull.' A period of consolidation may precede a supply shock.",
        "market": "High-conviction pattern match. Standard market analysis suspended.",
        "network": "On-chain fundamentals are secondary to the recognized historical echo."
    }
}