{
    "timestamp_utc": "2025-10-21T19:21:43.290206+00:00",
    "market_vector": {
        "price_usd": 112123.6
    },
    "mining_vector": {
        "difficulty_change_percent": 6.554165033892234,
        "next_retarget_blocks": 1165
    },
    "monetary_vector": {
        "circulating_supply": 19937959.375,
        "current_block_reward": 3.125,
        "blocks_until_next_halving": 129853
    },
    "speculative_vector": {
        "open_interest": 0,
        "funding_rate": 0,
        "error": true
    },
    "trend_vector": {
        "rsi_14d": 47.31352294423407,
        "historical_prices": [
            120649.9,
            122259.5,
            122426.4,
            123542.1,
            124766.5,
            121419.8,
            123329.7,
            121699.0,
            113000.1,
            110775.1,
            115125.3,
            115165.5,
            113106.2,
            110781.9,
            108182.3,
            106451.0,
            107199.0,
            108669.8,
            110574.4,
            112123.7
        ],
        "price_change_percent": 0.11044642857142596
    },
    "singularity_score": 52,
    "narrative_vector": {
        "primary": "ECHO DETECTED: Current structure mirrors the 'Pre-Halving Lull.' A period of consolidation may precede a supply shock.",
        "market": "High-conviction pattern match. Standard market analysis suspended.",
        "network": "On-chain fundamentals are secondary to the recognized historical echo."
    }
}