{
    "timestamp_utc": "2025-08-14T04:01:29.573534+00:00",
    "market_vector": {
        "price_usd": 123382.9
    },
    "mining_vector": {
        "difficulty_change_percent": -4.173457839380212,
        "next_retarget_blocks": 1286
    },
    "monetary_vector": {
        "circulating_supply": 19906081.25,
        "current_block_reward": 3.125,
        "blocks_until_next_halving": 140054
    },
    "speculative_vector": {
        "open_interest": 0,
        "funding_rate": 0,
        "error": true
    },
    "trend_vector": {
        "rsi_14d": 68.53923580990002,
        "historical_prices": [
            117937.5,
            119455.0,
            117979.7,
            117923.0,
            117820.7,
            115762.3,
            113290.2,
            112525.2,
            114224.1,
            115092.1,
            114115.0,
            115010.0,
            117498.1,
            116676.0,
            116467.4,
            119288.4,
            118724.5,
            120172.0,
            123354.3,
            123383.0
        ],
        "price_change_percent": -0.3067162454570329
    },
    "singularity_score": 54,
    "narrative_vector": {
        "primary": "The objective remains unchanged. Awaiting a new catalyst.",
        "market": "Momentum is neutral (RSI: 68.5). The derivatives market is balanced.",
        "network": "The -4.17% difficulty adjustment indicates the security baseline is holding steady."
    }
}