{
    "timestamp_utc": "2025-10-27T14:36:53.750929+00:00",
    "market_vector": {
        "price_usd": 114880.1
    },
    "mining_vector": {
        "difficulty_change_percent": 6.414750470661024,
        "next_retarget_blocks": 277
    },
    "monetary_vector": {
        "circulating_supply": 19940734.375,
        "current_block_reward": 3.125,
        "blocks_until_next_halving": 128965
    },
    "speculative_vector": {
        "open_interest": 0,
        "funding_rate": 0,
        "error": true
    },
    "trend_vector": {
        "rsi_14d": 54.71528311166152,
        "historical_prices": [
            123329.7,
            121699.0,
            113000.1,
            110775.1,
            115125.3,
            115165.5,
            113106.2,
            110781.9,
            108182.3,
            106451.0,
            107199.0,
            108669.8,
            110574.4,
            108406.1,
            107644.1,
            110080.0,
            111000.0,
            111645.2,
            114509.9,
            114900.1
        ],
        "price_change_percent": 0.06095962643940918
    },
    "singularity_score": 55,
    "narrative_vector": {
        "primary": "ECHO DETECTED: Current structure mirrors the 'Pre-Halving Lull.' A period of consolidation may precede a supply shock.",
        "market": "High-conviction pattern match. Standard market analysis suspended.",
        "network": "On-chain fundamentals are secondary to the recognized historical echo."
    }
}