{
    "timestamp_utc": "2025-09-02T15:57:33.441353+00:00",
    "market_vector": {
        "price_usd": 110754.1
    },
    "mining_vector": {
        "difficulty_change_percent": 7.077053676794498,
        "next_retarget_blocks": 352
    },
    "monetary_vector": {
        "circulating_supply": 19915300.0,
        "current_block_reward": 3.125,
        "blocks_until_next_halving": 137104
    },
    "speculative_vector": {
        "open_interest": 0,
        "funding_rate": 0,
        "error": true
    },
    "trend_vector": {
        "rsi_14d": 44.45698570072859,
        "historical_prices": [
            118383.1,
            117426.7,
            117487.5,
            117441.3,
            116260.0,
            112830.3,
            114262.7,
            112462.5,
            116817.9,
            115344.1,
            113456.1,
            110144.9,
            111829.3,
            111268.6,
            112563.7,
            108400.1,
            108750.0,
            108250.0,
            109263.5,
            110768.4
        ],
        "price_change_percent": -0.1861680558684441
    },
    "singularity_score": 50,
    "narrative_vector": {
        "primary": "The objective remains unchanged. Awaiting a new catalyst.",
        "market": "Momentum is neutral (RSI: 44.5). The derivatives market is balanced.",
        "network": "The 7.08% difficulty adjustment indicates the security baseline is currently hardening."
    }
}