{
    "timestamp_utc": "2025-08-21T20:44:30.799813+00:00",
    "market_vector": {
        "price_usd": 112295.0
    },
    "mining_vector": {
        "difficulty_change_percent": -0.6487138399708603,
        "next_retarget_blocks": 158
    },
    "monetary_vector": {
        "circulating_supply": 19909606.25,
        "current_block_reward": 3.125,
        "blocks_until_next_halving": 138926
    },
    "speculative_vector": {
        "open_interest": 0,
        "funding_rate": 0,
        "error": true
    },
    "trend_vector": {
        "rsi_14d": 40.06752434147344,
        "historical_prices": [
            112525.2,
            114224.1,
            115092.1,
            114115.0,
            115010.0,
            117498.1,
            116676.0,
            116467.4,
            119288.4,
            118724.5,
            120172.0,
            123354.3,
            118383.1,
            117426.7,
            117487.5,
            117441.3,
            116260.0,
            112830.3,
            114262.7,
            112295.0
        ],
        "price_change_percent": -0.11056820314661531
    },
    "singularity_score": 45,
    "narrative_vector": {
        "primary": "The objective remains unchanged. Awaiting a new catalyst.",
        "market": "Momentum is neutral (RSI: 40.1). The derivatives market is balanced.",
        "network": "The -0.65% difficulty adjustment indicates the security baseline is holding steady."
    }
}