{
    "timestamp_utc": "2025-09-06T19:28:15.562356+00:00",
    "market_vector": {
        "price_usd": 110170.2
    },
    "mining_vector": {
        "difficulty_change_percent": -7.216953767532875,
        "next_retarget_blocks": 1800
    },
    "monetary_vector": {
        "circulating_supply": 19917075.0,
        "current_block_reward": 3.125,
        "blocks_until_next_halving": 136536
    },
    "speculative_vector": {
        "open_interest": 0,
        "funding_rate": 0,
        "error": true
    },
    "trend_vector": {
        "rsi_14d": 43.33673303461949,
        "historical_prices": [
            116260.0,
            112830.3,
            114262.7,
            112462.5,
            116817.9,
            115344.1,
            113456.1,
            110144.9,
            111829.3,
            111268.6,
            112563.7,
            108400.1,
            108750.0,
            108250.0,
            109263.5,
            111196.9,
            111771.1,
            110744.3,
            110647.8,
            110170.2
        ],
        "price_change_percent": -0.06639853270127472
    },
    "singularity_score": 43,
    "narrative_vector": {
        "primary": "The objective remains unchanged. Awaiting a new catalyst.",
        "market": "Momentum is neutral (RSI: 43.3). The derivatives market is balanced.",
        "network": "The -7.22% difficulty adjustment indicates the security baseline is holding steady."
    }
}