{
    "timestamp_utc": "2025-09-22T17:14:35.617929+00:00",
    "market_vector": {
        "price_usd": 112408.7
    },
    "mining_vector": {
        "difficulty_change_percent": 10.037074029557647,
        "next_retarget_blocks": 1367
    },
    "monetary_vector": {
        "circulating_supply": 19924728.125,
        "current_block_reward": 3.125,
        "blocks_until_next_halving": 134087
    },
    "speculative_vector": {
        "open_interest": 0,
        "funding_rate": 0,
        "error": true
    },
    "trend_vector": {
        "rsi_14d": 43.38362131473821,
        "historical_prices": [
            111771.1,
            110744.3,
            110647.8,
            110254.9,
            111152.8,
            112050.1,
            111541.0,
            113952.8,
            115500.0,
            116111.7,
            115949.1,
            115390.6,
            115374.9,
            116764.2,
            116469.0,
            117135.7,
            115677.2,
            115739.1,
            115298.9,
            112408.7
        ],
        "price_change_percent": -0.2787366187349661
    },
    "singularity_score": 51,
    "narrative_vector": {
        "primary": "The objective remains unchanged. Awaiting a new catalyst.",
        "market": "Momentum is neutral (RSI: 43.4). The derivatives market is balanced.",
        "network": "The 10.04% difficulty adjustment indicates the security baseline is currently hardening."
    }
}