{
    "timestamp_utc": "2025-08-14T04:38:49.061103+00:00",
    "market_vector": {
        "price_usd": 123212.5
    },
    "mining_vector": {
        "difficulty_change_percent": -4.248796587395798,
        "next_retarget_blocks": 1283
    },
    "monetary_vector": {
        "circulating_supply": 19906090.625,
        "current_block_reward": 3.125,
        "blocks_until_next_halving": 140051
    },
    "speculative_vector": {
        "open_interest": 0,
        "funding_rate": 0,
        "error": true
    },
    "trend_vector": {
        "rsi_14d": 67.94044306546054,
        "historical_prices": [
            117937.5,
            119455.0,
            117979.7,
            117923.0,
            117820.7,
            115762.3,
            113290.2,
            112525.2,
            114224.1,
            115092.1,
            114115.0,
            115010.0,
            117498.1,
            116676.0,
            116467.4,
            119288.4,
            118724.5,
            120172.0,
            123354.3,
            123212.6
        ],
        "price_change_percent": -0.1380256097076567
    },
    "singularity_score": 54,
    "narrative_vector": {
        "primary": "The objective remains unchanged. Awaiting a new catalyst.",
        "market": "Momentum is neutral (RSI: 67.9). The derivatives market is balanced.",
        "network": "The -4.25% difficulty adjustment indicates the security baseline is holding steady."
    }
}