{
    "timestamp_utc": "2025-08-26T19:50:24.639252+00:00",
    "market_vector": {
        "price_usd": 111072.8
    },
    "mining_vector": {
        "difficulty_change_percent": 3.8156337225445425,
        "next_retarget_blocks": 1425
    },
    "monetary_vector": {
        "circulating_supply": 19911946.875,
        "current_block_reward": 3.125,
        "blocks_until_next_halving": 138177
    },
    "speculative_vector": {
        "open_interest": 0,
        "funding_rate": 0,
        "error": true
    },
    "trend_vector": {
        "rsi_14d": 40.82249762077327,
        "historical_prices": [
            117498.1,
            116676.0,
            116467.4,
            119288.4,
            118724.5,
            120172.0,
            123354.3,
            118383.1,
            117426.7,
            117487.5,
            117441.3,
            116260.0,
            112830.3,
            114262.7,
            112462.5,
            116817.9,
            115344.1,
            113456.1,
            110144.9,
            111072.8
        ],
        "price_change_percent": 0.1218703126802789
    },
    "singularity_score": 48,
    "narrative_vector": {
        "primary": "The objective remains unchanged. Awaiting a new catalyst.",
        "market": "Momentum is neutral (RSI: 40.8). The derivatives market is balanced.",
        "network": "The 3.82% difficulty adjustment indicates the security baseline is currently hardening."
    }
}