{
    "timestamp_utc": "2025-07-24T07:47:55.696292+00:00",
    "market_vector": {
        "price_usd": 118275.1
    },
    "mining_vector": {
        "difficulty_change_percent": 0.14123215512633625,
        "next_retarget_blocks": 268
    },
    "monetary_vector": {
        "circulating_supply": 19896662.5,
        "current_block_reward": 3.125,
        "blocks_until_next_halving": 143068
    },
    "speculative_vector": {
        "open_interest": 0,
        "funding_rate": 0,
        "error": true
    },
    "trend_vector": {
        "rsi_14d": 61.890673017406456,
        "historical_prices": [
            108249.5,
            109223.2,
            108282.1,
            108931.9,
            111323.7,
            115990.2,
            117532.6,
            117461.0,
            119102.1,
            119855.0,
            117741.0,
            118712.6,
            119321.0,
            118011.9,
            117909.1,
            117319.1,
            117461.0,
            119977.5,
            118735.3,
            118287.5
        ],
        "price_change_percent": 0.1426527484993947
    },
    "singularity_score": 55,
    "narrative_vector": {
        "primary": "ECHO DETECTED: Current structure mirrors the 'Pre-Halving Lull.' A period of consolidation may precede a supply shock.",
        "market": "High-conviction pattern match. Standard market analysis suspended.",
        "network": "On-chain fundamentals are secondary to the recognized historical echo."
    }
}