{
    "timestamp_utc": "2025-08-30T00:53:06.465721+00:00",
    "market_vector": {
        "price_usd": 108237.5
    },
    "mining_vector": {
        "difficulty_change_percent": 6.536326466044762,
        "next_retarget_blocks": 917
    },
    "monetary_vector": {
        "circulating_supply": 19913534.375,
        "current_block_reward": 3.125,
        "blocks_until_next_halving": 137669
    },
    "speculative_vector": {
        "open_interest": 0,
        "funding_rate": 0,
        "error": true
    },
    "trend_vector": {
        "rsi_14d": 37.41501583583704,
        "historical_prices": [
            118724.5,
            120172.0,
            123354.3,
            118383.1,
            117426.7,
            117487.5,
            117441.3,
            116260.0,
            112830.3,
            114262.7,
            112462.5,
            116817.9,
            115344.1,
            113456.1,
            110144.9,
            111829.3,
            111268.6,
            112563.7,
            108400.1,
            108237.5
        ],
        "price_change_percent": -0.2339358086777492
    },
    "singularity_score": 47,
    "narrative_vector": {
        "primary": "The objective remains unchanged. Awaiting a new catalyst.",
        "market": "Momentum is neutral (RSI: 37.4). The derivatives market is balanced.",
        "network": "The 6.54% difficulty adjustment indicates the security baseline is currently hardening."
    }
}