{
    "timestamp_utc": "2025-09-30T22:11:17.391395+00:00",
    "market_vector": {
        "price_usd": 114200.1
    },
    "mining_vector": {
        "difficulty_change_percent": 5.282261970027102,
        "next_retarget_blocks": 151
    },
    "monetary_vector": {
        "circulating_supply": 19928528.125,
        "current_block_reward": 3.125,
        "blocks_until_next_halving": 132871
    },
    "speculative_vector": {
        "open_interest": 0,
        "funding_rate": 0,
        "error": true
    },
    "trend_vector": {
        "rsi_14d": 52.985949811614255,
        "historical_prices": [
            115500.0,
            116111.7,
            115949.1,
            115390.6,
            115374.9,
            116764.2,
            116469.0,
            117135.7,
            115677.2,
            115739.1,
            115298.9,
            112747.8,
            112001.5,
            113300.0,
            109049.8,
            109706.3,
            109720.5,
            112127.8,
            114365.2,
            114200.1
        ],
        "price_change_percent": -0.14689410771010447
    },
    "singularity_score": 53,
    "narrative_vector": {
        "primary": "ECHO DETECTED: Current structure mirrors the 'Pre-Halving Lull.' A period of consolidation may precede a supply shock.",
        "market": "High-conviction pattern match. Standard market analysis suspended.",
        "network": "On-chain fundamentals are secondary to the recognized historical echo."
    }
}