{
    "timestamp_utc": "2025-08-19T17:38:41.141617+00:00",
    "market_vector": {
        "price_usd": 113505.6
    },
    "mining_vector": {
        "difficulty_change_percent": -0.35515918247341904,
        "next_retarget_blocks": 458
    },
    "monetary_vector": {
        "circulating_supply": 19908668.75,
        "current_block_reward": 3.125,
        "blocks_until_next_halving": 139226
    },
    "speculative_vector": {
        "open_interest": 0,
        "funding_rate": 0,
        "error": true
    },
    "trend_vector": {
        "rsi_14d": 41.35552956603095,
        "historical_prices": [
            115762.3,
            113290.2,
            112525.2,
            114224.1,
            115092.1,
            114115.0,
            115010.0,
            117498.1,
            116676.0,
            116467.4,
            119288.4,
            118724.5,
            120172.0,
            123354.3,
            118383.1,
            117426.7,
            117487.5,
            117441.3,
            116260.0,
            113505.7
        ],
        "price_change_percent": 0.22401370395224554
    },
    "singularity_score": 47,
    "narrative_vector": {
        "primary": "The objective remains unchanged. Awaiting a new catalyst.",
        "market": "Momentum is neutral (RSI: 41.4). The derivatives market is balanced.",
        "network": "The -0.36% difficulty adjustment indicates the security baseline is holding steady."
    }
}