{
    "timestamp_utc": "2025-10-15T05:31:35.948635+00:00",
    "market_vector": {
        "price_usd": 112310.0
    },
    "mining_vector": {
        "difficulty_change_percent": -3.5987219056355824,
        "next_retarget_blocks": 157
    },
    "monetary_vector": {
        "circulating_supply": 19934809.375,
        "current_block_reward": 3.125,
        "blocks_until_next_halving": 130861
    },
    "speculative_vector": {
        "open_interest": 0,
        "funding_rate": 0,
        "error": true
    },
    "trend_vector": {
        "rsi_14d": 42.83746686111799,
        "historical_prices": [
            109706.3,
            109720.5,
            112127.8,
            114365.2,
            113995.0,
            118599.9,
            120649.9,
            122259.5,
            122426.4,
            123542.1,
            124766.5,
            121419.8,
            123329.7,
            121699.0,
            113000.1,
            110775.1,
            115125.3,
            115165.5,
            113106.2,
            112340.1
        ],
        "price_change_percent": -0.13689606832713894
    },
    "singularity_score": 44,
    "narrative_vector": {
        "primary": "The objective remains unchanged. Awaiting a new catalyst.",
        "market": "Momentum is neutral (RSI: 42.8). The derivatives market is balanced.",
        "network": "The -3.60% difficulty adjustment indicates the security baseline is holding steady."
    }
}