{
    "timestamp_utc": "2025-09-23T03:52:16.798750+00:00",
    "market_vector": {
        "price_usd": 112439.9
    },
    "mining_vector": {
        "difficulty_change_percent": 9.400107464723817,
        "next_retarget_blocks": 1301
    },
    "monetary_vector": {
        "circulating_supply": 19924934.375,
        "current_block_reward": 3.125,
        "blocks_until_next_halving": 134021
    },
    "speculative_vector": {
        "open_interest": 0,
        "funding_rate": 0,
        "error": true
    },
    "trend_vector": {
        "rsi_14d": 43.40555938513715,
        "historical_prices": [
            110744.3,
            110647.8,
            110254.9,
            111152.8,
            112050.1,
            111541.0,
            113952.8,
            115500.0,
            116111.7,
            115949.1,
            115390.6,
            115374.9,
            116764.2,
            116469.0,
            117135.7,
            115677.2,
            115739.1,
            115298.9,
            112747.8,
            112440.0
        ],
        "price_change_percent": 0.031048413283733724
    },
    "singularity_score": 52,
    "narrative_vector": {
        "primary": "The objective remains unchanged. Awaiting a new catalyst.",
        "market": "Momentum is neutral (RSI: 43.4). The derivatives market is balanced.",
        "network": "The 9.40% difficulty adjustment indicates the security baseline is currently hardening."
    }
}