{
    "timestamp_utc": "2025-09-27T10:31:37.034198+00:00",
    "market_vector": {
        "price_usd": 109338.5
    },
    "mining_vector": {
        "difficulty_change_percent": 5.94976962878222,
        "next_retarget_blocks": 671
    },
    "monetary_vector": {
        "circulating_supply": 19926903.125,
        "current_block_reward": 3.125,
        "blocks_until_next_halving": 133391
    },
    "speculative_vector": {
        "open_interest": 0,
        "funding_rate": 0,
        "error": true
    },
    "trend_vector": {
        "rsi_14d": 37.56690271186194,
        "historical_prices": [
            112050.1,
            111541.0,
            113952.8,
            115500.0,
            116111.7,
            115949.1,
            115390.6,
            115374.9,
            116764.2,
            116469.0,
            117135.7,
            115677.2,
            115739.1,
            115298.9,
            112747.8,
            112001.5,
            113300.0,
            109049.8,
            109706.3,
            109338.6
        ],
        "price_change_percent": -0.008596407798948475
    },
    "singularity_score": 47,
    "narrative_vector": {
        "primary": "The objective remains unchanged. Awaiting a new catalyst.",
        "market": "Momentum is neutral (RSI: 37.6). The derivatives market is balanced.",
        "network": "The 5.95% difficulty adjustment indicates the security baseline is currently hardening."
    }
}