{
    "timestamp_utc": "2025-08-28T17:49:59.276223+00:00",
    "market_vector": {
        "price_usd": 112575.0
    },
    "mining_vector": {
        "difficulty_change_percent": 5.294256676908526,
        "next_retarget_blocks": 1126
    },
    "monetary_vector": {
        "circulating_supply": 19912881.25,
        "current_block_reward": 3.125,
        "blocks_until_next_halving": 137878
    },
    "speculative_vector": {
        "open_interest": 0,
        "funding_rate": 0,
        "error": true
    },
    "trend_vector": {
        "rsi_14d": 44.81080332079262,
        "historical_prices": [
            116467.4,
            119288.4,
            118724.5,
            120172.0,
            123354.3,
            118383.1,
            117426.7,
            117487.5,
            117441.3,
            116260.0,
            112830.3,
            114262.7,
            112462.5,
            116817.9,
            115344.1,
            113456.1,
            110144.9,
            111829.3,
            111268.6,
            112575.0
        ],
        "price_change_percent": 0.04816887188857268
    },
    "singularity_score": 50,
    "narrative_vector": {
        "primary": "The objective remains unchanged. Awaiting a new catalyst.",
        "market": "Momentum is neutral (RSI: 44.8). The derivatives market is balanced.",
        "network": "The 5.29% difficulty adjustment indicates the security baseline is currently hardening."
    }
}