{
    "timestamp_utc": "2025-10-14T13:54:01.478262+00:00",
    "market_vector": {
        "price_usd": 111047.1
    },
    "mining_vector": {
        "difficulty_change_percent": -4.0136843146992955,
        "next_retarget_blocks": 255
    },
    "monetary_vector": {
        "circulating_supply": 19934503.125,
        "current_block_reward": 3.125,
        "blocks_until_next_halving": 130959
    },
    "speculative_vector": {
        "open_interest": 0,
        "funding_rate": 0,
        "error": true
    },
    "trend_vector": {
        "rsi_14d": 41.14840718620226,
        "historical_prices": [
            109049.8,
            109706.3,
            109720.5,
            112127.8,
            114365.2,
            113995.0,
            118599.9,
            120649.9,
            122259.5,
            122426.4,
            123542.1,
            124766.5,
            121419.8,
            123329.7,
            121699.0,
            113000.1,
            110775.1,
            115125.3,
            115165.5,
            111047.1
        ],
        "price_change_percent": 0.5497102499094584
    },
    "singularity_score": 46,
    "narrative_vector": {
        "primary": "Financial energy is expanding. The market has chosen its short-term direction.",
        "market": "Momentum is neutral (RSI: 41.1). The derivatives market is balanced.",
        "network": "The -4.01% difficulty adjustment indicates the security baseline is holding steady."
    }
}