{
    "timestamp_utc": "2025-10-12T15:39:19.340344+00:00",
    "market_vector": {
        "price_usd": 112835.8
    },
    "mining_vector": {
        "difficulty_change_percent": -6.045738526060429,
        "next_retarget_blocks": 553
    },
    "monetary_vector": {
        "circulating_supply": 19933571.875,
        "current_block_reward": 3.125,
        "blocks_until_next_halving": 131257
    },
    "speculative_vector": {
        "open_interest": 0,
        "funding_rate": 0,
        "error": true
    },
    "trend_vector": {
        "rsi_14d": 43.18064906446473,
        "historical_prices": [
            112001.5,
            113300.0,
            109049.8,
            109706.3,
            109720.5,
            112127.8,
            114365.2,
            113995.0,
            118599.9,
            120649.9,
            122259.5,
            122426.4,
            123542.1,
            124766.5,
            121419.8,
            123329.7,
            121699.0,
            113000.1,
            110775.1,
            112837.0
        ],
        "price_change_percent": -0.2322729414843692
    },
    "singularity_score": 43,
    "narrative_vector": {
        "primary": "The objective remains unchanged. Awaiting a new catalyst.",
        "market": "Momentum is neutral (RSI: 43.2). The derivatives market is balanced.",
        "network": "The -6.05% difficulty adjustment indicates the security baseline is holding steady."
    }
}