{
    "timestamp_utc": "2025-09-06T09:29:02.034437+00:00",
    "market_vector": {
        "price_usd": 110788.4
    },
    "mining_vector": {
        "difficulty_change_percent": -8.423726360016214,
        "next_retarget_blocks": 1860
    },
    "monetary_vector": {
        "circulating_supply": 19916887.5,
        "current_block_reward": 3.125,
        "blocks_until_next_halving": 136596
    },
    "speculative_vector": {
        "open_interest": 0,
        "funding_rate": 0,
        "error": true
    },
    "trend_vector": {
        "rsi_14d": 44.86810117273868,
        "historical_prices": [
            116260.0,
            112830.3,
            114262.7,
            112462.5,
            116817.9,
            115344.1,
            113456.1,
            110144.9,
            111829.3,
            111268.6,
            112563.7,
            108400.1,
            108750.0,
            108250.0,
            109263.5,
            111196.9,
            111771.1,
            110744.3,
            110647.8,
            110788.4
        ],
        "price_change_percent": -0.015522681164139395
    },
    "singularity_score": 43,
    "narrative_vector": {
        "primary": "The objective remains unchanged. Awaiting a new catalyst.",
        "market": "Momentum is neutral (RSI: 44.9). The derivatives market is balanced.",
        "network": "The -8.42% difficulty adjustment indicates the security baseline is holding steady."
    }
}