{
    "timestamp_utc": "2025-10-17T10:57:58.261733+00:00",
    "market_vector": {
        "price_usd": 104645.2
    },
    "mining_vector": {
        "difficulty_change_percent": 13.98218545828338,
        "next_retarget_blocks": 1816
    },
    "monetary_vector": {
        "circulating_supply": 19935925.0,
        "current_block_reward": 3.125,
        "blocks_until_next_halving": 130504
    },
    "speculative_vector": {
        "open_interest": 0,
        "funding_rate": 0,
        "error": true
    },
    "trend_vector": {
        "rsi_14d": 32.869572376689064,
        "historical_prices": [
            112127.8,
            114365.2,
            113995.0,
            118599.9,
            120649.9,
            122259.5,
            122426.4,
            123542.1,
            124766.5,
            121419.8,
            123329.7,
            121699.0,
            113000.1,
            110775.1,
            115125.3,
            115165.5,
            113106.2,
            110781.9,
            108182.3,
            104640.1
        ],
        "price_change_percent": 0.21500618681499697
    },
    "singularity_score": 48,
    "narrative_vector": {
        "primary": "ECHO DETECTED: Current structure shows a pattern match to the '2022 Bear Market Bottom.' Maximum opportunity may be present.",
        "market": "High-conviction pattern match. Standard market analysis suspended.",
        "network": "On-chain fundamentals are secondary to the recognized historical echo."
    }
}