{
    "timestamp_utc": "2025-10-26T08:47:41.805798+00:00",
    "market_vector": {
        "price_usd": 111843.5
    },
    "mining_vector": {
        "difficulty_change_percent": 6.854187983710913,
        "next_retarget_blocks": 461
    },
    "monetary_vector": {
        "circulating_supply": 19940159.375,
        "current_block_reward": 3.125,
        "blocks_until_next_halving": 129149
    },
    "speculative_vector": {
        "open_interest": 0,
        "funding_rate": 0,
        "error": true
    },
    "trend_vector": {
        "rsi_14d": 48.71273016973287,
        "historical_prices": [
            121419.8,
            123329.7,
            121699.0,
            113000.1,
            110775.1,
            115125.3,
            115165.5,
            113106.2,
            110781.9,
            108182.3,
            106451.0,
            107199.0,
            108669.8,
            110574.4,
            108406.1,
            107644.1,
            110080.0,
            111000.0,
            111645.2,
            111843.5
        ],
        "price_change_percent": 0.0477680939546473
    },
    "singularity_score": 53,
    "narrative_vector": {
        "primary": "ECHO DETECTED: Current structure mirrors the 'Pre-Halving Lull.' A period of consolidation may precede a supply shock.",
        "market": "High-conviction pattern match. Standard market analysis suspended.",
        "network": "On-chain fundamentals are secondary to the recognized historical echo."
    }
}