{
    "timestamp_utc": "2025-09-26T18:43:20.997882+00:00",
    "market_vector": {
        "price_usd": 109931.6
    },
    "mining_vector": {
        "difficulty_change_percent": 5.138994431149269,
        "next_retarget_blocks": 781
    },
    "monetary_vector": {
        "circulating_supply": 19926559.375,
        "current_block_reward": 3.125,
        "blocks_until_next_halving": 133501
    },
    "speculative_vector": {
        "open_interest": 0,
        "funding_rate": 0,
        "error": true
    },
    "trend_vector": {
        "rsi_14d": 39.24056222156087,
        "historical_prices": [
            111152.8,
            112050.1,
            111541.0,
            113952.8,
            115500.0,
            116111.7,
            115949.1,
            115390.6,
            115374.9,
            116764.2,
            116469.0,
            117135.7,
            115677.2,
            115739.1,
            115298.9,
            112747.8,
            112001.5,
            113300.0,
            109049.8,
            109937.5
        ],
        "price_change_percent": -0.25874887840707683
    },
    "singularity_score": 47,
    "narrative_vector": {
        "primary": "The objective remains unchanged. Awaiting a new catalyst.",
        "market": "Momentum is neutral (RSI: 39.2). The derivatives market is balanced.",
        "network": "The 5.14% difficulty adjustment indicates the security baseline is currently hardening."
    }
}