{
    "timestamp_utc": "2025-09-23T11:28:07.807720+00:00",
    "market_vector": {
        "price_usd": 112937.4
    },
    "mining_vector": {
        "difficulty_change_percent": 8.418503996057503,
        "next_retarget_blocks": 1258
    },
    "monetary_vector": {
        "circulating_supply": 19925068.75,
        "current_block_reward": 3.125,
        "blocks_until_next_halving": 133978
    },
    "speculative_vector": {
        "open_interest": 0,
        "funding_rate": 0,
        "error": true
    },
    "trend_vector": {
        "rsi_14d": 45.141185638727336,
        "historical_prices": [
            110744.3,
            110647.8,
            110254.9,
            111152.8,
            112050.1,
            111541.0,
            113952.8,
            115500.0,
            116111.7,
            115949.1,
            115390.6,
            115374.9,
            116764.2,
            116469.0,
            117135.7,
            115677.2,
            115739.1,
            115298.9,
            112747.8,
            112937.4
        ],
        "price_change_percent": 0.12083215500557029
    },
    "singularity_score": 52,
    "narrative_vector": {
        "primary": "ECHO DETECTED: Current structure mirrors the 'Pre-Halving Lull.' A period of consolidation may precede a supply shock.",
        "market": "High-conviction pattern match. Standard market analysis suspended.",
        "network": "On-chain fundamentals are secondary to the recognized historical echo."
    }
}