{
    "timestamp_utc": "2025-09-26T15:52:53.330077+00:00",
    "market_vector": {
        "price_usd": 109174.7
    },
    "mining_vector": {
        "difficulty_change_percent": 5.13247295802326,
        "next_retarget_blocks": 799
    },
    "monetary_vector": {
        "circulating_supply": 19926503.125,
        "current_block_reward": 3.125,
        "blocks_until_next_halving": 133519
    },
    "speculative_vector": {
        "open_interest": 0,
        "funding_rate": 0,
        "error": true
    },
    "trend_vector": {
        "rsi_14d": 36.59091184787934,
        "historical_prices": [
            111152.8,
            112050.1,
            111541.0,
            113952.8,
            115500.0,
            116111.7,
            115949.1,
            115390.6,
            115374.9,
            116764.2,
            116469.0,
            117135.7,
            115677.2,
            115739.1,
            115298.9,
            112747.8,
            112001.5,
            113300.0,
            109049.8,
            109205.7
        ],
        "price_change_percent": -0.0862763037511463
    },
    "singularity_score": 46,
    "narrative_vector": {
        "primary": "The objective remains unchanged. Awaiting a new catalyst.",
        "market": "Momentum is neutral (RSI: 36.6). The derivatives market is balanced.",
        "network": "The 5.13% difficulty adjustment indicates the security baseline is currently hardening."
    }
}