{
    "timestamp_utc": "2025-08-04T19:27:54.161490+00:00",
    "market_vector": {
        "price_usd": 114962.6
    },
    "mining_vector": {
        "difficulty_change_percent": 0.9863785814936632,
        "next_retarget_blocks": 598
    },
    "monetary_vector": {
        "circulating_supply": 19901931.25,
        "current_block_reward": 3.125,
        "blocks_until_next_halving": 141382
    },
    "speculative_vector": {
        "open_interest": 0,
        "funding_rate": 0,
        "error": true
    },
    "trend_vector": {
        "rsi_14d": 48.612836467035876,
        "historical_prices": [
            118712.6,
            119321.0,
            118011.9,
            117909.1,
            117319.1,
            117461.0,
            119977.5,
            118735.3,
            118386.9,
            117628.1,
            117937.5,
            119455.0,
            117979.7,
            117923.0,
            117820.7,
            115762.3,
            113290.2,
            112525.2,
            114224.1,
            114962.6
        ],
        "price_change_percent": 0.015137648201063404
    },
    "singularity_score": 49,
    "narrative_vector": {
        "primary": "ECHO DETECTED: Current structure mirrors the 'Pre-Halving Lull.' A period of consolidation may precede a supply shock.",
        "market": "High-conviction pattern match. Standard market analysis suspended.",
        "network": "On-chain fundamentals are secondary to the recognized historical echo."
    }
}