{
    "timestamp_utc": "2025-10-15T22:30:37.076381+00:00",
    "market_vector": {
        "price_usd": 111284.3
    },
    "mining_vector": {
        "difficulty_change_percent": -3.0688306477749006,
        "next_retarget_blocks": 48
    },
    "monetary_vector": {
        "circulating_supply": 19935150.0,
        "current_block_reward": 3.125,
        "blocks_until_next_halving": 130752
    },
    "speculative_vector": {
        "open_interest": 0,
        "funding_rate": 0,
        "error": true
    },
    "trend_vector": {
        "rsi_14d": 41.276403152789534,
        "historical_prices": [
            109706.3,
            109720.5,
            112127.8,
            114365.2,
            113995.0,
            118599.9,
            120649.9,
            122259.5,
            122426.4,
            123542.1,
            124766.5,
            121419.8,
            123329.7,
            121699.0,
            113000.1,
            110775.1,
            115125.3,
            115165.5,
            113106.2,
            111284.3
        ],
        "price_change_percent": 0.3499669059895703
    },
    "singularity_score": 46,
    "narrative_vector": {
        "primary": "The objective remains unchanged. Awaiting a new catalyst.",
        "market": "Momentum is neutral (RSI: 41.3). The derivatives market is balanced.",
        "network": "The -3.07% difficulty adjustment indicates the security baseline is holding steady."
    }
}