{
    "timestamp_utc": "2025-10-09T15:22:38.927400+00:00",
    "market_vector": {
        "price_usd": 121364.2
    },
    "mining_vector": {
        "difficulty_change_percent": -7.339890088391698,
        "next_retarget_blocks": 975
    },
    "monetary_vector": {
        "circulating_supply": 19932253.125,
        "current_block_reward": 3.125,
        "blocks_until_next_halving": 131679
    },
    "speculative_vector": {
        "open_interest": 0,
        "funding_rate": 0,
        "error": true
    },
    "trend_vector": {
        "rsi_14d": 59.093458448692324,
        "historical_prices": [
            115739.1,
            115298.9,
            112747.8,
            112001.5,
            113300.0,
            109049.8,
            109706.3,
            109720.5,
            112127.8,
            114365.2,
            113995.0,
            118599.9,
            120649.9,
            122259.5,
            122426.4,
            123542.1,
            124766.5,
            121419.8,
            123329.7,
            121350.7
        ],
        "price_change_percent": -0.16100847083911748
    },
    "singularity_score": 49,
    "narrative_vector": {
        "primary": "ECHO DETECTED: Current structure mirrors the 'Pre-Halving Lull.' A period of consolidation may precede a supply shock.",
        "market": "High-conviction pattern match. Standard market analysis suspended.",
        "network": "On-chain fundamentals are secondary to the recognized historical echo."
    }
}