{
    "timestamp_utc": "2025-09-17T13:58:53.229066+00:00",
    "market_vector": {
        "price_usd": 116128.4
    },
    "mining_vector": {
        "difficulty_change_percent": 5.140646699314622,
        "next_retarget_blocks": 147
    },
    "monetary_vector": {
        "circulating_supply": 19922240.625,
        "current_block_reward": 3.125,
        "blocks_until_next_halving": 134883
    },
    "speculative_vector": {
        "open_interest": 0,
        "funding_rate": 0,
        "error": true
    },
    "trend_vector": {
        "rsi_14d": 58.18658449858814,
        "historical_prices": [
            108400.1,
            108750.0,
            108250.0,
            109263.5,
            111196.9,
            111771.1,
            110744.3,
            110647.8,
            110254.9,
            111152.8,
            112050.1,
            111541.0,
            113952.8,
            115500.0,
            116111.7,
            115949.1,
            115390.6,
            115374.9,
            116764.2,
            116128.5
        ],
        "price_change_percent": 0.1020600792517153
    },
    "singularity_score": 56,
    "narrative_vector": {
        "primary": "ECHO DETECTED: Current structure mirrors the 'Pre-Halving Lull.' A period of consolidation may precede a supply shock.",
        "market": "High-conviction pattern match. Standard market analysis suspended.",
        "network": "On-chain fundamentals are secondary to the recognized historical echo."
    }
}