{
    "timestamp_utc": "2025-08-02T06:38:50.735119+00:00",
    "market_vector": {
        "price_usd": 113500.0
    },
    "mining_vector": {
        "difficulty_change_percent": -2.1371841849331608,
        "next_retarget_blocks": 999
    },
    "monetary_vector": {
        "circulating_supply": 19900678.125,
        "current_block_reward": 3.125,
        "blocks_until_next_halving": 141783
    },
    "speculative_vector": {
        "open_interest": 0,
        "funding_rate": 0,
        "error": true
    },
    "trend_vector": {
        "rsi_14d": 42.7304807470467,
        "historical_prices": [
            119855.0,
            117741.0,
            118712.6,
            119321.0,
            118011.9,
            117909.1,
            117319.1,
            117461.0,
            119977.5,
            118735.3,
            118386.9,
            117628.1,
            117937.5,
            119455.0,
            117979.7,
            117923.0,
            117820.7,
            115762.3,
            113290.2,
            113500.0
        ],
        "price_change_percent": -0.39508487040829865
    },
    "singularity_score": 44,
    "narrative_vector": {
        "primary": "The objective remains unchanged. Awaiting a new catalyst.",
        "market": "Momentum is neutral (RSI: 42.7). The derivatives market is balanced.",
        "network": "The -2.14% difficulty adjustment indicates the security baseline is holding steady."
    }
}