{
    "timestamp_utc": "2025-08-20T08:42:34.283631+00:00",
    "market_vector": {
        "price_usd": 113850.0
    },
    "mining_vector": {
        "difficulty_change_percent": -0.7822012211886165,
        "next_retarget_blocks": 375
    },
    "monetary_vector": {
        "circulating_supply": 19908928.125,
        "current_block_reward": 3.125,
        "blocks_until_next_halving": 139143
    },
    "speculative_vector": {
        "open_interest": 0,
        "funding_rate": 0,
        "error": true
    },
    "trend_vector": {
        "rsi_14d": 43.01315168791257,
        "historical_prices": [
            113290.2,
            112525.2,
            114224.1,
            115092.1,
            114115.0,
            115010.0,
            117498.1,
            116676.0,
            116467.4,
            119288.4,
            118724.5,
            120172.0,
            123354.3,
            118383.1,
            117426.7,
            117487.5,
            117441.3,
            116260.0,
            112830.3,
            113849.9
        ],
        "price_change_percent": 0.12012666943971484
    },
    "singularity_score": 47,
    "narrative_vector": {
        "primary": "The objective remains unchanged. Awaiting a new catalyst.",
        "market": "Momentum is neutral (RSI: 43.0). The derivatives market is balanced.",
        "network": "The -0.78% difficulty adjustment indicates the security baseline is holding steady."
    }
}