{
    "timestamp_utc": "2025-09-25T13:28:42.150066+00:00",
    "market_vector": {
        "price_usd": 111633.4
    },
    "mining_vector": {
        "difficulty_change_percent": 5.987104902236906,
        "next_retarget_blocks": 957
    },
    "monetary_vector": {
        "circulating_supply": 19926009.375,
        "current_block_reward": 3.125,
        "blocks_until_next_halving": 133677
    },
    "speculative_vector": {
        "open_interest": 0,
        "funding_rate": 0,
        "error": true
    },
    "trend_vector": {
        "rsi_14d": 42.066388104227286,
        "historical_prices": [
            110254.9,
            111152.8,
            112050.1,
            111541.0,
            113952.8,
            115500.0,
            116111.7,
            115949.1,
            115390.6,
            115374.9,
            116764.2,
            116469.0,
            117135.7,
            115677.2,
            115739.1,
            115298.9,
            112747.8,
            112001.5,
            113300.0,
            111633.3
        ],
        "price_change_percent": 0.2544229905702765
    },
    "singularity_score": 50,
    "narrative_vector": {
        "primary": "The objective remains unchanged. Awaiting a new catalyst.",
        "market": "Momentum is neutral (RSI: 42.1). The derivatives market is balanced.",
        "network": "The 5.99% difficulty adjustment indicates the security baseline is currently hardening."
    }
}