{
    "timestamp_utc": "2025-10-09T12:55:41.375027+00:00",
    "market_vector": {
        "price_usd": 123510.0
    },
    "mining_vector": {
        "difficulty_change_percent": -6.833837157440903,
        "next_retarget_blocks": 983
    },
    "monetary_vector": {
        "circulating_supply": 19932228.125,
        "current_block_reward": 3.125,
        "blocks_until_next_halving": 131687
    },
    "speculative_vector": {
        "open_interest": 0,
        "funding_rate": 0,
        "error": true
    },
    "trend_vector": {
        "rsi_14d": 65.16282680945457,
        "historical_prices": [
            115739.1,
            115298.9,
            112747.8,
            112001.5,
            113300.0,
            109049.8,
            109706.3,
            109720.5,
            112127.8,
            114365.2,
            113995.0,
            118599.9,
            120649.9,
            122259.5,
            122426.4,
            123542.1,
            124766.5,
            121419.8,
            123329.7,
            123510.1
        ],
        "price_change_percent": 0.5697400220176888
    },
    "singularity_score": 54,
    "narrative_vector": {
        "primary": "Financial energy is expanding. The market has chosen its short-term direction.",
        "market": "Momentum is neutral (RSI: 65.2). The derivatives market is balanced.",
        "network": "The -6.83% difficulty adjustment indicates the security baseline is holding steady."
    }
}