{
    "timestamp_utc": "2025-09-30T19:12:21.504930+00:00",
    "market_vector": {
        "price_usd": 113837.5
    },
    "mining_vector": {
        "difficulty_change_percent": 5.329954060636921,
        "next_retarget_blocks": 169
    },
    "monetary_vector": {
        "circulating_supply": 19928471.875,
        "current_block_reward": 3.125,
        "blocks_until_next_halving": 132889
    },
    "speculative_vector": {
        "open_interest": 0,
        "funding_rate": 0,
        "error": true
    },
    "trend_vector": {
        "rsi_14d": 51.89062311381344,
        "historical_prices": [
            115500.0,
            116111.7,
            115949.1,
            115390.6,
            115374.9,
            116764.2,
            116469.0,
            117135.7,
            115677.2,
            115739.1,
            115298.9,
            112747.8,
            112001.5,
            113300.0,
            109049.8,
            109706.3,
            109720.5,
            112127.8,
            114365.2,
            113837.5
        ],
        "price_change_percent": 0.24215740231150248
    },
    "singularity_score": 54,
    "narrative_vector": {
        "primary": "ECHO DETECTED: Current structure mirrors the 'Pre-Halving Lull.' A period of consolidation may precede a supply shock.",
        "market": "High-conviction pattern match. Standard market analysis suspended.",
        "network": "On-chain fundamentals are secondary to the recognized historical echo."
    }
}