{
    "timestamp_utc": "2025-07-24T05:45:10.519131+00:00",
    "market_vector": {
        "price_usd": 117957.9
    },
    "mining_vector": {
        "difficulty_change_percent": 0.2734117850570206,
        "next_retarget_blocks": 278
    },
    "monetary_vector": {
        "circulating_supply": 19896631.25,
        "current_block_reward": 3.125,
        "blocks_until_next_halving": 143078
    },
    "speculative_vector": {
        "open_interest": 0,
        "funding_rate": 0,
        "error": true
    },
    "trend_vector": {
        "rsi_14d": 60.663405571758325,
        "historical_prices": [
            108249.5,
            109223.2,
            108282.1,
            108931.9,
            111323.7,
            115990.2,
            117532.6,
            117461.0,
            119102.1,
            119855.0,
            117741.0,
            118712.6,
            119321.0,
            118011.9,
            117909.1,
            117319.1,
            117461.0,
            119977.5,
            118735.3,
            117957.9
        ],
        "price_change_percent": 0.2088145568722233
    },
    "singularity_score": 55,
    "narrative_vector": {
        "primary": "ECHO DETECTED: Current structure mirrors the 'Pre-Halving Lull.' A period of consolidation may precede a supply shock.",
        "market": "High-conviction pattern match. Standard market analysis suspended.",
        "network": "On-chain fundamentals are secondary to the recognized historical echo."
    }
}