{
    "timestamp_utc": "2025-07-22T07:25:56.913889+00:00",
    "market_vector": {
        "price_usd": 118499.9
    },
    "mining_vector": {
        "difficulty_change_percent": 0.25165913062585865,
        "next_retarget_blocks": 557
    },
    "monetary_vector": {
        "circulating_supply": 19895759.375,
        "current_block_reward": 3.125,
        "blocks_until_next_halving": 143357
    },
    "speculative_vector": {
        "open_interest": 0,
        "funding_rate": 0,
        "error": true
    },
    "trend_vector": {
        "rsi_14d": 65.65840286167725,
        "historical_prices": [
            109631.0,
            108018.9,
            108249.5,
            109223.2,
            108282.1,
            108931.9,
            111323.7,
            115990.2,
            117532.6,
            117461.0,
            119102.1,
            119855.0,
            117741.0,
            118712.6,
            119321.0,
            118011.9,
            117909.1,
            117319.1,
            117461.0,
            118499.9
        ],
        "price_change_percent": 0.6368577494692095
    },
    "singularity_score": 58,
    "narrative_vector": {
        "primary": "Financial energy is expanding. The market has chosen its short-term direction.",
        "market": "Momentum is neutral (RSI: 65.7). The derivatives market is balanced.",
        "network": "The 0.25% difficulty adjustment indicates the security baseline is holding steady."
    }
}