{
    "timestamp_utc": "2025-09-06T18:58:31.919886+00:00",
    "market_vector": {
        "price_usd": 110240.5
    },
    "mining_vector": {
        "difficulty_change_percent": -7.421370660511862,
        "next_retarget_blocks": 1805
    },
    "monetary_vector": {
        "circulating_supply": 19917059.375,
        "current_block_reward": 3.125,
        "blocks_until_next_halving": 136541
    },
    "speculative_vector": {
        "open_interest": 0,
        "funding_rate": 0,
        "error": true
    },
    "trend_vector": {
        "rsi_14d": 43.49720634881249,
        "historical_prices": [
            116260.0,
            112830.3,
            114262.7,
            112462.5,
            116817.9,
            115344.1,
            113456.1,
            110144.9,
            111829.3,
            111268.6,
            112563.7,
            108400.1,
            108750.0,
            108250.0,
            109263.5,
            111196.9,
            111771.1,
            110744.3,
            110647.8,
            110240.5
        ],
        "price_change_percent": 0.036751361161524505
    },
    "singularity_score": 43,
    "narrative_vector": {
        "primary": "The objective remains unchanged. Awaiting a new catalyst.",
        "market": "Momentum is neutral (RSI: 43.5). The derivatives market is balanced.",
        "network": "The -7.42% difficulty adjustment indicates the security baseline is holding steady."
    }
}