{
    "timestamp_utc": "2025-10-12T06:34:34.767834+00:00",
    "market_vector": {
        "price_usd": 112000.1
    },
    "mining_vector": {
        "difficulty_change_percent": -6.432774464415747,
        "next_retarget_blocks": 610
    },
    "monetary_vector": {
        "circulating_supply": 19933393.75,
        "current_block_reward": 3.125,
        "blocks_until_next_halving": 131314
    },
    "speculative_vector": {
        "open_interest": 0,
        "funding_rate": 0,
        "error": true
    },
    "trend_vector": {
        "rsi_14d": 41.53858792016869,
        "historical_prices": [
            112001.5,
            113300.0,
            109049.8,
            109706.3,
            109720.5,
            112127.8,
            114365.2,
            113995.0,
            118599.9,
            120649.9,
            122259.5,
            122426.4,
            123542.1,
            124766.5,
            121419.8,
            123329.7,
            121699.0,
            113000.1,
            110775.1,
            112017.1
        ],
        "price_change_percent": 0.14930697424499398
    },
    "singularity_score": 43,
    "narrative_vector": {
        "primary": "The objective remains unchanged. Awaiting a new catalyst.",
        "market": "Momentum is neutral (RSI: 41.5). The derivatives market is balanced.",
        "network": "The -6.43% difficulty adjustment indicates the security baseline is holding steady."
    }
}