{
    "timestamp_utc": "2025-09-07T20:37:46.549565+00:00",
    "market_vector": {
        "price_usd": 111128.4
    },
    "mining_vector": {
        "difficulty_change_percent": -0.14956210706721373,
        "next_retarget_blocks": 1630
    },
    "monetary_vector": {
        "circulating_supply": 19917606.25,
        "current_block_reward": 3.125,
        "blocks_until_next_halving": 136366
    },
    "speculative_vector": {
        "open_interest": 0,
        "funding_rate": 0,
        "error": true
    },
    "trend_vector": {
        "rsi_14d": 46.19810241021868,
        "historical_prices": [
            112830.3,
            114262.7,
            112462.5,
            116817.9,
            115344.1,
            113456.1,
            110144.9,
            111829.3,
            111268.6,
            112563.7,
            108400.1,
            108750.0,
            108250.0,
            109263.5,
            111196.9,
            111771.1,
            110744.3,
            110647.8,
            110254.9,
            111128.4
        ],
        "price_change_percent": -0.08954579782069787
    },
    "singularity_score": 48,
    "narrative_vector": {
        "primary": "ECHO DETECTED: Current structure mirrors the 'Pre-Halving Lull.' A period of consolidation may precede a supply shock.",
        "market": "High-conviction pattern match. Standard market analysis suspended.",
        "network": "On-chain fundamentals are secondary to the recognized historical echo."
    }
}