{
    "timestamp_utc": "2025-08-20T06:13:28.441352+00:00",
    "market_vector": {
        "price_usd": 113562.5
    },
    "mining_vector": {
        "difficulty_change_percent": -0.4289542601224938,
        "next_retarget_blocks": 384
    },
    "monetary_vector": {
        "circulating_supply": 19908900.0,
        "current_block_reward": 3.125,
        "blocks_until_next_halving": 139152
    },
    "speculative_vector": {
        "open_interest": 0,
        "funding_rate": 0,
        "error": true
    },
    "trend_vector": {
        "rsi_14d": 42.19985972808224,
        "historical_prices": [
            113290.2,
            112525.2,
            114224.1,
            115092.1,
            114115.0,
            115010.0,
            117498.1,
            116676.0,
            116467.4,
            119288.4,
            118724.5,
            120172.0,
            123354.3,
            118383.1,
            117426.7,
            117487.5,
            117441.3,
            116260.0,
            112830.3,
            113562.5
        ],
        "price_change_percent": -0.062217732141660265
    },
    "singularity_score": 46,
    "narrative_vector": {
        "primary": "The objective remains unchanged. Awaiting a new catalyst.",
        "market": "Momentum is neutral (RSI: 42.2). The derivatives market is balanced.",
        "network": "The -0.43% difficulty adjustment indicates the security baseline is holding steady."
    }
}