{
    "timestamp_utc": "2025-09-29T04:20:13.179277+00:00",
    "market_vector": {
        "price_usd": 111835.1
    },
    "mining_vector": {
        "difficulty_change_percent": 5.635423034701259,
        "next_retarget_blocks": 410
    },
    "monetary_vector": {
        "circulating_supply": 19927718.75,
        "current_block_reward": 3.125,
        "blocks_until_next_halving": 133130
    },
    "speculative_vector": {
        "open_interest": 0,
        "funding_rate": 0,
        "error": true
    },
    "trend_vector": {
        "rsi_14d": 46.19117752249971,
        "historical_prices": [
            113952.8,
            115500.0,
            116111.7,
            115949.1,
            115390.6,
            115374.9,
            116764.2,
            116469.0,
            117135.7,
            115677.2,
            115739.1,
            115298.9,
            112747.8,
            112001.5,
            113300.0,
            109049.8,
            109706.3,
            109720.5,
            112127.8,
            111835.1
        ],
        "price_change_percent": 0.05385824545583279
    },
    "singularity_score": 51,
    "narrative_vector": {
        "primary": "ECHO DETECTED: Current structure mirrors the 'Pre-Halving Lull.' A period of consolidation may precede a supply shock.",
        "market": "High-conviction pattern match. Standard market analysis suspended.",
        "network": "On-chain fundamentals are secondary to the recognized historical echo."
    }
}