{
    "timestamp_utc": "2025-08-03T18:38:39.257669+00:00",
    "market_vector": {
        "price_usd": 114148.6
    },
    "mining_vector": {
        "difficulty_change_percent": -2.007220101654572,
        "next_retarget_blocks": 786
    },
    "monetary_vector": {
        "circulating_supply": 19901343.75,
        "current_block_reward": 3.125,
        "blocks_until_next_halving": 141570
    },
    "speculative_vector": {
        "open_interest": 0,
        "funding_rate": 0,
        "error": true
    },
    "trend_vector": {
        "rsi_14d": 45.87685498552486,
        "historical_prices": [
            117741.0,
            118712.6,
            119321.0,
            118011.9,
            117909.1,
            117319.1,
            117461.0,
            119977.5,
            118735.3,
            118386.9,
            117628.1,
            117937.5,
            119455.0,
            117979.7,
            117923.0,
            117820.7,
            115762.3,
            113290.2,
            112525.2,
            114148.6
        ],
        "price_change_percent": 0.05811593910712083
    },
    "singularity_score": 47,
    "narrative_vector": {
        "primary": "ECHO DETECTED: Current structure mirrors the 'Pre-Halving Lull.' A period of consolidation may precede a supply shock.",
        "market": "High-conviction pattern match. Standard market analysis suspended.",
        "network": "On-chain fundamentals are secondary to the recognized historical echo."
    }
}