{
    "timestamp_utc": "2025-10-19T11:38:12.170890+00:00",
    "market_vector": {
        "price_usd": 107989.8
    },
    "mining_vector": {
        "difficulty_change_percent": 9.405506098980808,
        "next_retarget_blocks": 1508
    },
    "monetary_vector": {
        "circulating_supply": 19936887.5,
        "current_block_reward": 3.125,
        "blocks_until_next_halving": 130196
    },
    "speculative_vector": {
        "open_interest": 0,
        "funding_rate": 0,
        "error": true
    },
    "trend_vector": {
        "rsi_14d": 38.4691317317713,
        "historical_prices": [
            113995.0,
            118599.9,
            120649.9,
            122259.5,
            122426.4,
            123542.1,
            124766.5,
            121419.8,
            123329.7,
            121699.0,
            113000.1,
            110775.1,
            115125.3,
            115165.5,
            113106.2,
            110781.9,
            108182.3,
            106451.0,
            107199.0,
            107989.8
        ],
        "price_change_percent": 0.004445061814143548
    },
    "singularity_score": 50,
    "narrative_vector": {
        "primary": "The objective remains unchanged. Awaiting a new catalyst.",
        "market": "Momentum is neutral (RSI: 38.5). The derivatives market is balanced.",
        "network": "The 9.41% difficulty adjustment indicates the security baseline is currently hardening."
    }
}