{
    "timestamp_utc": "2025-08-20T13:54:19.237139+00:00",
    "market_vector": {
        "price_usd": 112616.0
    },
    "mining_vector": {
        "difficulty_change_percent": -0.7781178089341201,
        "next_retarget_blocks": 344
    },
    "monetary_vector": {
        "circulating_supply": 19909025.0,
        "current_block_reward": 3.125,
        "blocks_until_next_halving": 139112
    },
    "speculative_vector": {
        "open_interest": 0,
        "funding_rate": 0,
        "error": true
    },
    "trend_vector": {
        "rsi_14d": 39.56434435831265,
        "historical_prices": [
            113290.2,
            112525.2,
            114224.1,
            115092.1,
            114115.0,
            115010.0,
            117498.1,
            116676.0,
            116467.4,
            119288.4,
            118724.5,
            120172.0,
            123354.3,
            118383.1,
            117426.7,
            117487.5,
            117441.3,
            116260.0,
            112830.3,
            112607.3
        ],
        "price_change_percent": -0.5218290075796366
    },
    "singularity_score": 43,
    "narrative_vector": {
        "primary": "Financial energy is contracting. The market has chosen its short-term direction.",
        "market": "Momentum is neutral (RSI: 39.6). The derivatives market is balanced.",
        "network": "The -0.78% difficulty adjustment indicates the security baseline is holding steady."
    }
}