{
    "timestamp_utc": "2025-08-02T17:36:24.681531+00:00",
    "market_vector": {
        "price_usd": 113252.4
    },
    "mining_vector": {
        "difficulty_change_percent": -1.8975515075528415,
        "next_retarget_blocks": 932
    },
    "monetary_vector": {
        "circulating_supply": 19900887.5,
        "current_block_reward": 3.125,
        "blocks_until_next_halving": 141716
    },
    "speculative_vector": {
        "open_interest": 0,
        "funding_rate": 0,
        "error": true
    },
    "trend_vector": {
        "rsi_14d": 41.830082053948445,
        "historical_prices": [
            119855.0,
            117741.0,
            118712.6,
            119321.0,
            118011.9,
            117909.1,
            117319.1,
            117461.0,
            119977.5,
            118735.3,
            118386.9,
            117628.1,
            117937.5,
            119455.0,
            117979.7,
            117923.0,
            117820.7,
            115762.3,
            113290.2,
            113252.4
        ],
        "price_change_percent": -0.03274795987272061
    },
    "singularity_score": 45,
    "narrative_vector": {
        "primary": "The objective remains unchanged. Awaiting a new catalyst.",
        "market": "Momentum is neutral (RSI: 41.8). The derivatives market is balanced.",
        "network": "The -1.90% difficulty adjustment indicates the security baseline is holding steady."
    }
}