{
    "timestamp_utc": "2025-08-08T07:53:45.095554+00:00",
    "market_vector": {
        "price_usd": 116900.0
    },
    "mining_vector": {
        "difficulty_change_percent": 1.635957054492665,
        "next_retarget_blocks": 74
    },
    "monetary_vector": {
        "circulating_supply": 19903568.75,
        "current_block_reward": 3.125,
        "blocks_until_next_halving": 140858
    },
    "speculative_vector": {
        "open_interest": 0,
        "funding_rate": 0,
        "error": true
    },
    "trend_vector": {
        "rsi_14d": 54.462058069432594,
        "historical_prices": [
            117319.1,
            117461.0,
            119977.5,
            118735.3,
            118386.9,
            117628.1,
            117937.5,
            119455.0,
            117979.7,
            117923.0,
            117820.7,
            115762.3,
            113290.2,
            112525.2,
            114224.1,
            115092.1,
            114115.0,
            115010.0,
            117498.1,
            116900.1
        ],
        "price_change_percent": -0.03565876359009104
    },
    "singularity_score": 52,
    "narrative_vector": {
        "primary": "ECHO DETECTED: Current structure mirrors the 'Pre-Halving Lull.' A period of consolidation may precede a supply shock.",
        "market": "High-conviction pattern match. Standard market analysis suspended.",
        "network": "On-chain fundamentals are secondary to the recognized historical echo."
    }
}