{
    "timestamp_utc": "2025-09-23T04:59:32.568540+00:00",
    "market_vector": {
        "price_usd": 112499.9
    },
    "mining_vector": {
        "difficulty_change_percent": 9.497054619974122,
        "next_retarget_blocks": 1293
    },
    "monetary_vector": {
        "circulating_supply": 19924959.375,
        "current_block_reward": 3.125,
        "blocks_until_next_halving": 134013
    },
    "speculative_vector": {
        "open_interest": 0,
        "funding_rate": 0,
        "error": true
    },
    "trend_vector": {
        "rsi_14d": 43.56459029386014,
        "historical_prices": [
            110744.3,
            110647.8,
            110254.9,
            111152.8,
            112050.1,
            111541.0,
            113952.8,
            115500.0,
            116111.7,
            115949.1,
            115390.6,
            115374.9,
            116764.2,
            116469.0,
            117135.7,
            115677.2,
            115739.1,
            115298.9,
            112747.8,
            112491.1
        ],
        "price_change_percent": 0.12879807452665296
    },
    "singularity_score": 52,
    "narrative_vector": {
        "primary": "The objective remains unchanged. Awaiting a new catalyst.",
        "market": "Momentum is neutral (RSI: 43.6). The derivatives market is balanced.",
        "network": "The 9.50% difficulty adjustment indicates the security baseline is currently hardening."
    }
}