{
    "timestamp_utc": "2025-08-28T03:30:42.098612+00:00",
    "market_vector": {
        "price_usd": 111900.0
    },
    "mining_vector": {
        "difficulty_change_percent": 5.09401244730503,
        "next_retarget_blocks": 1218
    },
    "monetary_vector": {
        "circulating_supply": 19912593.75,
        "current_block_reward": 3.125,
        "blocks_until_next_halving": 137970
    },
    "speculative_vector": {
        "open_interest": 0,
        "funding_rate": 0,
        "error": true
    },
    "trend_vector": {
        "rsi_14d": 43.19522239740338,
        "historical_prices": [
            116467.4,
            119288.4,
            118724.5,
            120172.0,
            123354.3,
            118383.1,
            117426.7,
            117487.5,
            117441.3,
            116260.0,
            112830.3,
            114262.7,
            112462.5,
            116817.9,
            115344.1,
            113456.1,
            110144.9,
            111829.3,
            111268.6,
            111900.0
        ],
        "price_change_percent": 0.3024311014623128
    },
    "singularity_score": 50,
    "narrative_vector": {
        "primary": "The objective remains unchanged. Awaiting a new catalyst.",
        "market": "Momentum is neutral (RSI: 43.2). The derivatives market is balanced.",
        "network": "The 5.09% difficulty adjustment indicates the security baseline is currently hardening."
    }
}