{
    "timestamp_utc": "2025-08-05T15:50:41.731837+00:00",
    "market_vector": {
        "price_usd": 112770.7
    },
    "mining_vector": {
        "difficulty_change_percent": 1.0200206884812157,
        "next_retarget_blocks": 474
    },
    "monetary_vector": {
        "circulating_supply": 19902318.75,
        "current_block_reward": 3.125,
        "blocks_until_next_halving": 141258
    },
    "speculative_vector": {
        "open_interest": 0,
        "funding_rate": 0,
        "error": true
    },
    "trend_vector": {
        "rsi_14d": 42.44510701105513,
        "historical_prices": [
            119321.0,
            118011.9,
            117909.1,
            117319.1,
            117461.0,
            119977.5,
            118735.3,
            118386.9,
            117628.1,
            117937.5,
            119455.0,
            117979.7,
            117923.0,
            117820.7,
            115762.3,
            113290.2,
            112525.2,
            114224.1,
            115092.1,
            112770.7
        ],
        "price_change_percent": -0.11461460175855355
    },
    "singularity_score": 47,
    "narrative_vector": {
        "primary": "The objective remains unchanged. Awaiting a new catalyst.",
        "market": "Momentum is neutral (RSI: 42.4). The derivatives market is balanced.",
        "network": "The 1.02% difficulty adjustment indicates the security baseline is currently hardening."
    }
}