{
    "timestamp_utc": "2025-10-12T19:55:55.996443+00:00",
    "market_vector": {
        "price_usd": 114392.6
    },
    "mining_vector": {
        "difficulty_change_percent": -6.052895755333454,
        "next_retarget_blocks": 529
    },
    "monetary_vector": {
        "circulating_supply": 19933646.875,
        "current_block_reward": 3.125,
        "blocks_until_next_halving": 131233
    },
    "speculative_vector": {
        "open_interest": 0,
        "funding_rate": 0,
        "error": true
    },
    "trend_vector": {
        "rsi_14d": 46.055430320879246,
        "historical_prices": [
            112001.5,
            113300.0,
            109049.8,
            109706.3,
            109720.5,
            112127.8,
            114365.2,
            113995.0,
            118599.9,
            120649.9,
            122259.5,
            122426.4,
            123542.1,
            124766.5,
            121419.8,
            123329.7,
            121699.0,
            113000.1,
            110775.1,
            114392.6
        ],
        "price_change_percent": 0.15751313120170413
    },
    "singularity_score": 45,
    "narrative_vector": {
        "primary": "ECHO DETECTED: Current structure mirrors the 'Pre-Halving Lull.' A period of consolidation may precede a supply shock.",
        "market": "High-conviction pattern match. Standard market analysis suspended.",
        "network": "On-chain fundamentals are secondary to the recognized historical echo."
    }
}