{
    "timestamp_utc": "2025-09-22T11:30:16.227321+00:00",
    "market_vector": {
        "price_usd": 112890.3
    },
    "mining_vector": {
        "difficulty_change_percent": 10.016868054660888,
        "next_retarget_blocks": 1405
    },
    "monetary_vector": {
        "circulating_supply": 19924609.375,
        "current_block_reward": 3.125,
        "blocks_until_next_halving": 134125
    },
    "speculative_vector": {
        "open_interest": 0,
        "funding_rate": 0,
        "error": true
    },
    "trend_vector": {
        "rsi_14d": 44.81458503722057,
        "historical_prices": [
            111771.1,
            110744.3,
            110647.8,
            110254.9,
            111152.8,
            112050.1,
            111541.0,
            113952.8,
            115500.0,
            116111.7,
            115949.1,
            115390.6,
            115374.9,
            116764.2,
            116469.0,
            117135.7,
            115677.2,
            115739.1,
            115298.9,
            112890.3
        ],
        "price_change_percent": -0.07187653523233478
    },
    "singularity_score": 52,
    "narrative_vector": {
        "primary": "The objective remains unchanged. Awaiting a new catalyst.",
        "market": "Momentum is neutral (RSI: 44.8). The derivatives market is balanced.",
        "network": "The 10.02% difficulty adjustment indicates the security baseline is currently hardening."
    }
}