{
    "timestamp_utc": "2025-09-03T20:27:51.011960+00:00",
    "market_vector": {
        "price_usd": 112170.4
    },
    "mining_vector": {
        "difficulty_change_percent": 5.504870644037441,
        "next_retarget_blocks": 196
    },
    "monetary_vector": {
        "circulating_supply": 19915787.5,
        "current_block_reward": 3.125,
        "blocks_until_next_halving": 136948
    },
    "speculative_vector": {
        "open_interest": 0,
        "funding_rate": 0,
        "error": true
    },
    "trend_vector": {
        "rsi_14d": 47.859830527597566,
        "historical_prices": [
            117426.7,
            117487.5,
            117441.3,
            116260.0,
            112830.3,
            114262.7,
            112462.5,
            116817.9,
            115344.1,
            113456.1,
            110144.9,
            111829.3,
            111268.6,
            112563.7,
            108400.1,
            108750.0,
            108250.0,
            109263.5,
            111196.9,
            112170.4
        ],
        "price_change_percent": -0.055064411104837035
    },
    "singularity_score": 51,
    "narrative_vector": {
        "primary": "ECHO DETECTED: Current structure mirrors the 'Pre-Halving Lull.' A period of consolidation may precede a supply shock.",
        "market": "High-conviction pattern match. Standard market analysis suspended.",
        "network": "On-chain fundamentals are secondary to the recognized historical echo."
    }
}