{
    "timestamp_utc": "2025-09-23T03:07:38.326685+00:00",
    "market_vector": {
        "price_usd": 111728.9
    },
    "mining_vector": {
        "difficulty_change_percent": 9.843618993407844,
        "next_retarget_blocks": 1303
    },
    "monetary_vector": {
        "circulating_supply": 19924928.125,
        "current_block_reward": 3.125,
        "blocks_until_next_halving": 134023
    },
    "speculative_vector": {
        "open_interest": 0,
        "funding_rate": 0,
        "error": true
    },
    "trend_vector": {
        "rsi_14d": 41.30746440620499,
        "historical_prices": [
            110744.3,
            110647.8,
            110254.9,
            111152.8,
            112050.1,
            111541.0,
            113952.8,
            115500.0,
            116111.7,
            115949.1,
            115390.6,
            115374.9,
            116764.2,
            116469.0,
            117135.7,
            115677.2,
            115739.1,
            115298.9,
            112747.8,
            111729.0
        ],
        "price_change_percent": -0.7395956876907291
    },
    "singularity_score": 49,
    "narrative_vector": {
        "primary": "Financial energy is contracting. The market has chosen its short-term direction.",
        "market": "Momentum is neutral (RSI: 41.3). The derivatives market is balanced.",
        "network": "The 9.84% difficulty adjustment indicates the security baseline is currently hardening."
    }
}