{
    "timestamp_utc": "2025-09-10T08:54:25.118518+00:00",
    "market_vector": {
        "price_usd": 112378.2
    },
    "mining_vector": {
        "difficulty_change_percent": 7.279417394398235,
        "next_retarget_blocks": 1223
    },
    "monetary_vector": {
        "circulating_supply": 19918878.125,
        "current_block_reward": 3.125,
        "blocks_until_next_halving": 135959
    },
    "speculative_vector": {
        "open_interest": 0,
        "funding_rate": 0,
        "error": true
    },
    "trend_vector": {
        "rsi_14d": 50.09516759039537,
        "historical_prices": [
            116817.9,
            115344.1,
            113456.1,
            110144.9,
            111829.3,
            111268.6,
            112563.7,
            108400.1,
            108750.0,
            108250.0,
            109263.5,
            111196.9,
            111771.1,
            110744.3,
            110647.8,
            110254.9,
            111152.8,
            112050.1,
            111541.0,
            112378.3
        ],
        "price_change_percent": -0.19990515384081764
    },
    "singularity_score": 53,
    "narrative_vector": {
        "primary": "ECHO DETECTED: Current structure mirrors the 'Pre-Halving Lull.' A period of consolidation may precede a supply shock.",
        "market": "High-conviction pattern match. Standard market analysis suspended.",
        "network": "On-chain fundamentals are secondary to the recognized historical echo."
    }
}