{
    "timestamp_utc": "2025-09-18T10:15:51.307168+00:00",
    "market_vector": {
        "price_usd": 117288.2
    },
    "mining_vector": {
        "difficulty_change_percent": 4.090653943306211,
        "next_retarget_blocks": 39
    },
    "monetary_vector": {
        "circulating_supply": 19922578.125,
        "current_block_reward": 3.125,
        "blocks_until_next_halving": 134775
    },
    "speculative_vector": {
        "open_interest": 0,
        "funding_rate": 0,
        "error": true
    },
    "trend_vector": {
        "rsi_14d": 61.85316708515037,
        "historical_prices": [
            108750.0,
            108250.0,
            109263.5,
            111196.9,
            111771.1,
            110744.3,
            110647.8,
            110254.9,
            111152.8,
            112050.1,
            111541.0,
            113952.8,
            115500.0,
            116111.7,
            115949.1,
            115390.6,
            115374.9,
            116764.2,
            116469.0,
            117288.2
        ],
        "price_change_percent": -0.009974433055780175
    },
    "singularity_score": 56,
    "narrative_vector": {
        "primary": "ECHO DETECTED: Current structure mirrors the 'Pre-Halving Lull.' A period of consolidation may precede a supply shock.",
        "market": "High-conviction pattern match. Standard market analysis suspended.",
        "network": "On-chain fundamentals are secondary to the recognized historical echo."
    }
}