{
    "timestamp_utc": "2025-10-01T04:44:06.798862+00:00",
    "market_vector": {
        "price_usd": 114587.4
    },
    "mining_vector": {
        "difficulty_change_percent": 5.648865636243716,
        "next_retarget_blocks": 103
    },
    "monetary_vector": {
        "circulating_supply": 19928678.125,
        "current_block_reward": 3.125,
        "blocks_until_next_halving": 132823
    },
    "speculative_vector": {
        "open_interest": 0,
        "funding_rate": 0,
        "error": true
    },
    "trend_vector": {
        "rsi_14d": 54.04726762317665,
        "historical_prices": [
            116111.7,
            115949.1,
            115390.6,
            115374.9,
            116764.2,
            116469.0,
            117135.7,
            115677.2,
            115739.1,
            115298.9,
            112747.8,
            112001.5,
            113300.0,
            109049.8,
            109706.3,
            109720.5,
            112127.8,
            114365.2,
            113995.0,
            114587.4
        ],
        "price_change_percent": 0.09206687514193862
    },
    "singularity_score": 54,
    "narrative_vector": {
        "primary": "ECHO DETECTED: Current structure mirrors the 'Pre-Halving Lull.' A period of consolidation may precede a supply shock.",
        "market": "High-conviction pattern match. Standard market analysis suspended.",
        "network": "On-chain fundamentals are secondary to the recognized historical echo."
    }
}