{
    "timestamp_utc": "2025-08-31T12:00:12.907741+00:00",
    "market_vector": {
        "price_usd": 108400.1
    },
    "mining_vector": {
        "difficulty_change_percent": 5.934447195659676,
        "next_retarget_blocks": 700
    },
    "monetary_vector": {
        "circulating_supply": 19914212.5,
        "current_block_reward": 3.125,
        "blocks_until_next_halving": 137452
    },
    "speculative_vector": {
        "open_interest": 0,
        "funding_rate": 0,
        "error": true
    },
    "trend_vector": {
        "rsi_14d": 37.96931447092461,
        "historical_prices": [
            120172.0,
            123354.3,
            118383.1,
            117426.7,
            117487.5,
            117441.3,
            116260.0,
            112830.3,
            114262.7,
            112462.5,
            116817.9,
            115344.1,
            113456.1,
            110144.9,
            111829.3,
            111268.6,
            112563.7,
            108400.1,
            108750.0,
            108400.1
        ],
        "price_change_percent": -0.018354547131520182
    },
    "singularity_score": 48,
    "narrative_vector": {
        "primary": "The objective remains unchanged. Awaiting a new catalyst.",
        "market": "Momentum is neutral (RSI: 38.0). The derivatives market is balanced.",
        "network": "The 5.93% difficulty adjustment indicates the security baseline is currently hardening."
    }
}