{
    "timestamp_utc": "2025-09-30T05:32:06.837818+00:00",
    "market_vector": {
        "price_usd": 114000.1
    },
    "mining_vector": {
        "difficulty_change_percent": 4.994932619282744,
        "next_retarget_blocks": 261
    },
    "monetary_vector": {
        "circulating_supply": 19928184.375,
        "current_block_reward": 3.125,
        "blocks_until_next_halving": 132981
    },
    "speculative_vector": {
        "open_interest": 0,
        "funding_rate": 0,
        "error": true
    },
    "trend_vector": {
        "rsi_14d": 52.37584407092675,
        "historical_prices": [
            115500.0,
            116111.7,
            115949.1,
            115390.6,
            115374.9,
            116764.2,
            116469.0,
            117135.7,
            115677.2,
            115739.1,
            115298.9,
            112747.8,
            112001.5,
            113300.0,
            109049.8,
            109706.3,
            109720.5,
            112127.8,
            114365.2,
            114000.0
        ],
        "price_change_percent": -0.17618028532099234
    },
    "singularity_score": 52,
    "narrative_vector": {
        "primary": "ECHO DETECTED: Current structure mirrors the 'Pre-Halving Lull.' A period of consolidation may precede a supply shock.",
        "market": "High-conviction pattern match. Standard market analysis suspended.",
        "network": "On-chain fundamentals are secondary to the recognized historical echo."
    }
}