{
    "timestamp_utc": "2025-07-18T07:20:18.721840+00:00",
    "market_vector": {
        "price_usd": 120000.1
    },
    "mining_vector": {
        "difficulty_change_percent": -1.1108921995059307,
        "next_retarget_blocks": 1147
    },
    "monetary_vector": {
        "circulating_supply": 19893915.625,
        "current_block_reward": 3.125,
        "blocks_until_next_halving": 143947
    },
    "speculative_vector": {
        "open_interest": 0,
        "funding_rate": 0,
        "error": true
    },
    "trend_vector": {
        "rsi_14d": 71.6482924561201,
        "historical_prices": [
            108387.2,
            107120.3,
            105700.1,
            108846.9,
            109631.0,
            108018.9,
            108249.5,
            109223.2,
            108282.1,
            108931.9,
            111323.7,
            115990.2,
            117532.6,
            117461.0,
            119102.1,
            119855.0,
            117741.0,
            118712.6,
            119321.0,
            120000.1
        ],
        "price_change_percent": -0.08575965149942008
    },
    "singularity_score": 57,
    "narrative_vector": {
        "primary": "Market sentiment is overheated (RSI: 72). A correction is probable.",
        "market": "Momentum is neutral (RSI: 71.6). The derivatives market is balanced.",
        "network": "The -1.11% difficulty adjustment indicates the security baseline is holding steady."
    }
}