{
    "timestamp_utc": "2025-09-05T15:57:24.653869+00:00",
    "market_vector": {
        "price_usd": 110837.1
    },
    "mining_vector": {
        "difficulty_change_percent": -3.2880705816567546,
        "next_retarget_blocks": 1953
    },
    "monetary_vector": {
        "circulating_supply": 19916596.875,
        "current_block_reward": 3.125,
        "blocks_until_next_halving": 136689
    },
    "speculative_vector": {
        "open_interest": 0,
        "funding_rate": 0,
        "error": true
    },
    "trend_vector": {
        "rsi_14d": 44.92300275452115,
        "historical_prices": [
            117441.3,
            116260.0,
            112830.3,
            114262.7,
            112462.5,
            116817.9,
            115344.1,
            113456.1,
            110144.9,
            111829.3,
            111268.6,
            112563.7,
            108400.1,
            108750.0,
            108250.0,
            109263.5,
            111196.9,
            111771.1,
            110744.3,
            110837.1
        ],
        "price_change_percent": -0.10562907431257472
    },
    "singularity_score": 46,
    "narrative_vector": {
        "primary": "The objective remains unchanged. Awaiting a new catalyst.",
        "market": "Momentum is neutral (RSI: 44.9). The derivatives market is balanced.",
        "network": "The -3.29% difficulty adjustment indicates the security baseline is holding steady."
    }
}