{
    "timestamp_utc": "2025-07-18T23:20:00.961186+00:00",
    "market_vector": {
        "price_usd": 117894.2
    },
    "mining_vector": {
        "difficulty_change_percent": -1.306012851740379,
        "next_retarget_blocks": 1054
    },
    "monetary_vector": {
        "circulating_supply": 19894206.25,
        "current_block_reward": 3.125,
        "blocks_until_next_halving": 143854
    },
    "speculative_vector": {
        "open_interest": 0,
        "funding_rate": 0,
        "error": true
    },
    "trend_vector": {
        "rsi_14d": 65.14408808667045,
        "historical_prices": [
            108387.2,
            107120.3,
            105700.1,
            108846.9,
            109631.0,
            108018.9,
            108249.5,
            109223.2,
            108282.1,
            108931.9,
            111323.7,
            115990.2,
            117532.6,
            117461.0,
            119102.1,
            119855.0,
            117741.0,
            118712.6,
            119321.0,
            117894.2
        ],
        "price_change_percent": 0.22792560494651382
    },
    "singularity_score": 56,
    "narrative_vector": {
        "primary": "The objective remains unchanged. Awaiting a new catalyst.",
        "market": "Momentum is neutral (RSI: 65.1). The derivatives market is balanced.",
        "network": "The -1.31% difficulty adjustment indicates the security baseline is holding steady."
    }
}