{
    "timestamp_utc": "2025-08-26T18:43:36.950093+00:00",
    "market_vector": {
        "price_usd": 110897.4
    },
    "mining_vector": {
        "difficulty_change_percent": 3.981829796295,
        "next_retarget_blocks": 1431
    },
    "monetary_vector": {
        "circulating_supply": 19911928.125,
        "current_block_reward": 3.125,
        "blocks_until_next_halving": 138183
    },
    "speculative_vector": {
        "open_interest": 0,
        "funding_rate": 0,
        "error": true
    },
    "trend_vector": {
        "rsi_14d": 40.22841120364063,
        "historical_prices": [
            117498.1,
            116676.0,
            116467.4,
            119288.4,
            118724.5,
            120172.0,
            123354.3,
            118383.1,
            117426.7,
            117487.5,
            117441.3,
            116260.0,
            112830.3,
            114262.7,
            112462.5,
            116817.9,
            115344.1,
            113456.1,
            110144.9,
            110827.8
        ],
        "price_change_percent": 0.6495169490140066
    },
    "singularity_score": 50,
    "narrative_vector": {
        "primary": "Financial energy is expanding. The market has chosen its short-term direction.",
        "market": "Momentum is neutral (RSI: 40.2). The derivatives market is balanced.",
        "network": "The 3.98% difficulty adjustment indicates the security baseline is currently hardening."
    }
}