{
    "timestamp_utc": "2025-07-18T15:10:12.021365+00:00",
    "market_vector": {
        "price_usd": 118050.1
    },
    "mining_vector": {
        "difficulty_change_percent": -1.161034140446282,
        "next_retarget_blocks": 1101
    },
    "monetary_vector": {
        "circulating_supply": 19894059.375,
        "current_block_reward": 3.125,
        "blocks_until_next_halving": 143901
    },
    "speculative_vector": {
        "open_interest": 0,
        "funding_rate": 0,
        "error": true
    },
    "trend_vector": {
        "rsi_14d": 65.69242272805931,
        "historical_prices": [
            108387.2,
            107120.3,
            105700.1,
            108846.9,
            109631.0,
            108018.9,
            108249.5,
            109223.2,
            108282.1,
            108931.9,
            111323.7,
            115990.2,
            117532.6,
            117461.0,
            119102.1,
            119855.0,
            117741.0,
            118712.6,
            119321.0,
            118050.1
        ],
        "price_change_percent": -0.11617143621061837
    },
    "singularity_score": 55,
    "narrative_vector": {
        "primary": "The objective remains unchanged. Awaiting a new catalyst.",
        "market": "Momentum is neutral (RSI: 65.7). The derivatives market is balanced.",
        "network": "The -1.16% difficulty adjustment indicates the security baseline is holding steady."
    }
}