{
    "timestamp_utc": "2025-07-17T00:50:12.596896+00:00",
    "market_vector": {
        "price_usd": 119175.8
    },
    "mining_vector": {
        "difficulty_change_percent": -0.683399632107573,
        "next_retarget_blocks": 1325
    },
    "monetary_vector": {
        "circulating_supply": 19893359.375,
        "current_block_reward": 3.125,
        "blocks_until_next_halving": 144125
    },
    "speculative_vector": {
        "open_interest": 0,
        "funding_rate": 0,
        "error": true
    },
    "trend_vector": {
        "rsi_14d": 70.19088211924729,
        "historical_prices": [
            107325.1,
            108387.2,
            107120.3,
            105700.1,
            108846.9,
            109631.0,
            108018.9,
            108249.5,
            109223.2,
            108282.1,
            108931.9,
            111323.7,
            115990.2,
            117532.6,
            117461.0,
            119102.1,
            119855.0,
            117741.0,
            118712.6,
            119108.3
        ],
        "price_change_percent": -0.06695299279039008
    },
    "singularity_score": 57,
    "narrative_vector": {
        "primary": "Market sentiment is overheated (RSI: 70). A correction is probable.",
        "market": "Momentum is neutral (RSI: 70.2). The derivatives market is balanced.",
        "network": "The -0.68% difficulty adjustment indicates the security baseline is holding steady."
    }
}