{
    "timestamp_utc": "2025-07-16T04:58:52.653500+00:00",
    "market_vector": {
        "price_usd": 117628.3
    },
    "mining_vector": {
        "difficulty_change_percent": 2.487751674947636,
        "next_retarget_blocks": 1425
    },
    "monetary_vector": {
        "circulating_supply": 19893046.875,
        "current_block_reward": 3.125,
        "blocks_until_next_halving": 144225
    },
    "speculative_vector": {
        "open_interest": 0,
        "funding_rate": 0,
        "error": true
    },
    "trend_vector": {
        "rsi_14d": 67.44254568359437,
        "historical_prices": [
            107115.4,
            107325.1,
            108387.2,
            107120.3,
            105700.1,
            108846.9,
            109631.0,
            108018.9,
            108249.5,
            109223.2,
            108282.1,
            108931.9,
            111323.7,
            115990.2,
            117532.6,
            117461.0,
            119102.1,
            119855.0,
            117741.0,
            117609.8
        ],
        "price_change_percent": 0.02857721205482557
    },
    "singularity_score": 58,
    "narrative_vector": {
        "primary": "The objective remains unchanged. Awaiting a new catalyst.",
        "market": "Momentum is neutral (RSI: 67.4). The derivatives market is balanced.",
        "network": "The 2.49% difficulty adjustment indicates the security baseline is currently hardening."
    }
}