{
    "timestamp_utc": "2025-10-24T15:58:24.723381+00:00",
    "market_vector": {
        "price_usd": 110044.4
    },
    "mining_vector": {
        "difficulty_change_percent": 5.922612372498648,
        "next_retarget_blocks": 734
    },
    "monetary_vector": {
        "circulating_supply": 19939306.25,
        "current_block_reward": 3.125,
        "blocks_until_next_halving": 129422
    },
    "speculative_vector": {
        "open_interest": 0,
        "funding_rate": 0,
        "error": true
    },
    "trend_vector": {
        "rsi_14d": 44.82771712130487,
        "historical_prices": [
            123542.1,
            124766.5,
            121419.8,
            123329.7,
            121699.0,
            113000.1,
            110775.1,
            115125.3,
            115165.5,
            113106.2,
            110781.9,
            108182.3,
            106451.0,
            107199.0,
            108669.8,
            110574.4,
            108406.1,
            107644.1,
            110080.0,
            110010.0
        ],
        "price_change_percent": 0.018092537419271533
    },
    "singularity_score": 50,
    "narrative_vector": {
        "primary": "The objective remains unchanged. Awaiting a new catalyst.",
        "market": "Momentum is neutral (RSI: 44.8). The derivatives market is balanced.",
        "network": "The 5.92% difficulty adjustment indicates the security baseline is currently hardening."
    }
}