{
    "timestamp_utc": "2025-09-22T06:29:10.800744+00:00",
    "market_vector": {
        "price_usd": 112835.2
    },
    "mining_vector": {
        "difficulty_change_percent": 9.470670032720818,
        "next_retarget_blocks": 1441
    },
    "monetary_vector": {
        "circulating_supply": 19924496.875,
        "current_block_reward": 3.125,
        "blocks_until_next_halving": 134161
    },
    "speculative_vector": {
        "open_interest": 0,
        "funding_rate": 0,
        "error": true
    },
    "trend_vector": {
        "rsi_14d": 44.5883001920239,
        "historical_prices": [
            111771.1,
            110744.3,
            110647.8,
            110254.9,
            111152.8,
            112050.1,
            111541.0,
            113952.8,
            115500.0,
            116111.7,
            115949.1,
            115390.6,
            115374.9,
            116764.2,
            116469.0,
            117135.7,
            115677.2,
            115739.1,
            115298.9,
            112816.2
        ],
        "price_change_percent": -1.3732329722783208
    },
    "singularity_score": 48,
    "narrative_vector": {
        "primary": "Financial energy is contracting. The market has chosen its short-term direction.",
        "market": "Momentum is neutral (RSI: 44.6). The derivatives market is balanced.",
        "network": "The 9.47% difficulty adjustment indicates the security baseline is currently hardening."
    }
}