{
    "timestamp_utc": "2025-09-02T11:40:56.524149+00:00",
    "market_vector": {
        "price_usd": 109932.2
    },
    "mining_vector": {
        "difficulty_change_percent": 7.042787689752461,
        "next_retarget_blocks": 380
    },
    "monetary_vector": {
        "circulating_supply": 19915212.5,
        "current_block_reward": 3.125,
        "blocks_until_next_halving": 137132
    },
    "speculative_vector": {
        "open_interest": 0,
        "funding_rate": 0,
        "error": true
    },
    "trend_vector": {
        "rsi_14d": 42.32583266659464,
        "historical_prices": [
            118383.1,
            117426.7,
            117487.5,
            117441.3,
            116260.0,
            112830.3,
            114262.7,
            112462.5,
            116817.9,
            115344.1,
            113456.1,
            110144.9,
            111829.3,
            111268.6,
            112563.7,
            108400.1,
            108750.0,
            108250.0,
            109263.5,
            109932.2
        ],
        "price_change_percent": -0.032645830927340504
    },
    "singularity_score": 50,
    "narrative_vector": {
        "primary": "The objective remains unchanged. Awaiting a new catalyst.",
        "market": "Momentum is neutral (RSI: 42.3). The derivatives market is balanced.",
        "network": "The 7.04% difficulty adjustment indicates the security baseline is currently hardening."
    }
}