{
    "timestamp_utc": "2025-07-17T22:15:25.927395+00:00",
    "market_vector": {
        "price_usd": 120523.3
    },
    "mining_vector": {
        "difficulty_change_percent": -1.3668088406359025,
        "next_retarget_blocks": 1203
    },
    "monetary_vector": {
        "circulating_supply": 19893740.625,
        "current_block_reward": 3.125,
        "blocks_until_next_halving": 144003
    },
    "speculative_vector": {
        "open_interest": 0,
        "funding_rate": 0,
        "error": true
    },
    "trend_vector": {
        "rsi_14d": 72.27569590003955,
        "historical_prices": [
            107325.1,
            108387.2,
            107120.3,
            105700.1,
            108846.9,
            109631.0,
            108018.9,
            108249.5,
            109223.2,
            108282.1,
            108931.9,
            111323.7,
            115990.2,
            117532.6,
            117461.0,
            119102.1,
            119855.0,
            117741.0,
            118712.6,
            120489.3
        ],
        "price_change_percent": 0.1790079318888562
    },
    "singularity_score": 58,
    "narrative_vector": {
        "primary": "Market sentiment is overheated (RSI: 72). A correction is probable.",
        "market": "Momentum is neutral (RSI: 72.3). The derivatives market is balanced.",
        "network": "The -1.37% difficulty adjustment indicates the security baseline is holding steady."
    }
}