{
    "timestamp_utc": "2025-10-11T16:28:05.934816+00:00",
    "market_vector": {
        "price_usd": 112070.1
    },
    "mining_vector": {
        "difficulty_change_percent": -7.546059608832456,
        "next_retarget_blocks": 705
    },
    "monetary_vector": {
        "circulating_supply": 19933096.875,
        "current_block_reward": 3.125,
        "blocks_until_next_halving": 131409
    },
    "speculative_vector": {
        "open_interest": 0,
        "funding_rate": 0,
        "error": true
    },
    "trend_vector": {
        "rsi_14d": 40.664605282910784,
        "historical_prices": [
            112747.8,
            112001.5,
            113300.0,
            109049.8,
            109706.3,
            109720.5,
            112127.8,
            114365.2,
            113995.0,
            118599.9,
            120649.9,
            122259.5,
            122426.4,
            123542.1,
            124766.5,
            121419.8,
            123329.7,
            121699.0,
            113000.1,
            112070.1
        ],
        "price_change_percent": 0.06437614957410473
    },
    "singularity_score": 42,
    "narrative_vector": {
        "primary": "The objective remains unchanged. Awaiting a new catalyst.",
        "market": "Momentum is neutral (RSI: 40.7). The derivatives market is balanced.",
        "network": "The -7.55% difficulty adjustment indicates the security baseline is holding steady."
    }
}