{
    "timestamp_utc": "2025-09-07T06:33:27.988398+00:00",
    "market_vector": {
        "price_usd": 110587.6
    },
    "mining_vector": {
        "difficulty_change_percent": -3.7099124413263684,
        "next_retarget_blocks": 1722
    },
    "monetary_vector": {
        "circulating_supply": 19917318.75,
        "current_block_reward": 3.125,
        "blocks_until_next_halving": 136458
    },
    "speculative_vector": {
        "open_interest": 0,
        "funding_rate": 0,
        "error": true
    },
    "trend_vector": {
        "rsi_14d": 44.57698716907138,
        "historical_prices": [
            112830.3,
            114262.7,
            112462.5,
            116817.9,
            115344.1,
            113456.1,
            110144.9,
            111829.3,
            111268.6,
            112563.7,
            108400.1,
            108750.0,
            108250.0,
            109263.5,
            111196.9,
            111771.1,
            110744.3,
            110647.8,
            110254.9,
            110587.6
        ],
        "price_change_percent": -0.09657209707798868
    },
    "singularity_score": 45,
    "narrative_vector": {
        "primary": "The objective remains unchanged. Awaiting a new catalyst.",
        "market": "Momentum is neutral (RSI: 44.6). The derivatives market is balanced.",
        "network": "The -3.71% difficulty adjustment indicates the security baseline is holding steady."
    }
}