{
    "timestamp_utc": "2025-08-25T22:32:11.044691+00:00",
    "market_vector": {
        "price_usd": 110434.3
    },
    "mining_vector": {
        "difficulty_change_percent": 5.421856829934346,
        "next_retarget_blocks": 1553
    },
    "monetary_vector": {
        "circulating_supply": 19911546.875,
        "current_block_reward": 3.125,
        "blocks_until_next_halving": 138305
    },
    "speculative_vector": {
        "open_interest": 0,
        "funding_rate": 0,
        "error": true
    },
    "trend_vector": {
        "rsi_14d": 38.951562067607675,
        "historical_prices": [
            115010.0,
            117498.1,
            116676.0,
            116467.4,
            119288.4,
            118724.5,
            120172.0,
            123354.3,
            118383.1,
            117426.7,
            117487.5,
            117441.3,
            116260.0,
            112830.3,
            114262.7,
            112462.5,
            116817.9,
            115344.1,
            113456.1,
            110436.0
        ],
        "price_change_percent": 0.4190948678382599
    },
    "singularity_score": 49,
    "narrative_vector": {
        "primary": "The objective remains unchanged. Awaiting a new catalyst.",
        "market": "Momentum is neutral (RSI: 39.0). The derivatives market is balanced.",
        "network": "The 5.42% difficulty adjustment indicates the security baseline is currently hardening."
    }
}