{
    "timestamp_utc": "2025-09-07T03:53:10.631453+00:00",
    "market_vector": {
        "price_usd": 110636.8
    },
    "mining_vector": {
        "difficulty_change_percent": -3.8740601505018124,
        "next_retarget_blocks": 1739
    },
    "monetary_vector": {
        "circulating_supply": 19917265.625,
        "current_block_reward": 3.125,
        "blocks_until_next_halving": 136475
    },
    "speculative_vector": {
        "open_interest": 0,
        "funding_rate": 0,
        "error": true
    },
    "trend_vector": {
        "rsi_14d": 44.728498800868735,
        "historical_prices": [
            112830.3,
            114262.7,
            112462.5,
            116817.9,
            115344.1,
            113456.1,
            110144.9,
            111829.3,
            111268.6,
            112563.7,
            108400.1,
            108750.0,
            108250.0,
            109263.5,
            111196.9,
            111771.1,
            110744.3,
            110647.8,
            110254.9,
            110636.8
        ],
        "price_change_percent": -0.04580463015245361
    },
    "singularity_score": 45,
    "narrative_vector": {
        "primary": "The objective remains unchanged. Awaiting a new catalyst.",
        "market": "Momentum is neutral (RSI: 44.7). The derivatives market is balanced.",
        "network": "The -3.87% difficulty adjustment indicates the security baseline is holding steady."
    }
}