{
    "timestamp_utc": "2025-07-23T22:11:13.808690+00:00",
    "market_vector": {
        "price_usd": 118275.1
    },
    "mining_vector": {
        "difficulty_change_percent": 0.12651507226753012,
        "next_retarget_blocks": 326
    },
    "monetary_vector": {
        "circulating_supply": 19896481.25,
        "current_block_reward": 3.125,
        "blocks_until_next_halving": 143126
    },
    "speculative_vector": {
        "open_interest": 0,
        "funding_rate": 0,
        "error": true
    },
    "trend_vector": {
        "rsi_14d": 61.96853843685871,
        "historical_prices": [
            108018.9,
            108249.5,
            109223.2,
            108282.1,
            108931.9,
            111323.7,
            115990.2,
            117532.6,
            117461.0,
            119102.1,
            119855.0,
            117741.0,
            118712.6,
            119321.0,
            118011.9,
            117909.1,
            117319.1,
            117461.0,
            119977.5,
            118275.1
        ],
        "price_change_percent": 0.1330025906297142
    },
    "singularity_score": 55,
    "narrative_vector": {
        "primary": "ECHO DETECTED: Current structure mirrors the 'Pre-Halving Lull.' A period of consolidation may precede a supply shock.",
        "market": "High-conviction pattern match. Standard market analysis suspended.",
        "network": "On-chain fundamentals are secondary to the recognized historical echo."
    }
}