{
    "timestamp_utc": "2025-08-25T18:57:43.583811+00:00",
    "market_vector": {
        "price_usd": 112419.8
    },
    "mining_vector": {
        "difficulty_change_percent": 4.140873325830441,
        "next_retarget_blocks": 1579
    },
    "monetary_vector": {
        "circulating_supply": 19911465.625,
        "current_block_reward": 3.125,
        "blocks_until_next_halving": 138331
    },
    "speculative_vector": {
        "open_interest": 0,
        "funding_rate": 0,
        "error": true
    },
    "trend_vector": {
        "rsi_14d": 42.27200443026799,
        "historical_prices": [
            115010.0,
            117498.1,
            116676.0,
            116467.4,
            119288.4,
            118724.5,
            120172.0,
            123354.3,
            118383.1,
            117426.7,
            117487.5,
            117441.3,
            116260.0,
            112830.3,
            114262.7,
            112462.5,
            116817.9,
            115344.1,
            113456.1,
            112419.8
        ],
        "price_change_percent": 0.13342834238888654
    },
    "singularity_score": 49,
    "narrative_vector": {
        "primary": "The objective remains unchanged. Awaiting a new catalyst.",
        "market": "Momentum is neutral (RSI: 42.3). The derivatives market is balanced.",
        "network": "The 4.14% difficulty adjustment indicates the security baseline is currently hardening."
    }
}