{
    "timestamp_utc": "2025-09-26T19:13:23.226739+00:00",
    "market_vector": {
        "price_usd": 109543.7
    },
    "mining_vector": {
        "difficulty_change_percent": 5.210463350274486,
        "next_retarget_blocks": 777
    },
    "monetary_vector": {
        "circulating_supply": 19926571.875,
        "current_block_reward": 3.125,
        "blocks_until_next_halving": 133497
    },
    "speculative_vector": {
        "open_interest": 0,
        "funding_rate": 0,
        "error": true
    },
    "trend_vector": {
        "rsi_14d": 37.92228558369994,
        "historical_prices": [
            111152.8,
            112050.1,
            111541.0,
            113952.8,
            115500.0,
            116111.7,
            115949.1,
            115390.6,
            115374.9,
            116764.2,
            116469.0,
            117135.7,
            115677.2,
            115739.1,
            115298.9,
            112747.8,
            112001.5,
            113300.0,
            109049.8,
            109565.6
        ],
        "price_change_percent": -0.28803599494367144
    },
    "singularity_score": 46,
    "narrative_vector": {
        "primary": "The objective remains unchanged. Awaiting a new catalyst.",
        "market": "Momentum is neutral (RSI: 37.9). The derivatives market is balanced.",
        "network": "The 5.21% difficulty adjustment indicates the security baseline is currently hardening."
    }
}