{
    "timestamp_utc": "2025-10-19T09:30:38.660293+00:00",
    "market_vector": {
        "price_usd": 106211.9
    },
    "mining_vector": {
        "difficulty_change_percent": 9.540404859831497,
        "next_retarget_blocks": 1518
    },
    "monetary_vector": {
        "circulating_supply": 19936856.25,
        "current_block_reward": 3.125,
        "blocks_until_next_halving": 130206
    },
    "speculative_vector": {
        "open_interest": 0,
        "funding_rate": 0,
        "error": true
    },
    "trend_vector": {
        "rsi_14d": 35.2023051639074,
        "historical_prices": [
            113995.0,
            118599.9,
            120649.9,
            122259.5,
            122426.4,
            123542.1,
            124766.5,
            121419.8,
            123329.7,
            121699.0,
            113000.1,
            110775.1,
            115125.3,
            115165.5,
            113106.2,
            110781.9,
            108182.3,
            106451.0,
            107199.0,
            106151.5
        ],
        "price_change_percent": -0.23327133441165443
    },
    "singularity_score": 48,
    "narrative_vector": {
        "primary": "The objective remains unchanged. Awaiting a new catalyst.",
        "market": "Momentum is neutral (RSI: 35.2). The derivatives market is balanced.",
        "network": "The 9.54% difficulty adjustment indicates the security baseline is currently hardening."
    }
}