{
    "timestamp_utc": "2025-09-24T04:38:47.275089+00:00",
    "market_vector": {
        "price_usd": 112274.9
    },
    "mining_vector": {
        "difficulty_change_percent": 7.7036096273330745,
        "next_retarget_blocks": 1152
    },
    "monetary_vector": {
        "circulating_supply": 19925400.0,
        "current_block_reward": 3.125,
        "blocks_until_next_halving": 133872
    },
    "speculative_vector": {
        "open_interest": 0,
        "funding_rate": 0,
        "error": true
    },
    "trend_vector": {
        "rsi_14d": 42.97787174069518,
        "historical_prices": [
            110647.8,
            110254.9,
            111152.8,
            112050.1,
            111541.0,
            113952.8,
            115500.0,
            116111.7,
            115949.1,
            115390.6,
            115374.9,
            116764.2,
            116469.0,
            117135.7,
            115677.2,
            115739.1,
            115298.9,
            112747.8,
            112001.5,
            112210.9
        ],
        "price_change_percent": 0.5586647249915933
    },
    "singularity_score": 52,
    "narrative_vector": {
        "primary": "Financial energy is expanding. The market has chosen its short-term direction.",
        "market": "Momentum is neutral (RSI: 43.0). The derivatives market is balanced.",
        "network": "The 7.70% difficulty adjustment indicates the security baseline is currently hardening."
    }
}