{
    "timestamp_utc": "2025-08-18T17:53:29.211604+00:00",
    "market_vector": {
        "price_usd": 116636.0
    },
    "mining_vector": {
        "difficulty_change_percent": -0.21342653310220117,
        "next_retarget_blocks": 598
    },
    "monetary_vector": {
        "circulating_supply": 19908231.25,
        "current_block_reward": 3.125,
        "blocks_until_next_halving": 139366
    },
    "speculative_vector": {
        "open_interest": 0,
        "funding_rate": 0,
        "error": true
    },
    "trend_vector": {
        "rsi_14d": 48.85271150998796,
        "historical_prices": [
            117820.7,
            115762.3,
            113290.2,
            112525.2,
            114224.1,
            115092.1,
            114115.0,
            115010.0,
            117498.1,
            116676.0,
            116467.4,
            119288.4,
            118724.5,
            120172.0,
            123354.3,
            118383.1,
            117426.7,
            117487.5,
            117441.3,
            116636.1
        ],
        "price_change_percent": 0.0013718067981650548
    },
    "singularity_score": 49,
    "narrative_vector": {
        "primary": "ECHO DETECTED: Current structure mirrors the 'Pre-Halving Lull.' A period of consolidation may precede a supply shock.",
        "market": "High-conviction pattern match. Standard market analysis suspended.",
        "network": "On-chain fundamentals are secondary to the recognized historical echo."
    }
}