{
    "timestamp_utc": "2025-08-25T15:28:24.813741+00:00",
    "market_vector": {
        "price_usd": 112480.6
    },
    "mining_vector": {
        "difficulty_change_percent": 4.9774922759701745,
        "next_retarget_blocks": 1601
    },
    "monetary_vector": {
        "circulating_supply": 19911396.875,
        "current_block_reward": 3.125,
        "blocks_until_next_halving": 138353
    },
    "speculative_vector": {
        "open_interest": 0,
        "funding_rate": 0,
        "error": true
    },
    "trend_vector": {
        "rsi_14d": 42.41837127664679,
        "historical_prices": [
            115010.0,
            117498.1,
            116676.0,
            116467.4,
            119288.4,
            118724.5,
            120172.0,
            123354.3,
            118383.1,
            117426.7,
            117487.5,
            117441.3,
            116260.0,
            112830.3,
            114262.7,
            112462.5,
            116817.9,
            115344.1,
            113456.1,
            112500.1
        ],
        "price_change_percent": 0.2424528638129574
    },
    "singularity_score": 50,
    "narrative_vector": {
        "primary": "The objective remains unchanged. Awaiting a new catalyst.",
        "market": "Momentum is neutral (RSI: 42.4). The derivatives market is balanced.",
        "network": "The 4.98% difficulty adjustment indicates the security baseline is currently hardening."
    }
}