{
    "timestamp_utc": "2025-08-11T09:19:40.762320+00:00",
    "market_vector": {
        "price_usd": 121391.9
    },
    "mining_vector": {
        "difficulty_change_percent": -6.2072383010329695,
        "next_retarget_blocks": 1689
    },
    "monetary_vector": {
        "circulating_supply": 19904821.875,
        "current_block_reward": 3.125,
        "blocks_until_next_halving": 140457
    },
    "speculative_vector": {
        "open_interest": 0,
        "funding_rate": 0,
        "error": true
    },
    "trend_vector": {
        "rsi_14d": 65.1723224254886,
        "historical_prices": [
            118735.3,
            118386.9,
            117628.1,
            117937.5,
            119455.0,
            117979.7,
            117923.0,
            117820.7,
            115762.3,
            113290.2,
            112525.2,
            114224.1,
            115092.1,
            114115.0,
            115010.0,
            117498.1,
            116676.0,
            116467.4,
            119288.4,
            121391.8
        ],
        "price_change_percent": -0.19091626652634108
    },
    "singularity_score": 52,
    "narrative_vector": {
        "primary": "The objective remains unchanged. Awaiting a new catalyst.",
        "market": "Momentum is neutral (RSI: 65.2). The derivatives market is balanced.",
        "network": "The -6.21% difficulty adjustment indicates the security baseline is holding steady."
    }
}