{
    "timestamp_utc": "2025-09-08T09:44:58.524109+00:00",
    "market_vector": {
        "price_usd": 111852.5
    },
    "mining_vector": {
        "difficulty_change_percent": -0.1919248115696881,
        "next_retarget_blocks": 1550
    },
    "monetary_vector": {
        "circulating_supply": 19917856.25,
        "current_block_reward": 3.125,
        "blocks_until_next_halving": 136286
    },
    "speculative_vector": {
        "open_interest": 0,
        "funding_rate": 0,
        "error": true
    },
    "trend_vector": {
        "rsi_14d": 48.356270753991474,
        "historical_prices": [
            114262.7,
            112462.5,
            116817.9,
            115344.1,
            113456.1,
            110144.9,
            111829.3,
            111268.6,
            112563.7,
            108400.1,
            108750.0,
            108250.0,
            109263.5,
            111196.9,
            111771.1,
            110744.3,
            110647.8,
            110254.9,
            111152.8,
            111847.6
        ],
        "price_change_percent": -0.03575016355699827
    },
    "singularity_score": 49,
    "narrative_vector": {
        "primary": "ECHO DETECTED: Current structure mirrors the 'Pre-Halving Lull.' A period of consolidation may precede a supply shock.",
        "market": "High-conviction pattern match. Standard market analysis suspended.",
        "network": "On-chain fundamentals are secondary to the recognized historical echo."
    }
}