{
    "timestamp_utc": "2025-09-14T03:57:51.372204+00:00",
    "market_vector": {
        "price_usd": 115750.0
    },
    "mining_vector": {
        "difficulty_change_percent": 3.617411041641283,
        "next_retarget_blocks": 684
    },
    "monetary_vector": {
        "circulating_supply": 19920562.5,
        "current_block_reward": 3.125,
        "blocks_until_next_halving": 135420
    },
    "speculative_vector": {
        "open_interest": 0,
        "funding_rate": 0,
        "error": true
    },
    "trend_vector": {
        "rsi_14d": 58.23214625767442,
        "historical_prices": [
            111829.3,
            111268.6,
            112563.7,
            108400.1,
            108750.0,
            108250.0,
            109263.5,
            111196.9,
            111771.1,
            110744.3,
            110647.8,
            110254.9,
            111152.8,
            112050.1,
            111541.0,
            113952.8,
            115500.0,
            116111.7,
            115949.1,
            115750.0
        ],
        "price_change_percent": -0.049478746158491654
    },
    "singularity_score": 54,
    "narrative_vector": {
        "primary": "ECHO DETECTED: Current structure mirrors the 'Pre-Halving Lull.' A period of consolidation may precede a supply shock.",
        "market": "High-conviction pattern match. Standard market analysis suspended.",
        "network": "On-chain fundamentals are secondary to the recognized historical echo."
    }
}