{
    "timestamp_utc": "2025-09-26T22:49:27.404687+00:00",
    "market_vector": {
        "price_usd": 109637.1
    },
    "mining_vector": {
        "difficulty_change_percent": 4.982794486459152,
        "next_retarget_blocks": 757
    },
    "monetary_vector": {
        "circulating_supply": 19926634.375,
        "current_block_reward": 3.125,
        "blocks_until_next_halving": 133477
    },
    "speculative_vector": {
        "open_interest": 0,
        "funding_rate": 0,
        "error": true
    },
    "trend_vector": {
        "rsi_14d": 38.179796280737996,
        "historical_prices": [
            111152.8,
            112050.1,
            111541.0,
            113952.8,
            115500.0,
            116111.7,
            115949.1,
            115390.6,
            115374.9,
            116764.2,
            116469.0,
            117135.7,
            115677.2,
            115739.1,
            115298.9,
            112747.8,
            112001.5,
            113300.0,
            109049.8,
            109637.0
        ],
        "price_change_percent": 0.05439077766036228
    },
    "singularity_score": 47,
    "narrative_vector": {
        "primary": "The objective remains unchanged. Awaiting a new catalyst.",
        "market": "Momentum is neutral (RSI: 38.2). The derivatives market is balanced.",
        "network": "The 4.98% difficulty adjustment indicates the security baseline is currently hardening."
    }
}