{
    "timestamp_utc": "2025-08-04T01:27:22.177364+00:00",
    "market_vector": {
        "price_usd": 114853.1
    },
    "mining_vector": {
        "difficulty_change_percent": -0.7773851590106018,
        "next_retarget_blocks": 730
    },
    "monetary_vector": {
        "circulating_supply": 19901518.75,
        "current_block_reward": 3.125,
        "blocks_until_next_halving": 141514
    },
    "speculative_vector": {
        "open_interest": 0,
        "funding_rate": 0,
        "error": true
    },
    "trend_vector": {
        "rsi_14d": 48.24365336673321,
        "historical_prices": [
            118712.6,
            119321.0,
            118011.9,
            117909.1,
            117319.1,
            117461.0,
            119977.5,
            118735.3,
            118386.9,
            117628.1,
            117937.5,
            119455.0,
            117979.7,
            117923.0,
            117820.7,
            115762.3,
            113290.2,
            112525.2,
            114224.1,
            114848.5
        ],
        "price_change_percent": 0.5646932320872495
    },
    "singularity_score": 50,
    "narrative_vector": {
        "primary": "ECHO DETECTED: Current structure mirrors the 'Pre-Halving Lull.' A period of consolidation may precede a supply shock.",
        "market": "High-conviction pattern match. Standard market analysis suspended.",
        "network": "On-chain fundamentals are secondary to the recognized historical echo."
    }
}