{
    "timestamp_utc": "2025-09-25T17:15:26.246225+00:00",
    "market_vector": {
        "price_usd": 110391.0
    },
    "mining_vector": {
        "difficulty_change_percent": 6.375177821557587,
        "next_retarget_blocks": 929
    },
    "monetary_vector": {
        "circulating_supply": 19926096.875,
        "current_block_reward": 3.125,
        "blocks_until_next_halving": 133649
    },
    "speculative_vector": {
        "open_interest": 0,
        "funding_rate": 0,
        "error": true
    },
    "trend_vector": {
        "rsi_14d": 38.69808498925534,
        "historical_prices": [
            110254.9,
            111152.8,
            112050.1,
            111541.0,
            113952.8,
            115500.0,
            116111.7,
            115949.1,
            115390.6,
            115374.9,
            116764.2,
            116469.0,
            117135.7,
            115677.2,
            115739.1,
            115298.9,
            112747.8,
            112001.5,
            113300.0,
            110299.8
        ],
        "price_change_percent": -0.6716159847846316
    },
    "singularity_score": 46,
    "narrative_vector": {
        "primary": "Financial energy is contracting. The market has chosen its short-term direction.",
        "market": "Momentum is neutral (RSI: 38.7). The derivatives market is balanced.",
        "network": "The 6.38% difficulty adjustment indicates the security baseline is currently hardening."
    }
}