{
    "timestamp_utc": "2025-08-14T13:57:15.716661+00:00",
    "market_vector": {
        "price_usd": 118559.6
    },
    "mining_vector": {
        "difficulty_change_percent": -1.9959509493382321,
        "next_retarget_blocks": 1211
    },
    "monetary_vector": {
        "circulating_supply": 19906315.625,
        "current_block_reward": 3.125,
        "blocks_until_next_halving": 139979
    },
    "speculative_vector": {
        "open_interest": 0,
        "funding_rate": 0,
        "error": true
    },
    "trend_vector": {
        "rsi_14d": 53.81516581473632,
        "historical_prices": [
            117937.5,
            119455.0,
            117979.7,
            117923.0,
            117820.7,
            115762.3,
            113290.2,
            112525.2,
            114224.1,
            115092.1,
            114115.0,
            115010.0,
            117498.1,
            116676.0,
            116467.4,
            119288.4,
            118724.5,
            120172.0,
            123354.3,
            118559.6
        ],
        "price_change_percent": 0.5594571670907598
    },
    "singularity_score": 52,
    "narrative_vector": {
        "primary": "ECHO DETECTED: Current structure mirrors the 'Pre-Halving Lull.' A period of consolidation may precede a supply shock.",
        "market": "High-conviction pattern match. Standard market analysis suspended.",
        "network": "On-chain fundamentals are secondary to the recognized historical echo."
    }
}