{
    "timestamp_utc": "2025-09-24T08:14:32.539404+00:00",
    "market_vector": {
        "price_usd": 112524.0
    },
    "mining_vector": {
        "difficulty_change_percent": 8.281142954147235,
        "next_retarget_blocks": 1124
    },
    "monetary_vector": {
        "circulating_supply": 19925487.5,
        "current_block_reward": 3.125,
        "blocks_until_next_halving": 133844
    },
    "speculative_vector": {
        "open_interest": 0,
        "funding_rate": 0,
        "error": true
    },
    "trend_vector": {
        "rsi_14d": 44.26012062846927,
        "historical_prices": [
            110647.8,
            110254.9,
            111152.8,
            112050.1,
            111541.0,
            113952.8,
            115500.0,
            116111.7,
            115949.1,
            115390.6,
            115374.9,
            116764.2,
            116469.0,
            117135.7,
            115677.2,
            115739.1,
            115298.9,
            112747.8,
            112001.5,
            112524.1
        ],
        "price_change_percent": -0.05631175752192222
    },
    "singularity_score": 51,
    "narrative_vector": {
        "primary": "The objective remains unchanged. Awaiting a new catalyst.",
        "market": "Momentum is neutral (RSI: 44.3). The derivatives market is balanced.",
        "network": "The 8.28% difficulty adjustment indicates the security baseline is currently hardening."
    }
}