{
    "timestamp_utc": "2025-10-11T07:41:25.111675+00:00",
    "market_vector": {
        "price_usd": 110800.1
    },
    "mining_vector": {
        "difficulty_change_percent": -7.787897527471522,
        "next_retarget_blocks": 757
    },
    "monetary_vector": {
        "circulating_supply": 19932934.375,
        "current_block_reward": 3.125,
        "blocks_until_next_halving": 131461
    },
    "speculative_vector": {
        "open_interest": 0,
        "funding_rate": 0,
        "error": true
    },
    "trend_vector": {
        "rsi_14d": 38.8687585836934,
        "historical_prices": [
            112747.8,
            112001.5,
            113300.0,
            109049.8,
            109706.3,
            109720.5,
            112127.8,
            114365.2,
            113995.0,
            118599.9,
            120649.9,
            122259.5,
            122426.4,
            123542.1,
            124766.5,
            121419.8,
            123329.7,
            121699.0,
            113000.1,
            110780.1
        ],
        "price_change_percent": -0.18911613658887663
    },
    "singularity_score": 41,
    "narrative_vector": {
        "primary": "The objective remains unchanged. Awaiting a new catalyst.",
        "market": "Momentum is neutral (RSI: 38.9). The derivatives market is balanced.",
        "network": "The -7.79% difficulty adjustment indicates the security baseline is holding steady."
    }
}