{
    "timestamp_utc": "2025-07-28T19:36:29.165051+00:00",
    "market_vector": {
        "price_usd": 117957.9
    },
    "mining_vector": {
        "difficulty_change_percent": 4.082468064328526,
        "next_retarget_blocks": 1609
    },
    "monetary_vector": {
        "circulating_supply": 19898771.875,
        "current_block_reward": 3.125,
        "blocks_until_next_halving": 142393
    },
    "speculative_vector": {
        "open_interest": 0,
        "funding_rate": 0,
        "error": true
    },
    "trend_vector": {
        "rsi_14d": 57.76787272762104,
        "historical_prices": [
            111323.7,
            115990.2,
            117532.6,
            117461.0,
            119102.1,
            119855.0,
            117741.0,
            118712.6,
            119321.0,
            118011.9,
            117909.1,
            117319.1,
            117461.0,
            119977.5,
            118735.3,
            118386.9,
            117628.1,
            117937.5,
            119455.0,
            117899.0
        ],
        "price_change_percent": -0.20914782629304376
    },
    "singularity_score": 54,
    "narrative_vector": {
        "primary": "ECHO DETECTED: Current structure mirrors the 'Pre-Halving Lull.' A period of consolidation may precede a supply shock.",
        "market": "High-conviction pattern match. Standard market analysis suspended.",
        "network": "On-chain fundamentals are secondary to the recognized historical echo."
    }
}