{
    "timestamp_utc": "2025-08-05T22:59:23.895895+00:00",
    "market_vector": {
        "price_usd": 113926.0
    },
    "mining_vector": {
        "difficulty_change_percent": 0.8730871367709225,
        "next_retarget_blocks": 433
    },
    "monetary_vector": {
        "circulating_supply": 19902446.875,
        "current_block_reward": 3.125,
        "blocks_until_next_halving": 141217
    },
    "speculative_vector": {
        "open_interest": 0,
        "funding_rate": 0,
        "error": true
    },
    "trend_vector": {
        "rsi_14d": 45.48367354738266,
        "historical_prices": [
            119321.0,
            118011.9,
            117909.1,
            117319.1,
            117461.0,
            119977.5,
            118735.3,
            118386.9,
            117628.1,
            117937.5,
            119455.0,
            117979.7,
            117923.0,
            117820.7,
            115762.3,
            113290.2,
            112525.2,
            114224.1,
            115092.1,
            113926.1
        ],
        "price_change_percent": -0.018429604614772995
    },
    "singularity_score": 48,
    "narrative_vector": {
        "primary": "ECHO DETECTED: Current structure mirrors the 'Pre-Halving Lull.' A period of consolidation may precede a supply shock.",
        "market": "High-conviction pattern match. Standard market analysis suspended.",
        "network": "On-chain fundamentals are secondary to the recognized historical echo."
    }
}