{
    "timestamp_utc": "2025-09-05T21:16:29.980479+00:00",
    "market_vector": {
        "price_usd": 111293.0
    },
    "mining_vector": {
        "difficulty_change_percent": -6.045989178757216,
        "next_retarget_blocks": 1926
    },
    "monetary_vector": {
        "circulating_supply": 19916681.25,
        "current_block_reward": 3.125,
        "blocks_until_next_halving": 136662
    },
    "speculative_vector": {
        "open_interest": 0,
        "funding_rate": 0,
        "error": true
    },
    "trend_vector": {
        "rsi_14d": 46.15032428498666,
        "historical_prices": [
            117441.3,
            116260.0,
            112830.3,
            114262.7,
            112462.5,
            116817.9,
            115344.1,
            113456.1,
            110144.9,
            111829.3,
            111268.6,
            112563.7,
            108400.1,
            108750.0,
            108250.0,
            109263.5,
            111196.9,
            111771.1,
            110744.3,
            111293.0
        ],
        "price_change_percent": -0.254353951717564
    },
    "singularity_score": 44,
    "narrative_vector": {
        "primary": "ECHO DETECTED: Current structure mirrors the 'Pre-Halving Lull.' A period of consolidation may precede a supply shock.",
        "market": "High-conviction pattern match. Standard market analysis suspended.",
        "network": "On-chain fundamentals are secondary to the recognized historical echo."
    }
}