{
    "timestamp_utc": "2025-08-29T17:22:34.859007+00:00",
    "market_vector": {
        "price_usd": 108475.6
    },
    "mining_vector": {
        "difficulty_change_percent": 6.029611326028395,
        "next_retarget_blocks": 970
    },
    "monetary_vector": {
        "circulating_supply": 19913368.75,
        "current_block_reward": 3.125,
        "blocks_until_next_halving": 137722
    },
    "speculative_vector": {
        "open_interest": 0,
        "funding_rate": 0,
        "error": true
    },
    "trend_vector": {
        "rsi_14d": 37.77405152694041,
        "historical_prices": [
            119288.4,
            118724.5,
            120172.0,
            123354.3,
            118383.1,
            117426.7,
            117487.5,
            117441.3,
            116260.0,
            112830.3,
            114262.7,
            112462.5,
            116817.9,
            115344.1,
            113456.1,
            110144.9,
            111829.3,
            111268.6,
            112563.7,
            108475.6
        ],
        "price_change_percent": -0.27625553775139944
    },
    "singularity_score": 47,
    "narrative_vector": {
        "primary": "The objective remains unchanged. Awaiting a new catalyst.",
        "market": "Momentum is neutral (RSI: 37.8). The derivatives market is balanced.",
        "network": "The 6.03% difficulty adjustment indicates the security baseline is currently hardening."
    }
}