{
    "timestamp_utc": "2025-09-20T03:18:20.971883+00:00",
    "market_vector": {
        "price_usd": 115561.2
    },
    "mining_vector": {
        "difficulty_change_percent": 5.08944604159125,
        "next_retarget_blocks": 1756
    },
    "monetary_vector": {
        "circulating_supply": 19923512.5,
        "current_block_reward": 3.125,
        "blocks_until_next_halving": 134476
    },
    "speculative_vector": {
        "open_interest": 0,
        "funding_rate": 0,
        "error": true
    },
    "trend_vector": {
        "rsi_14d": 54.85918666717134,
        "historical_prices": [
            109263.5,
            111196.9,
            111771.1,
            110744.3,
            110647.8,
            110254.9,
            111152.8,
            112050.1,
            111541.0,
            113952.8,
            115500.0,
            116111.7,
            115949.1,
            115390.6,
            115374.9,
            116764.2,
            116469.0,
            117135.7,
            115677.2,
            115561.2
        ],
        "price_change_percent": -8.653415979728574e-05
    },
    "singularity_score": 54,
    "narrative_vector": {
        "primary": "ECHO DETECTED: Current structure mirrors the 'Pre-Halving Lull.' A period of consolidation may precede a supply shock.",
        "market": "High-conviction pattern match. Standard market analysis suspended.",
        "network": "On-chain fundamentals are secondary to the recognized historical echo."
    }
}