{
    "timestamp_utc": "2025-08-27T22:35:35.611924+00:00",
    "market_vector": {
        "price_usd": 111399.5
    },
    "mining_vector": {
        "difficulty_change_percent": 4.6855328698888865,
        "next_retarget_blocks": 1252
    },
    "monetary_vector": {
        "circulating_supply": 19912487.5,
        "current_block_reward": 3.125,
        "blocks_until_next_halving": 138004
    },
    "speculative_vector": {
        "open_interest": 0,
        "funding_rate": 0,
        "error": true
    },
    "trend_vector": {
        "rsi_14d": 41.8226358685913,
        "historical_prices": [
            116676.0,
            116467.4,
            119288.4,
            118724.5,
            120172.0,
            123354.3,
            118383.1,
            117426.7,
            117487.5,
            117441.3,
            116260.0,
            112830.3,
            114262.7,
            112462.5,
            116817.9,
            115344.1,
            113456.1,
            110144.9,
            111829.3,
            111399.5
        ],
        "price_change_percent": 0.1581498890523182
    },
    "singularity_score": 49,
    "narrative_vector": {
        "primary": "The objective remains unchanged. Awaiting a new catalyst.",
        "market": "Momentum is neutral (RSI: 41.8). The derivatives market is balanced.",
        "network": "The 4.69% difficulty adjustment indicates the security baseline is currently hardening."
    }
}