{
    "timestamp_utc": "2025-10-30T23:53:24.763983+00:00",
    "market_vector": {
        "price_usd": 108181.0
    },
    "mining_vector": {
        "difficulty_change_percent": 0.43966333970175686,
        "next_retarget_blocks": 1787
    },
    "monetary_vector": {
        "circulating_supply": 19942315.625,
        "current_block_reward": 3.125,
        "blocks_until_next_halving": 128459
    },
    "speculative_vector": {
        "open_interest": 0,
        "funding_rate": 0,
        "error": true
    },
    "trend_vector": {
        "rsi_14d": 41.36274988305781,
        "historical_prices": [
            110775.1,
            115125.3,
            115165.5,
            113106.2,
            110781.9,
            108182.3,
            106451.0,
            107199.0,
            108669.8,
            110574.4,
            108406.1,
            107644.1,
            110080.0,
            111000.0,
            111645.2,
            114509.9,
            114153.0,
            112918.0,
            110104.2,
            108181.0
        ],
        "price_change_percent": 0.1768682285396796
    },
    "singularity_score": 47,
    "narrative_vector": {
        "primary": "The objective remains unchanged. Awaiting a new catalyst.",
        "market": "Momentum is neutral (RSI: 41.4). The derivatives market is balanced.",
        "network": "The 0.44% difficulty adjustment indicates the security baseline is holding steady."
    }
}