{
    "timestamp_utc": "2025-10-06T17:38:32.812490+00:00",
    "market_vector": {
        "price_usd": 125259.5
    },
    "mining_vector": {
        "difficulty_change_percent": -7.382493308597571,
        "next_retarget_blocks": 1363
    },
    "monetary_vector": {
        "circulating_supply": 19931040.625,
        "current_block_reward": 3.125,
        "blocks_until_next_halving": 132067
    },
    "speculative_vector": {
        "open_interest": 0,
        "funding_rate": 0,
        "error": true
    },
    "trend_vector": {
        "rsi_14d": 73.50000531751742,
        "historical_prices": [
            116469.0,
            117135.7,
            115677.2,
            115739.1,
            115298.9,
            112747.8,
            112001.5,
            113300.0,
            109049.8,
            109706.3,
            109720.5,
            112127.8,
            114365.2,
            113995.0,
            118599.9,
            120649.9,
            122259.5,
            122426.4,
            123542.1,
            125259.5
        ],
        "price_change_percent": -0.3821377445522507
    },
    "singularity_score": 54,
    "narrative_vector": {
        "primary": "Market sentiment is overheated (RSI: 74). A correction is probable.",
        "market": "Momentum is neutral (RSI: 73.5). The derivatives market is balanced.",
        "network": "The -7.38% difficulty adjustment indicates the security baseline is holding steady."
    }
}