{
    "timestamp_utc": "2025-08-18T23:44:17.311143+00:00",
    "market_vector": {
        "price_usd": 116282.0
    },
    "mining_vector": {
        "difficulty_change_percent": 0.1978793736488793,
        "next_retarget_blocks": 557
    },
    "monetary_vector": {
        "circulating_supply": 19908359.375,
        "current_block_reward": 3.125,
        "blocks_until_next_halving": 139325
    },
    "speculative_vector": {
        "open_interest": 0,
        "funding_rate": 0,
        "error": true
    },
    "trend_vector": {
        "rsi_14d": 47.93184696065199,
        "historical_prices": [
            117820.7,
            115762.3,
            113290.2,
            112525.2,
            114224.1,
            115092.1,
            114115.0,
            115010.0,
            117498.1,
            116676.0,
            116467.4,
            119288.4,
            118724.5,
            120172.0,
            123354.3,
            118383.1,
            117426.7,
            117487.5,
            117441.3,
            116281.9
        ],
        "price_change_percent": -0.04667506760578643
    },
    "singularity_score": 49,
    "narrative_vector": {
        "primary": "ECHO DETECTED: Current structure mirrors the 'Pre-Halving Lull.' A period of consolidation may precede a supply shock.",
        "market": "High-conviction pattern match. Standard market analysis suspended.",
        "network": "On-chain fundamentals are secondary to the recognized historical echo."
    }
}