{
    "timestamp_utc": "2025-08-31T04:14:20.583659+00:00",
    "market_vector": {
        "price_usd": 109047.8
    },
    "mining_vector": {
        "difficulty_change_percent": 6.715915880782353,
        "next_retarget_blocks": 740
    },
    "monetary_vector": {
        "circulating_supply": 19914087.5,
        "current_block_reward": 3.125,
        "blocks_until_next_halving": 137492
    },
    "speculative_vector": {
        "open_interest": 0,
        "funding_rate": 0,
        "error": true
    },
    "trend_vector": {
        "rsi_14d": 39.33784914785644,
        "historical_prices": [
            120172.0,
            123354.3,
            118383.1,
            117426.7,
            117487.5,
            117441.3,
            116260.0,
            112830.3,
            114262.7,
            112462.5,
            116817.9,
            115344.1,
            113456.1,
            110144.9,
            111829.3,
            111268.6,
            112563.7,
            108400.1,
            108750.0,
            109047.8
        ],
        "price_change_percent": -0.3038029769583342
    },
    "singularity_score": 48,
    "narrative_vector": {
        "primary": "The objective remains unchanged. Awaiting a new catalyst.",
        "market": "Momentum is neutral (RSI: 39.3). The derivatives market is balanced.",
        "network": "The 6.72% difficulty adjustment indicates the security baseline is currently hardening."
    }
}