{
    "timestamp_utc": "2025-10-15T06:51:53.530209+00:00",
    "market_vector": {
        "price_usd": 112448.7
    },
    "mining_vector": {
        "difficulty_change_percent": -3.7401965970998097,
        "next_retarget_blocks": 152
    },
    "monetary_vector": {
        "circulating_supply": 19934825.0,
        "current_block_reward": 3.125,
        "blocks_until_next_halving": 130856
    },
    "speculative_vector": {
        "open_interest": 0,
        "funding_rate": 0,
        "error": true
    },
    "trend_vector": {
        "rsi_14d": 42.991157282537266,
        "historical_prices": [
            109706.3,
            109720.5,
            112127.8,
            114365.2,
            113995.0,
            118599.9,
            120649.9,
            122259.5,
            122426.4,
            123542.1,
            124766.5,
            121419.8,
            123329.7,
            121699.0,
            113000.1,
            110775.1,
            115125.3,
            115165.5,
            113106.2,
            112439.9
        ],
        "price_change_percent": 0.3926782208230067
    },
    "singularity_score": 46,
    "narrative_vector": {
        "primary": "The objective remains unchanged. Awaiting a new catalyst.",
        "market": "Momentum is neutral (RSI: 43.0). The derivatives market is balanced.",
        "network": "The -3.74% difficulty adjustment indicates the security baseline is holding steady."
    }
}