{
    "timestamp_utc": "2025-10-15T20:53:54.211952+00:00",
    "market_vector": {
        "price_usd": 111322.0
    },
    "mining_vector": {
        "difficulty_change_percent": -2.9513602638087444,
        "next_retarget_blocks": 55
    },
    "monetary_vector": {
        "circulating_supply": 19935128.125,
        "current_block_reward": 3.125,
        "blocks_until_next_halving": 130759
    },
    "speculative_vector": {
        "open_interest": 0,
        "funding_rate": 0,
        "error": true
    },
    "trend_vector": {
        "rsi_14d": 41.34604479137464,
        "historical_prices": [
            109706.3,
            109720.5,
            112127.8,
            114365.2,
            113995.0,
            118599.9,
            120649.9,
            122259.5,
            122426.4,
            123542.1,
            124766.5,
            121419.8,
            123329.7,
            121699.0,
            113000.1,
            110775.1,
            115125.3,
            115165.5,
            113106.2,
            111333.1
        ],
        "price_change_percent": 0.029649569048006242
    },
    "singularity_score": 45,
    "narrative_vector": {
        "primary": "The objective remains unchanged. Awaiting a new catalyst.",
        "market": "Momentum is neutral (RSI: 41.3). The derivatives market is balanced.",
        "network": "The -2.95% difficulty adjustment indicates the security baseline is holding steady."
    }
}