{
    "timestamp_utc": "2025-10-18T15:13:06.680964+00:00",
    "market_vector": {
        "price_usd": 107154.3
    },
    "mining_vector": {
        "difficulty_change_percent": 7.237784079125897,
        "next_retarget_blocks": 1646
    },
    "monetary_vector": {
        "circulating_supply": 19936456.25,
        "current_block_reward": 3.125,
        "blocks_until_next_halving": 130334
    },
    "speculative_vector": {
        "open_interest": 0,
        "funding_rate": 0,
        "error": true
    },
    "trend_vector": {
        "rsi_14d": 36.51002566255017,
        "historical_prices": [
            114365.2,
            113995.0,
            118599.9,
            120649.9,
            122259.5,
            122426.4,
            123542.1,
            124766.5,
            121419.8,
            123329.7,
            121699.0,
            113000.1,
            110775.1,
            115125.3,
            115165.5,
            113106.2,
            110781.9,
            108182.3,
            106451.0,
            107154.3
        ],
        "price_change_percent": 0.09733760173974343
    },
    "singularity_score": 48,
    "narrative_vector": {
        "primary": "The objective remains unchanged. Awaiting a new catalyst.",
        "market": "Momentum is neutral (RSI: 36.5). The derivatives market is balanced.",
        "network": "The 7.24% difficulty adjustment indicates the security baseline is currently hardening."
    }
}