{
    "timestamp_utc": "2025-07-16T03:25:16.707469+00:00",
    "market_vector": {
        "price_usd": 117407.8
    },
    "mining_vector": {
        "difficulty_change_percent": 1.8884857798985744,
        "next_retarget_blocks": 1438
    },
    "monetary_vector": {
        "circulating_supply": 19893006.25,
        "current_block_reward": 3.125,
        "blocks_until_next_halving": 144238
    },
    "speculative_vector": {
        "open_interest": 0,
        "funding_rate": 0,
        "error": true
    },
    "trend_vector": {
        "rsi_14d": 66.71452716660349,
        "historical_prices": [
            107115.4,
            107325.1,
            108387.2,
            107120.3,
            105700.1,
            108846.9,
            109631.0,
            108018.9,
            108249.5,
            109223.2,
            108282.1,
            108931.9,
            111323.7,
            115990.2,
            117532.6,
            117461.0,
            119102.1,
            119855.0,
            117741.0,
            117407.8
        ],
        "price_change_percent": 0.07475274910266619
    },
    "singularity_score": 57,
    "narrative_vector": {
        "insight": "The network is in a state of equilibrium, awaiting a new catalyst."
    }
}