{
    "timestamp_utc": "2025-08-24T13:49:15.219338+00:00",
    "market_vector": {
        "price_usd": 114707.4
    },
    "mining_vector": {
        "difficulty_change_percent": 4.97679094596144,
        "next_retarget_blocks": 1758
    },
    "monetary_vector": {
        "circulating_supply": 19910906.25,
        "current_block_reward": 3.125,
        "blocks_until_next_halving": 138510
    },
    "speculative_vector": {
        "open_interest": 0,
        "funding_rate": 0,
        "error": true
    },
    "trend_vector": {
        "rsi_14d": 46.69199856566165,
        "historical_prices": [
            114115.0,
            115010.0,
            117498.1,
            116676.0,
            116467.4,
            119288.4,
            118724.5,
            120172.0,
            123354.3,
            118383.1,
            117426.7,
            117487.5,
            117441.3,
            116260.0,
            112830.3,
            114262.7,
            112462.5,
            116817.9,
            115344.1,
            114712.5
        ],
        "price_change_percent": 0.04107603514225374
    },
    "singularity_score": 51,
    "narrative_vector": {
        "primary": "ECHO DETECTED: Current structure mirrors the 'Pre-Halving Lull.' A period of consolidation may precede a supply shock.",
        "market": "High-conviction pattern match. Standard market analysis suspended.",
        "network": "On-chain fundamentals are secondary to the recognized historical echo."
    }
}