{
    "timestamp_utc": "2025-08-14T22:09:15.212107+00:00",
    "market_vector": {
        "price_usd": 117884.1
    },
    "mining_vector": {
        "difficulty_change_percent": -2.0207737375900647,
        "next_retarget_blocks": 1163
    },
    "monetary_vector": {
        "circulating_supply": 19906465.625,
        "current_block_reward": 3.125,
        "blocks_until_next_halving": 139931
    },
    "speculative_vector": {
        "open_interest": 0,
        "funding_rate": 0,
        "error": true
    },
    "trend_vector": {
        "rsi_14d": 52.23845787462605,
        "historical_prices": [
            117937.5,
            119455.0,
            117979.7,
            117923.0,
            117820.7,
            115762.3,
            113290.2,
            112525.2,
            114224.1,
            115092.1,
            114115.0,
            115010.0,
            117498.1,
            116676.0,
            116467.4,
            119288.4,
            118724.5,
            120172.0,
            123354.3,
            117884.1
        ],
        "price_change_percent": -0.09559573175226499
    },
    "singularity_score": 49,
    "narrative_vector": {
        "primary": "ECHO DETECTED: Current structure mirrors the 'Pre-Halving Lull.' A period of consolidation may precede a supply shock.",
        "market": "High-conviction pattern match. Standard market analysis suspended.",
        "network": "On-chain fundamentals are secondary to the recognized historical echo."
    }
}