{
    "timestamp_utc": "2025-08-29T13:39:30.693712+00:00",
    "market_vector": {
        "price_usd": 109984.8
    },
    "mining_vector": {
        "difficulty_change_percent": 5.993703925635163,
        "next_retarget_blocks": 994
    },
    "monetary_vector": {
        "circulating_supply": 19913293.75,
        "current_block_reward": 3.125,
        "blocks_until_next_halving": 137746
    },
    "speculative_vector": {
        "open_interest": 0,
        "funding_rate": 0,
        "error": true
    },
    "trend_vector": {
        "rsi_14d": 40.19703956323393,
        "historical_prices": [
            119288.4,
            118724.5,
            120172.0,
            123354.3,
            118383.1,
            117426.7,
            117487.5,
            117441.3,
            116260.0,
            112830.3,
            114262.7,
            112462.5,
            116817.9,
            115344.1,
            113456.1,
            110144.9,
            111829.3,
            111268.6,
            112563.7,
            110049.8
        ],
        "price_change_percent": -0.5871735992296282
    },
    "singularity_score": 47,
    "narrative_vector": {
        "primary": "Financial energy is contracting. The market has chosen its short-term direction.",
        "market": "Momentum is neutral (RSI: 40.2). The derivatives market is balanced.",
        "network": "The 5.99% difficulty adjustment indicates the security baseline is currently hardening."
    }
}