{
    "timestamp_utc": "2025-09-23T16:53:40.053732+00:00",
    "market_vector": {
        "price_usd": 112995.0
    },
    "mining_vector": {
        "difficulty_change_percent": 8.10540276769851,
        "next_retarget_blocks": 1225
    },
    "monetary_vector": {
        "circulating_supply": 19925171.875,
        "current_block_reward": 3.125,
        "blocks_until_next_halving": 133945
    },
    "speculative_vector": {
        "open_interest": 0,
        "funding_rate": 0,
        "error": true
    },
    "trend_vector": {
        "rsi_14d": 45.367508580031135,
        "historical_prices": [
            110744.3,
            110647.8,
            110254.9,
            111152.8,
            112050.1,
            111541.0,
            113952.8,
            115500.0,
            116111.7,
            115949.1,
            115390.6,
            115374.9,
            116764.2,
            116469.0,
            117135.7,
            115677.2,
            115739.1,
            115298.9,
            112747.8,
            112994.9
        ],
        "price_change_percent": 0.3222888009524833
    },
    "singularity_score": 53,
    "narrative_vector": {
        "primary": "ECHO DETECTED: Current structure mirrors the 'Pre-Halving Lull.' A period of consolidation may precede a supply shock.",
        "market": "High-conviction pattern match. Standard market analysis suspended.",
        "network": "On-chain fundamentals are secondary to the recognized historical echo."
    }
}