{
    "timestamp_utc": "2025-09-07T04:36:40.121219+00:00",
    "market_vector": {
        "price_usd": 110584.2
    },
    "mining_vector": {
        "difficulty_change_percent": -3.7907700929425636,
        "next_retarget_blocks": 1736
    },
    "monetary_vector": {
        "circulating_supply": 19917275.0,
        "current_block_reward": 3.125,
        "blocks_until_next_halving": 136472
    },
    "speculative_vector": {
        "open_interest": 0,
        "funding_rate": 0,
        "error": true
    },
    "trend_vector": {
        "rsi_14d": 44.56648616230828,
        "historical_prices": [
            112830.3,
            114262.7,
            112462.5,
            116817.9,
            115344.1,
            113456.1,
            110144.9,
            111829.3,
            111268.6,
            112563.7,
            108400.1,
            108750.0,
            108250.0,
            109263.5,
            111196.9,
            111771.1,
            110744.3,
            110647.8,
            110254.9,
            110584.2
        ],
        "price_change_percent": 0.0
    },
    "singularity_score": 45,
    "narrative_vector": {
        "primary": "The objective remains unchanged. Awaiting a new catalyst.",
        "market": "Momentum is neutral (RSI: 44.6). The derivatives market is balanced.",
        "network": "The -3.79% difficulty adjustment indicates the security baseline is holding steady."
    }
}