{
    "timestamp_utc": "2025-08-27T11:07:27.130329+00:00",
    "market_vector": {
        "price_usd": 111099.6
    },
    "mining_vector": {
        "difficulty_change_percent": 4.8422833662329134,
        "next_retarget_blocks": 1323
    },
    "monetary_vector": {
        "circulating_supply": 19912265.625,
        "current_block_reward": 3.125,
        "blocks_until_next_halving": 138075
    },
    "speculative_vector": {
        "open_interest": 0,
        "funding_rate": 0,
        "error": true
    },
    "trend_vector": {
        "rsi_14d": 41.30692803059205,
        "historical_prices": [
            116676.0,
            116467.4,
            119288.4,
            118724.5,
            120172.0,
            123354.3,
            118383.1,
            117426.7,
            117487.5,
            117441.3,
            116260.0,
            112830.3,
            114262.7,
            112462.5,
            116817.9,
            115344.1,
            113456.1,
            110144.9,
            111829.3,
            111099.6
        ],
        "price_change_percent": 0.07169879301027367
    },
    "singularity_score": 49,
    "narrative_vector": {
        "primary": "The objective remains unchanged. Awaiting a new catalyst.",
        "market": "Momentum is neutral (RSI: 41.3). The derivatives market is balanced.",
        "network": "The 4.84% difficulty adjustment indicates the security baseline is currently hardening."
    }
}