{
    "timestamp_utc": "2025-07-16T02:23:27.766038+00:00",
    "market_vector": {
        "price_usd": 117320.1
    },
    "mining_vector": {
        "difficulty_change_percent": 1.9412725757813831,
        "next_retarget_blocks": 1444
    },
    "monetary_vector": {
        "circulating_supply": 19892987.5,
        "current_block_reward": 3.125,
        "blocks_until_next_halving": 144244
    },
    "speculative_vector": {
        "open_interest": 0,
        "funding_rate": 0,
        "error": true
    },
    "trend_vector": {
        "rsi_14d": 66.40332221190215,
        "historical_prices": [
            107115.4,
            107325.1,
            108387.2,
            107120.3,
            105700.1,
            108846.9,
            109631.0,
            108018.9,
            108249.5,
            109223.2,
            108282.1,
            108931.9,
            111323.7,
            115990.2,
            117532.6,
            117461.0,
            119102.1,
            119855.0,
            117741.0,
            117320.1
        ],
        "price_change_percent": -0.1310927259710864
    },
    "singularity_score": 57,
    "narrative_vector": {
        "insight": "The network is in a state of equilibrium, awaiting a new catalyst."
    }
}