{
    "timestamp_utc": "2025-07-18T05:30:15.308198+00:00",
    "market_vector": {
        "price_usd": 120638.5
    },
    "mining_vector": {
        "difficulty_change_percent": -1.1241990561332127,
        "next_retarget_blocks": 1158
    },
    "monetary_vector": {
        "circulating_supply": 19893881.25,
        "current_block_reward": 3.125,
        "blocks_until_next_halving": 143958
    },
    "speculative_vector": {
        "open_interest": 0,
        "funding_rate": 0,
        "error": true
    },
    "trend_vector": {
        "rsi_14d": 72.6230696187298,
        "historical_prices": [
            108387.2,
            107120.3,
            105700.1,
            108846.9,
            109631.0,
            108018.9,
            108249.5,
            109223.2,
            108282.1,
            108931.9,
            111323.7,
            115990.2,
            117532.6,
            117461.0,
            119102.1,
            119855.0,
            117741.0,
            118712.6,
            119321.0,
            120638.5
        ],
        "price_change_percent": 0.03557343717349072
    },
    "singularity_score": 58,
    "narrative_vector": {
        "primary": "Market sentiment is overheated (RSI: 73). A correction is probable.",
        "market": "Momentum is neutral (RSI: 72.6). The derivatives market is balanced.",
        "network": "The -1.12% difficulty adjustment indicates the security baseline is holding steady."
    }
}