{
    "timestamp_utc": "2025-10-31T15:56:10.419150+00:00",
    "market_vector": {
        "price_usd": 110109.0
    },
    "mining_vector": {
        "difficulty_change_percent": -0.7132716375921944,
        "next_retarget_blocks": 1701
    },
    "monetary_vector": {
        "circulating_supply": 19942584.375,
        "current_block_reward": 3.125,
        "blocks_until_next_halving": 128373
    },
    "speculative_vector": {
        "open_interest": 0,
        "funding_rate": 0,
        "error": true
    },
    "trend_vector": {
        "rsi_14d": 45.761055500368,
        "historical_prices": [
            115125.3,
            115165.5,
            113106.2,
            110781.9,
            108182.3,
            106451.0,
            107199.0,
            108669.8,
            110574.4,
            108406.1,
            107644.1,
            110080.0,
            111000.0,
            111645.2,
            114509.9,
            114153.0,
            112918.0,
            110104.2,
            108302.7,
            110103.5
        ],
        "price_change_percent": -0.2004086124037665
    },
    "singularity_score": 47,
    "narrative_vector": {
        "primary": "ECHO DETECTED: Current structure mirrors the 'Pre-Halving Lull.' A period of consolidation may precede a supply shock.",
        "market": "High-conviction pattern match. Standard market analysis suspended.",
        "network": "On-chain fundamentals are secondary to the recognized historical echo."
    }
}