{
    "timestamp_utc": "2025-10-21T05:27:02.684710+00:00",
    "market_vector": {
        "price_usd": 107679.9
    },
    "mining_vector": {
        "difficulty_change_percent": 6.406004538313836,
        "next_retarget_blocks": 1255
    },
    "monetary_vector": {
        "circulating_supply": 19937678.125,
        "current_block_reward": 3.125,
        "blocks_until_next_halving": 129943
    },
    "speculative_vector": {
        "open_interest": 0,
        "funding_rate": 0,
        "error": true
    },
    "trend_vector": {
        "rsi_14d": 39.64587452247313,
        "historical_prices": [
            120649.9,
            122259.5,
            122426.4,
            123542.1,
            124766.5,
            121419.8,
            123329.7,
            121699.0,
            113000.1,
            110775.1,
            115125.3,
            115165.5,
            113106.2,
            110781.9,
            108182.3,
            106451.0,
            107199.0,
            108669.8,
            110574.4,
            107679.8
        ],
        "price_change_percent": -0.14114548557014345
    },
    "singularity_score": 48,
    "narrative_vector": {
        "primary": "The objective remains unchanged. Awaiting a new catalyst.",
        "market": "Momentum is neutral (RSI: 39.6). The derivatives market is balanced.",
        "network": "The 6.41% difficulty adjustment indicates the security baseline is currently hardening."
    }
}