{
    "timestamp_utc": "2025-08-27T18:40:51.144888+00:00",
    "market_vector": {
        "price_usd": 112313.1
    },
    "mining_vector": {
        "difficulty_change_percent": 5.332114277096522,
        "next_retarget_blocks": 1272
    },
    "monetary_vector": {
        "circulating_supply": 19912425.0,
        "current_block_reward": 3.125,
        "blocks_until_next_halving": 138024
    },
    "speculative_vector": {
        "open_interest": 0,
        "funding_rate": 0,
        "error": true
    },
    "trend_vector": {
        "rsi_14d": 43.738361547187274,
        "historical_prices": [
            116676.0,
            116467.4,
            119288.4,
            118724.5,
            120172.0,
            123354.3,
            118383.1,
            117426.7,
            117487.5,
            117441.3,
            116260.0,
            112830.3,
            114262.7,
            112462.5,
            116817.9,
            115344.1,
            113456.1,
            110144.9,
            111829.3,
            112313.1
        ],
        "price_change_percent": -0.13684013977432863
    },
    "singularity_score": 49,
    "narrative_vector": {
        "primary": "The objective remains unchanged. Awaiting a new catalyst.",
        "market": "Momentum is neutral (RSI: 43.7). The derivatives market is balanced.",
        "network": "The 5.33% difficulty adjustment indicates the security baseline is currently hardening."
    }
}