{
    "timestamp_utc": "2025-10-04T07:20:35.425345+00:00",
    "market_vector": {
        "price_usd": 122428.4
    },
    "mining_vector": {
        "difficulty_change_percent": -5.216333251999772,
        "next_retarget_blocks": 1701
    },
    "monetary_vector": {
        "circulating_supply": 19929984.375,
        "current_block_reward": 3.125,
        "blocks_until_next_halving": 132405
    },
    "speculative_vector": {
        "open_interest": 0,
        "funding_rate": 0,
        "error": true
    },
    "trend_vector": {
        "rsi_14d": 69.280511950994,
        "historical_prices": [
            115374.9,
            116764.2,
            116469.0,
            117135.7,
            115677.2,
            115739.1,
            115298.9,
            112747.8,
            112001.5,
            113300.0,
            109049.8,
            109706.3,
            109720.5,
            112127.8,
            114365.2,
            113995.0,
            118599.9,
            120649.9,
            122259.5,
            122428.5
        ],
        "price_change_percent": -0.12620000130523357
    },
    "singularity_score": 54,
    "narrative_vector": {
        "primary": "The objective remains unchanged. Awaiting a new catalyst.",
        "market": "Momentum is neutral (RSI: 69.3). The derivatives market is balanced.",
        "network": "The -5.22% difficulty adjustment indicates the security baseline is holding steady."
    }
}