{
    "timestamp_utc": "2025-07-21T11:26:15.156304+00:00",
    "market_vector": {
        "price_usd": 118700.1
    },
    "mining_vector": {
        "difficulty_change_percent": -0.5509978573691288,
        "next_retarget_blocks": 688
    },
    "monetary_vector": {
        "circulating_supply": 19895350.0,
        "current_block_reward": 3.125,
        "blocks_until_next_halving": 143488
    },
    "speculative_vector": {
        "open_interest": 0,
        "funding_rate": 0,
        "error": true
    },
    "trend_vector": {
        "rsi_14d": 65.90315408403814,
        "historical_prices": [
            108846.9,
            109631.0,
            108018.9,
            108249.5,
            109223.2,
            108282.1,
            108931.9,
            111323.7,
            115990.2,
            117532.6,
            117461.0,
            119102.1,
            119855.0,
            117741.0,
            118712.6,
            119321.0,
            118011.9,
            117909.1,
            117319.1,
            118700.1
        ],
        "price_change_percent": 0.06955123017157655
    },
    "singularity_score": 56,
    "narrative_vector": {
        "primary": "The objective remains unchanged. Awaiting a new catalyst.",
        "market": "Momentum is neutral (RSI: 65.9). The derivatives market is balanced.",
        "network": "The -0.55% difficulty adjustment indicates the security baseline is holding steady."
    }
}