{
    "timestamp_utc": "2025-08-01T19:32:05.599397+00:00",
    "market_vector": {
        "price_usd": 113337.5
    },
    "mining_vector": {
        "difficulty_change_percent": -2.6252493002473676,
        "next_retarget_blocks": 1069
    },
    "monetary_vector": {
        "circulating_supply": 19900459.375,
        "current_block_reward": 3.125,
        "blocks_until_next_halving": 141853
    },
    "speculative_vector": {
        "open_interest": 0,
        "funding_rate": 0,
        "error": true
    },
    "trend_vector": {
        "rsi_14d": 42.024725153155565,
        "historical_prices": [
            119102.1,
            119855.0,
            117741.0,
            118712.6,
            119321.0,
            118011.9,
            117909.1,
            117319.1,
            117461.0,
            119977.5,
            118735.3,
            118386.9,
            117628.1,
            117937.5,
            119455.0,
            117979.7,
            117923.0,
            117820.7,
            115762.3,
            113325.0
        ],
        "price_change_percent": -0.24207746478873238
    },
    "singularity_score": 44,
    "narrative_vector": {
        "primary": "The objective remains unchanged. Awaiting a new catalyst.",
        "market": "Momentum is neutral (RSI: 42.0). The derivatives market is balanced.",
        "network": "The -2.63% difficulty adjustment indicates the security baseline is holding steady."
    }
}