{
    "timestamp_utc": "2025-08-03T19:35:27.004926+00:00",
    "market_vector": {
        "price_usd": 114612.2
    },
    "mining_vector": {
        "difficulty_change_percent": -1.7350888940839027,
        "next_retarget_blocks": 777
    },
    "monetary_vector": {
        "circulating_supply": 19901371.875,
        "current_block_reward": 3.125,
        "blocks_until_next_halving": 141561
    },
    "speculative_vector": {
        "open_interest": 0,
        "funding_rate": 0,
        "error": true
    },
    "trend_vector": {
        "rsi_14d": 47.36870022685309,
        "historical_prices": [
            117741.0,
            118712.6,
            119321.0,
            118011.9,
            117909.1,
            117319.1,
            117461.0,
            119977.5,
            118735.3,
            118386.9,
            117628.1,
            117937.5,
            119455.0,
            117979.7,
            117923.0,
            117820.7,
            115762.3,
            113290.2,
            112525.2,
            114612.2
        ],
        "price_change_percent": 0.10655933870322525
    },
    "singularity_score": 48,
    "narrative_vector": {
        "primary": "ECHO DETECTED: Current structure mirrors the 'Pre-Halving Lull.' A period of consolidation may precede a supply shock.",
        "market": "High-conviction pattern match. Standard market analysis suspended.",
        "network": "On-chain fundamentals are secondary to the recognized historical echo."
    }
}