{
    "timestamp_utc": "2025-10-04T21:00:12.404462+00:00",
    "market_vector": {
        "price_usd": 122025.0
    },
    "mining_vector": {
        "difficulty_change_percent": -10.618584602044978,
        "next_retarget_blocks": 1641
    },
    "monetary_vector": {
        "circulating_supply": 19930171.875,
        "current_block_reward": 3.125,
        "blocks_until_next_halving": 132345
    },
    "speculative_vector": {
        "open_interest": 0,
        "funding_rate": 0,
        "error": true
    },
    "trend_vector": {
        "rsi_14d": 68.2143452899466,
        "historical_prices": [
            115374.9,
            116764.2,
            116469.0,
            117135.7,
            115677.2,
            115739.1,
            115298.9,
            112747.8,
            112001.5,
            113300.0,
            109049.8,
            109706.3,
            109720.5,
            112127.8,
            114365.2,
            113995.0,
            118599.9,
            120649.9,
            122259.5,
            122025.0
        ],
        "price_change_percent": -0.07042772559392683
    },
    "singularity_score": 52,
    "narrative_vector": {
        "primary": "The objective remains unchanged. Awaiting a new catalyst.",
        "market": "Momentum is neutral (RSI: 68.2). The derivatives market is balanced.",
        "network": "The -10.62% difficulty adjustment indicates the security baseline is holding steady."
    }
}