{
    "timestamp_utc": "2025-08-25T05:36:30.305907+00:00",
    "market_vector": {
        "price_usd": 112548.0
    },
    "mining_vector": {
        "difficulty_change_percent": 5.1441767782035575,
        "next_retarget_blocks": 1659
    },
    "monetary_vector": {
        "circulating_supply": 19911215.625,
        "current_block_reward": 3.125,
        "blocks_until_next_halving": 138411
    },
    "speculative_vector": {
        "open_interest": 0,
        "funding_rate": 0,
        "error": true
    },
    "trend_vector": {
        "rsi_14d": 42.50616465524195,
        "historical_prices": [
            115010.0,
            117498.1,
            116676.0,
            116467.4,
            119288.4,
            118724.5,
            120172.0,
            123354.3,
            118383.1,
            117426.7,
            117487.5,
            117441.3,
            116260.0,
            112830.3,
            114262.7,
            112462.5,
            116817.9,
            115344.1,
            113456.1,
            112548.0
        ],
        "price_change_percent": -0.036060489250248975
    },
    "singularity_score": 49,
    "narrative_vector": {
        "primary": "The objective remains unchanged. Awaiting a new catalyst.",
        "market": "Momentum is neutral (RSI: 42.5). The derivatives market is balanced.",
        "network": "The 5.14% difficulty adjustment indicates the security baseline is currently hardening."
    }
}