{
    "timestamp_utc": "2025-07-22T10:13:10.375860+00:00",
    "market_vector": {
        "price_usd": 118399.8
    },
    "mining_vector": {
        "difficulty_change_percent": 1.0822155719110382,
        "next_retarget_blocks": 528
    },
    "monetary_vector": {
        "circulating_supply": 19895850.0,
        "current_block_reward": 3.125,
        "blocks_until_next_halving": 143328
    },
    "speculative_vector": {
        "open_interest": 0,
        "funding_rate": 0,
        "error": true
    },
    "trend_vector": {
        "rsi_14d": 65.43605000799029,
        "historical_prices": [
            109631.0,
            108018.9,
            108249.5,
            109223.2,
            108282.1,
            108931.9,
            111323.7,
            115990.2,
            117532.6,
            117461.0,
            119102.1,
            119855.0,
            117741.0,
            118712.6,
            119321.0,
            118011.9,
            117909.1,
            117319.1,
            117461.0,
            118399.8
        ],
        "price_change_percent": -0.06448552536289498
    },
    "singularity_score": 56,
    "narrative_vector": {
        "primary": "The objective remains unchanged. Awaiting a new catalyst.",
        "market": "Momentum is neutral (RSI: 65.4). The derivatives market is balanced.",
        "network": "The 1.08% difficulty adjustment indicates the security baseline is currently hardening."
    }
}