{
    "timestamp_utc": "2025-10-01T21:29:24.231015+00:00",
    "market_vector": {
        "price_usd": 117532.1
    },
    "mining_vector": {
        "difficulty_change_percent": -0.024480631942103148,
        "next_retarget_blocks": 2010
    },
    "monetary_vector": {
        "circulating_supply": 19929018.75,
        "current_block_reward": 3.125,
        "blocks_until_next_halving": 132714
    },
    "speculative_vector": {
        "open_interest": 0,
        "funding_rate": 0,
        "error": true
    },
    "trend_vector": {
        "rsi_14d": 60.901579266776615,
        "historical_prices": [
            116111.7,
            115949.1,
            115390.6,
            115374.9,
            116764.2,
            116469.0,
            117135.7,
            115677.2,
            115739.1,
            115298.9,
            112747.8,
            112001.5,
            113300.0,
            109049.8,
            109706.3,
            109720.5,
            112127.8,
            114365.2,
            113995.0,
            117521.0
        ],
        "price_change_percent": -0.0640326268768685
    },
    "singularity_score": 54,
    "narrative_vector": {
        "primary": "ECHO DETECTED: Current structure mirrors the 'Pre-Halving Lull.' A period of consolidation may precede a supply shock.",
        "market": "High-conviction pattern match. Standard market analysis suspended.",
        "network": "On-chain fundamentals are secondary to the recognized historical echo."
    }
}