{
    "timestamp_utc": "2025-10-18T09:11:44.304357+00:00",
    "market_vector": {
        "price_usd": 106755.2
    },
    "mining_vector": {
        "difficulty_change_percent": 6.555409244595345,
        "next_retarget_blocks": 1689
    },
    "monetary_vector": {
        "circulating_supply": 19936321.875,
        "current_block_reward": 3.125,
        "blocks_until_next_halving": 130377
    },
    "speculative_vector": {
        "open_interest": 0,
        "funding_rate": 0,
        "error": true
    },
    "trend_vector": {
        "rsi_14d": 35.59699692335053,
        "historical_prices": [
            114365.2,
            113995.0,
            118599.9,
            120649.9,
            122259.5,
            122426.4,
            123542.1,
            124766.5,
            121419.8,
            123329.7,
            121699.0,
            113000.1,
            110775.1,
            115125.3,
            115165.5,
            113106.2,
            110781.9,
            108182.3,
            106451.0,
            106755.2
        ],
        "price_change_percent": -0.019011851969789804
    },
    "singularity_score": 47,
    "narrative_vector": {
        "primary": "The objective remains unchanged. Awaiting a new catalyst.",
        "market": "Momentum is neutral (RSI: 35.6). The derivatives market is balanced.",
        "network": "The 6.56% difficulty adjustment indicates the security baseline is currently hardening."
    }
}