{
    "timestamp_utc": "2025-08-10T11:52:32.602662+00:00",
    "market_vector": {
        "price_usd": 118449.9
    },
    "mining_vector": {
        "difficulty_change_percent": -3.628904035026581,
        "next_retarget_blocks": 1819
    },
    "monetary_vector": {
        "circulating_supply": 19904415.625,
        "current_block_reward": 3.125,
        "blocks_until_next_halving": 140587
    },
    "speculative_vector": {
        "open_interest": 0,
        "funding_rate": 0,
        "error": true
    },
    "trend_vector": {
        "rsi_14d": 58.642360335482145,
        "historical_prices": [
            119977.5,
            118735.3,
            118386.9,
            117628.1,
            117937.5,
            119455.0,
            117979.7,
            117923.0,
            117820.7,
            115762.3,
            113290.2,
            112525.2,
            114224.1,
            115092.1,
            114115.0,
            115010.0,
            117498.1,
            116676.0,
            116467.4,
            118449.8
        ],
        "price_change_percent": 0.13720807354961675
    },
    "singularity_score": 52,
    "narrative_vector": {
        "primary": "ECHO DETECTED: Current structure mirrors the 'Pre-Halving Lull.' A period of consolidation may precede a supply shock.",
        "market": "High-conviction pattern match. Standard market analysis suspended.",
        "network": "On-chain fundamentals are secondary to the recognized historical echo."
    }
}