{
    "timestamp_utc": "2025-08-28T13:45:45.282611+00:00",
    "market_vector": {
        "price_usd": 112777.8
    },
    "mining_vector": {
        "difficulty_change_percent": 5.381429666616633,
        "next_retarget_blocks": 1151
    },
    "monetary_vector": {
        "circulating_supply": 19912803.125,
        "current_block_reward": 3.125,
        "blocks_until_next_halving": 137903
    },
    "speculative_vector": {
        "open_interest": 0,
        "funding_rate": 0,
        "error": true
    },
    "trend_vector": {
        "rsi_14d": 45.612858700362814,
        "historical_prices": [
            116467.4,
            119288.4,
            118724.5,
            120172.0,
            123354.3,
            118383.1,
            117426.7,
            117487.5,
            117441.3,
            116260.0,
            112830.3,
            114262.7,
            112462.5,
            116817.9,
            115344.1,
            113456.1,
            110144.9,
            111829.3,
            111268.6,
            112925.0
        ],
        "price_change_percent": -0.17476598419238323
    },
    "singularity_score": 50,
    "narrative_vector": {
        "primary": "ECHO DETECTED: Current structure mirrors the 'Pre-Halving Lull.' A period of consolidation may precede a supply shock.",
        "market": "High-conviction pattern match. Standard market analysis suspended.",
        "network": "On-chain fundamentals are secondary to the recognized historical echo."
    }
}