{
    "timestamp_utc": "2025-10-20T05:12:25.823568+00:00",
    "market_vector": {
        "price_usd": 110426.9
    },
    "mining_vector": {
        "difficulty_change_percent": 6.542678403495339,
        "next_retarget_blocks": 1409
    },
    "monetary_vector": {
        "circulating_supply": 19937196.875,
        "current_block_reward": 3.125,
        "blocks_until_next_halving": 130097
    },
    "speculative_vector": {
        "open_interest": 0,
        "funding_rate": 0,
        "error": true
    },
    "trend_vector": {
        "rsi_14d": 43.82609778970018,
        "historical_prices": [
            118599.9,
            120649.9,
            122259.5,
            122426.4,
            123542.1,
            124766.5,
            121419.8,
            123329.7,
            121699.0,
            113000.1,
            110775.1,
            115125.3,
            115165.5,
            113106.2,
            110781.9,
            108182.3,
            106451.0,
            107199.0,
            108669.8,
            110426.9
        ],
        "price_change_percent": 0.12194856581233159
    },
    "singularity_score": 51,
    "narrative_vector": {
        "primary": "The objective remains unchanged. Awaiting a new catalyst.",
        "market": "Momentum is neutral (RSI: 43.8). The derivatives market is balanced.",
        "network": "The 6.54% difficulty adjustment indicates the security baseline is currently hardening."
    }
}