{
    "timestamp_utc": "2025-09-06T10:09:04.812084+00:00",
    "market_vector": {
        "price_usd": 110717.6
    },
    "mining_vector": {
        "difficulty_change_percent": -9.057211951257393,
        "next_retarget_blocks": 1859
    },
    "monetary_vector": {
        "circulating_supply": 19916890.625,
        "current_block_reward": 3.125,
        "blocks_until_next_halving": 136595
    },
    "speculative_vector": {
        "open_interest": 0,
        "funding_rate": 0,
        "error": true
    },
    "trend_vector": {
        "rsi_14d": 44.658777880307966,
        "historical_prices": [
            116260.0,
            112830.3,
            114262.7,
            112462.5,
            116817.9,
            115344.1,
            113456.1,
            110144.9,
            111829.3,
            111268.6,
            112563.7,
            108400.1,
            108750.0,
            108250.0,
            109263.5,
            111196.9,
            111771.1,
            110744.3,
            110647.8,
            110717.6
        ],
        "price_change_percent": -0.06390560744625642
    },
    "singularity_score": 43,
    "narrative_vector": {
        "primary": "The objective remains unchanged. Awaiting a new catalyst.",
        "market": "Momentum is neutral (RSI: 44.7). The derivatives market is balanced.",
        "network": "The -9.06% difficulty adjustment indicates the security baseline is holding steady."
    }
}