{
    "timestamp_utc": "2025-10-14T11:53:02.444726+00:00",
    "market_vector": {
        "price_usd": 111620.6
    },
    "mining_vector": {
        "difficulty_change_percent": -4.089757509952941,
        "next_retarget_blocks": 268
    },
    "monetary_vector": {
        "circulating_supply": 19934462.5,
        "current_block_reward": 3.125,
        "blocks_until_next_halving": 130972
    },
    "speculative_vector": {
        "open_interest": 0,
        "funding_rate": 0,
        "error": true
    },
    "trend_vector": {
        "rsi_14d": 41.91647553540299,
        "historical_prices": [
            109049.8,
            109706.3,
            109720.5,
            112127.8,
            114365.2,
            113995.0,
            118599.9,
            120649.9,
            122259.5,
            122426.4,
            123542.1,
            124766.5,
            121419.8,
            123329.7,
            121699.0,
            113000.1,
            110775.1,
            115125.3,
            115165.5,
            111620.6
        ],
        "price_change_percent": 0.10609646617155244
    },
    "singularity_score": 45,
    "narrative_vector": {
        "primary": "The objective remains unchanged. Awaiting a new catalyst.",
        "market": "Momentum is neutral (RSI: 41.9). The derivatives market is balanced.",
        "network": "The -4.09% difficulty adjustment indicates the security baseline is holding steady."
    }
}