{
    "timestamp_utc": "2025-10-30T07:16:14.383953+00:00",
    "market_vector": {
        "price_usd": 111335.0
    },
    "mining_vector": {
        "difficulty_change_percent": -4.222263871043763,
        "next_retarget_blocks": 1903
    },
    "monetary_vector": {
        "circulating_supply": 19941953.125,
        "current_block_reward": 3.125,
        "blocks_until_next_halving": 128575
    },
    "speculative_vector": {
        "open_interest": 0,
        "funding_rate": 0,
        "error": true
    },
    "trend_vector": {
        "rsi_14d": 47.345925164823804,
        "historical_prices": [
            110775.1,
            115125.3,
            115165.5,
            113106.2,
            110781.9,
            108182.3,
            106451.0,
            107199.0,
            108669.8,
            110574.4,
            108406.1,
            107644.1,
            110080.0,
            111000.0,
            111645.2,
            114509.9,
            114153.0,
            112918.0,
            110104.2,
            111236.3
        ],
        "price_change_percent": 0.3297534876211712
    },
    "singularity_score": 47,
    "narrative_vector": {
        "primary": "ECHO DETECTED: Current structure mirrors the 'Pre-Halving Lull.' A period of consolidation may precede a supply shock.",
        "market": "High-conviction pattern match. Standard market analysis suspended.",
        "network": "On-chain fundamentals are secondary to the recognized historical echo."
    }
}