{
    "timestamp_utc": "2025-07-29T06:46:19.937642+00:00",
    "market_vector": {
        "price_usd": 118937.5
    },
    "mining_vector": {
        "difficulty_change_percent": -2.4203555577262725,
        "next_retarget_blocks": 1567
    },
    "monetary_vector": {
        "circulating_supply": 19898903.125,
        "current_block_reward": 3.125,
        "blocks_until_next_halving": 142351
    },
    "speculative_vector": {
        "open_interest": 0,
        "funding_rate": 0,
        "error": true
    },
    "trend_vector": {
        "rsi_14d": 60.63363807496187,
        "historical_prices": [
            115990.2,
            117532.6,
            117461.0,
            119102.1,
            119855.0,
            117741.0,
            118712.6,
            119321.0,
            118011.9,
            117909.1,
            117319.1,
            117461.0,
            119977.5,
            118735.3,
            118386.9,
            117628.1,
            117937.5,
            119455.0,
            117979.7,
            118937.6
        ],
        "price_change_percent": 0.09391883931126674
    },
    "singularity_score": 53,
    "narrative_vector": {
        "primary": "ECHO DETECTED: Current structure mirrors the 'Pre-Halving Lull.' A period of consolidation may precede a supply shock.",
        "market": "High-conviction pattern match. Standard market analysis suspended.",
        "network": "On-chain fundamentals are secondary to the recognized historical echo."
    }
}