{
    "timestamp_utc": "2025-09-16T03:04:25.592863+00:00",
    "market_vector": {
        "price_usd": 115101.3
    },
    "mining_vector": {
        "difficulty_change_percent": 4.899227276348284,
        "next_retarget_blocks": 371
    },
    "monetary_vector": {
        "circulating_supply": 19921540.625,
        "current_block_reward": 3.125,
        "blocks_until_next_halving": 135107
    },
    "speculative_vector": {
        "open_interest": 0,
        "funding_rate": 0,
        "error": true
    },
    "trend_vector": {
        "rsi_14d": 55.79160303845692,
        "historical_prices": [
            112563.7,
            108400.1,
            108750.0,
            108250.0,
            109263.5,
            111196.9,
            111771.1,
            110744.3,
            110647.8,
            110254.9,
            111152.8,
            112050.1,
            111541.0,
            113952.8,
            115500.0,
            116111.7,
            115949.1,
            115390.6,
            115374.9,
            115101.3
        ],
        "price_change_percent": -0.03482674346498416
    },
    "singularity_score": 54,
    "narrative_vector": {
        "primary": "ECHO DETECTED: Current structure mirrors the 'Pre-Halving Lull.' A period of consolidation may precede a supply shock.",
        "market": "High-conviction pattern match. Standard market analysis suspended.",
        "network": "On-chain fundamentals are secondary to the recognized historical echo."
    }
}