{
    "timestamp_utc": "2025-10-05T21:10:51.517372+00:00",
    "market_vector": {
        "price_usd": 122575.4
    },
    "mining_vector": {
        "difficulty_change_percent": -7.947065277015907,
        "next_retarget_blocks": 1480
    },
    "monetary_vector": {
        "circulating_supply": 19930675.0,
        "current_block_reward": 3.125,
        "blocks_until_next_halving": 132184
    },
    "speculative_vector": {
        "open_interest": 0,
        "funding_rate": 0,
        "error": true
    },
    "trend_vector": {
        "rsi_14d": 69.49271456112568,
        "historical_prices": [
            116764.2,
            116469.0,
            117135.7,
            115677.2,
            115739.1,
            115298.9,
            112747.8,
            112001.5,
            113300.0,
            109049.8,
            109706.3,
            109720.5,
            112127.8,
            114365.2,
            113995.0,
            118599.9,
            120649.9,
            122259.5,
            122426.4,
            122557.8
        ],
        "price_change_percent": -0.31591053647855255
    },
    "singularity_score": 52,
    "narrative_vector": {
        "primary": "The objective remains unchanged. Awaiting a new catalyst.",
        "market": "Momentum is neutral (RSI: 69.5). The derivatives market is balanced.",
        "network": "The -7.95% difficulty adjustment indicates the security baseline is holding steady."
    }
}