{
    "timestamp_utc": "2025-09-25T16:12:29.130836+00:00",
    "market_vector": {
        "price_usd": 111620.0
    },
    "mining_vector": {
        "difficulty_change_percent": 6.345302508607964,
        "next_retarget_blocks": 936
    },
    "monetary_vector": {
        "circulating_supply": 19926075.0,
        "current_block_reward": 3.125,
        "blocks_until_next_halving": 133656
    },
    "speculative_vector": {
        "open_interest": 0,
        "funding_rate": 0,
        "error": true
    },
    "trend_vector": {
        "rsi_14d": 42.02990106013938,
        "historical_prices": [
            110254.9,
            111152.8,
            112050.1,
            111541.0,
            113952.8,
            115500.0,
            116111.7,
            115949.1,
            115390.6,
            115374.9,
            116764.2,
            116469.0,
            117135.7,
            115677.2,
            115739.1,
            115298.9,
            112747.8,
            112001.5,
            113300.0,
            111620.0
        ],
        "price_change_percent": 0.1258525094703367
    },
    "singularity_score": 50,
    "narrative_vector": {
        "primary": "The objective remains unchanged. Awaiting a new catalyst.",
        "market": "Momentum is neutral (RSI: 42.0). The derivatives market is balanced.",
        "network": "The 6.35% difficulty adjustment indicates the security baseline is currently hardening."
    }
}