{
    "timestamp_utc": "2025-07-17T05:27:46.800903+00:00",
    "market_vector": {
        "price_usd": 118400.0
    },
    "mining_vector": {
        "difficulty_change_percent": -0.34735800878747947,
        "next_retarget_blocks": 1295
    },
    "monetary_vector": {
        "circulating_supply": 19893453.125,
        "current_block_reward": 3.125,
        "blocks_until_next_halving": 144095
    },
    "speculative_vector": {
        "open_interest": 0,
        "funding_rate": 0,
        "error": true
    },
    "trend_vector": {
        "rsi_14d": 68.34548094952024,
        "historical_prices": [
            107325.1,
            108387.2,
            107120.3,
            105700.1,
            108846.9,
            109631.0,
            108018.9,
            108249.5,
            109223.2,
            108282.1,
            108931.9,
            111323.7,
            115990.2,
            117532.6,
            117461.0,
            119102.1,
            119855.0,
            117741.0,
            118712.6,
            118400.0
        ],
        "price_change_percent": 0.0
    },
    "singularity_score": 57,
    "narrative_vector": {
        "primary": "The objective remains unchanged. Awaiting a new catalyst.",
        "market": "Momentum is neutral (RSI: 68.3). The derivatives market is balanced.",
        "network": "The -0.35% difficulty adjustment indicates the security baseline is holding steady."
    }
}