{
    "timestamp_utc": "2025-10-10T20:52:27.246288+00:00",
    "market_vector": {
        "price_usd": 116353.8
    },
    "mining_vector": {
        "difficulty_change_percent": -7.339229850188178,
        "next_retarget_blocks": 811
    },
    "monetary_vector": {
        "circulating_supply": 19932765.625,
        "current_block_reward": 3.125,
        "blocks_until_next_halving": 131515
    },
    "speculative_vector": {
        "open_interest": 0,
        "funding_rate": 0,
        "error": true
    },
    "trend_vector": {
        "rsi_14d": 47.56383880029791,
        "historical_prices": [
            115298.9,
            112747.8,
            112001.5,
            113300.0,
            109049.8,
            109706.3,
            109720.5,
            112127.8,
            114365.2,
            113995.0,
            118599.9,
            120649.9,
            122259.5,
            122426.4,
            123542.1,
            124766.5,
            121419.8,
            123329.7,
            121699.0,
            116360.0
        ],
        "price_change_percent": -0.47861949579027446
    },
    "singularity_score": 43,
    "narrative_vector": {
        "primary": "ECHO DETECTED: Current structure mirrors the 'Pre-Halving Lull.' A period of consolidation may precede a supply shock.",
        "market": "High-conviction pattern match. Standard market analysis suspended.",
        "network": "On-chain fundamentals are secondary to the recognized historical echo."
    }
}