{
    "timestamp_utc": "2025-07-28T08:49:12.597302+00:00",
    "market_vector": {
        "price_usd": 118916.3
    },
    "mining_vector": {
        "difficulty_change_percent": 7.183305073013613,
        "next_retarget_blocks": 1667
    },
    "monetary_vector": {
        "circulating_supply": 19898590.625,
        "current_block_reward": 3.125,
        "blocks_until_next_halving": 142451
    },
    "speculative_vector": {
        "open_interest": 0,
        "funding_rate": 0,
        "error": true
    },
    "trend_vector": {
        "rsi_14d": 61.72239154803184,
        "historical_prices": [
            111323.7,
            115990.2,
            117532.6,
            117461.0,
            119102.1,
            119855.0,
            117741.0,
            118712.6,
            119321.0,
            118011.9,
            117909.1,
            117319.1,
            117461.0,
            119977.5,
            118735.3,
            118386.9,
            117628.1,
            117937.5,
            119455.0,
            118916.3
        ],
        "price_change_percent": -0.028247186420494064
    },
    "singularity_score": 58,
    "narrative_vector": {
        "primary": "ECHO DETECTED: Current structure mirrors the 'Pre-Halving Lull.' A period of consolidation may precede a supply shock.",
        "market": "High-conviction pattern match. Standard market analysis suspended.",
        "network": "On-chain fundamentals are secondary to the recognized historical echo."
    }
}