{
    "timestamp_utc": "2025-09-30T20:53:51.772241+00:00",
    "market_vector": {
        "price_usd": 114484.8
    },
    "mining_vector": {
        "difficulty_change_percent": 5.460803073720566,
        "next_retarget_blocks": 156
    },
    "monetary_vector": {
        "circulating_supply": 19928512.5,
        "current_block_reward": 3.125,
        "blocks_until_next_halving": 132876
    },
    "speculative_vector": {
        "open_interest": 0,
        "funding_rate": 0,
        "error": true
    },
    "trend_vector": {
        "rsi_14d": 53.61683399325645,
        "historical_prices": [
            115500.0,
            116111.7,
            115949.1,
            115390.6,
            115374.9,
            116764.2,
            116469.0,
            117135.7,
            115677.2,
            115739.1,
            115298.9,
            112747.8,
            112001.5,
            113300.0,
            109049.8,
            109706.3,
            109720.5,
            112127.8,
            114365.2,
            114408.0
        ],
        "price_change_percent": 0.016085378391037453
    },
    "singularity_score": 54,
    "narrative_vector": {
        "primary": "ECHO DETECTED: Current structure mirrors the 'Pre-Halving Lull.' A period of consolidation may precede a supply shock.",
        "market": "High-conviction pattern match. Standard market analysis suspended.",
        "network": "On-chain fundamentals are secondary to the recognized historical echo."
    }
}