{
    "timestamp_utc": "2025-08-09T15:43:55.584576+00:00",
    "market_vector": {
        "price_usd": 116862.1
    },
    "mining_vector": {
        "difficulty_change_percent": -5.267631175915288,
        "next_retarget_blocks": 1940
    },
    "monetary_vector": {
        "circulating_supply": 19904037.5,
        "current_block_reward": 3.125,
        "blocks_until_next_halving": 140708
    },
    "speculative_vector": {
        "open_interest": 0,
        "funding_rate": 0,
        "error": true
    },
    "trend_vector": {
        "rsi_14d": 54.279346327419084,
        "historical_prices": [
            117461.0,
            119977.5,
            118735.3,
            118386.9,
            117628.1,
            117937.5,
            119455.0,
            117979.7,
            117923.0,
            117820.7,
            115762.3,
            113290.2,
            112525.2,
            114224.1,
            115092.1,
            114115.0,
            115010.0,
            117498.1,
            116676.0,
            116862.0
        ],
        "price_change_percent": -0.00042785324633650654
    },
    "singularity_score": 49,
    "narrative_vector": {
        "primary": "ECHO DETECTED: Current structure mirrors the 'Pre-Halving Lull.' A period of consolidation may precede a supply shock.",
        "market": "High-conviction pattern match. Standard market analysis suspended.",
        "network": "On-chain fundamentals are secondary to the recognized historical echo."
    }
}