{
    "timestamp_utc": "2025-10-16T14:41:36.606081+00:00",
    "market_vector": {
        "price_usd": 110978.9
    },
    "mining_vector": {
        "difficulty_change_percent": -49.83614771544648,
        "next_retarget_blocks": 1963
    },
    "monetary_vector": {
        "circulating_supply": 19935465.625,
        "current_block_reward": 3.125,
        "blocks_until_next_halving": 130651
    },
    "speculative_vector": {
        "open_interest": 0,
        "funding_rate": 0,
        "error": true
    },
    "trend_vector": {
        "rsi_14d": 40.978691177197035,
        "historical_prices": [
            109720.5,
            112127.8,
            114365.2,
            113995.0,
            118599.9,
            120649.9,
            122259.5,
            122426.4,
            123542.1,
            124766.5,
            121419.8,
            123329.7,
            121699.0,
            113000.1,
            110775.1,
            115125.3,
            115165.5,
            113106.2,
            110781.9,
            110970.1
        ],
        "price_change_percent": 0.7834162068887276
    },
    "singularity_score": 43,
    "narrative_vector": {
        "primary": "Financial energy is expanding. The market has chosen its short-term direction.",
        "market": "Momentum is neutral (RSI: 41.0). The derivatives market is balanced.",
        "network": "The -49.84% difficulty adjustment indicates the security baseline is holding steady."
    }
}