{
    "timestamp_utc": "2025-08-24T22:34:06.343782+00:00",
    "market_vector": {
        "price_usd": 112759.1
    },
    "mining_vector": {
        "difficulty_change_percent": 6.954234579911955,
        "next_retarget_blocks": 1698
    },
    "monetary_vector": {
        "circulating_supply": 19911093.75,
        "current_block_reward": 3.125,
        "blocks_until_next_halving": 138450
    },
    "speculative_vector": {
        "open_interest": 0,
        "funding_rate": 0,
        "error": true
    },
    "trend_vector": {
        "rsi_14d": 42.99078081465104,
        "historical_prices": [
            114115.0,
            115010.0,
            117498.1,
            116676.0,
            116467.4,
            119288.4,
            118724.5,
            120172.0,
            123354.3,
            118383.1,
            117426.7,
            117487.5,
            117441.3,
            116260.0,
            112830.3,
            114262.7,
            112462.5,
            116817.9,
            115344.1,
            112759.1
        ],
        "price_change_percent": -0.13736093423147067
    },
    "singularity_score": 50,
    "narrative_vector": {
        "primary": "The objective remains unchanged. Awaiting a new catalyst.",
        "market": "Momentum is neutral (RSI: 43.0). The derivatives market is balanced.",
        "network": "The 6.95% difficulty adjustment indicates the security baseline is currently hardening."
    }
}