{
    "timestamp_utc": "2025-08-25T04:32:22.221843+00:00",
    "market_vector": {
        "price_usd": 112743.6
    },
    "mining_vector": {
        "difficulty_change_percent": 6.164756345591016,
        "next_retarget_blocks": 1665
    },
    "monetary_vector": {
        "circulating_supply": 19911196.875,
        "current_block_reward": 3.125,
        "blocks_until_next_halving": 138417
    },
    "speculative_vector": {
        "open_interest": 0,
        "funding_rate": 0,
        "error": true
    },
    "trend_vector": {
        "rsi_14d": 42.78736576074136,
        "historical_prices": [
            115010.0,
            117498.1,
            116676.0,
            116467.4,
            119288.4,
            118724.5,
            120172.0,
            123354.3,
            118383.1,
            117426.7,
            117487.5,
            117441.3,
            116260.0,
            112830.3,
            114262.7,
            112462.5,
            116817.9,
            115344.1,
            113456.1,
            112700.1
        ],
        "price_change_percent": -0.3545500441640267
    },
    "singularity_score": 49,
    "narrative_vector": {
        "primary": "The objective remains unchanged. Awaiting a new catalyst.",
        "market": "Momentum is neutral (RSI: 42.8). The derivatives market is balanced.",
        "network": "The 6.16% difficulty adjustment indicates the security baseline is currently hardening."
    }
}