{
    "timestamp_utc": "2025-09-27T23:33:25.930197+00:00",
    "market_vector": {
        "price_usd": 109628.6
    },
    "mining_vector": {
        "difficulty_change_percent": 5.146597195102065,
        "next_retarget_blocks": 599
    },
    "monetary_vector": {
        "circulating_supply": 19927128.125,
        "current_block_reward": 3.125,
        "blocks_until_next_halving": 133319
    },
    "speculative_vector": {
        "open_interest": 0,
        "funding_rate": 0,
        "error": true
    },
    "trend_vector": {
        "rsi_14d": 38.24252910498611,
        "historical_prices": [
            112050.1,
            111541.0,
            113952.8,
            115500.0,
            116111.7,
            115949.1,
            115390.6,
            115374.9,
            116764.2,
            116469.0,
            117135.7,
            115677.2,
            115739.1,
            115298.9,
            112747.8,
            112001.5,
            113300.0,
            109049.8,
            109706.3,
            109628.6
        ],
        "price_change_percent": 0.07859963028049005
    },
    "singularity_score": 48,
    "narrative_vector": {
        "primary": "The objective remains unchanged. Awaiting a new catalyst.",
        "market": "Momentum is neutral (RSI: 38.2). The derivatives market is balanced.",
        "network": "The 5.15% difficulty adjustment indicates the security baseline is currently hardening."
    }
}