{
    "timestamp_utc": "2025-09-04T16:29:34.378074+00:00",
    "market_vector": {
        "price_usd": 109432.9
    },
    "mining_vector": {
        "difficulty_change_percent": 5.624743273193444,
        "next_retarget_blocks": 67
    },
    "monetary_vector": {
        "circulating_supply": 19916190.625,
        "current_block_reward": 3.125,
        "blocks_until_next_halving": 136819
    },
    "speculative_vector": {
        "open_interest": 0,
        "funding_rate": 0,
        "error": true
    },
    "trend_vector": {
        "rsi_14d": 42.09190296772248,
        "historical_prices": [
            117487.5,
            117441.3,
            116260.0,
            112830.3,
            114262.7,
            112462.5,
            116817.9,
            115344.1,
            113456.1,
            110144.9,
            111829.3,
            111268.6,
            112563.7,
            108400.1,
            108750.0,
            108250.0,
            109263.5,
            111196.9,
            111771.1,
            109432.9
        ],
        "price_change_percent": -0.15246350364964034
    },
    "singularity_score": 49,
    "narrative_vector": {
        "primary": "The objective remains unchanged. Awaiting a new catalyst.",
        "market": "Momentum is neutral (RSI: 42.1). The derivatives market is balanced.",
        "network": "The 5.62% difficulty adjustment indicates the security baseline is currently hardening."
    }
}