{
    "timestamp_utc": "2025-10-30T04:37:06.079265+00:00",
    "market_vector": {
        "price_usd": 109208.8
    },
    "mining_vector": {
        "difficulty_change_percent": -4.020498995893829,
        "next_retarget_blocks": 1918
    },
    "monetary_vector": {
        "circulating_supply": 19941906.25,
        "current_block_reward": 3.125,
        "blocks_until_next_halving": 128590
    },
    "speculative_vector": {
        "open_interest": 0,
        "funding_rate": 0,
        "error": true
    },
    "trend_vector": {
        "rsi_14d": 43.12283734834501,
        "historical_prices": [
            110775.1,
            115125.3,
            115165.5,
            113106.2,
            110781.9,
            108182.3,
            106451.0,
            107199.0,
            108669.8,
            110574.4,
            108406.1,
            107644.1,
            110080.0,
            111000.0,
            111645.2,
            114509.9,
            114153.0,
            112918.0,
            110104.2,
            109208.8
        ],
        "price_change_percent": -0.7172870730141876
    },
    "singularity_score": 43,
    "narrative_vector": {
        "primary": "Financial energy is contracting. The market has chosen its short-term direction.",
        "market": "Momentum is neutral (RSI: 43.1). The derivatives market is balanced.",
        "network": "The -4.02% difficulty adjustment indicates the security baseline is holding steady."
    }
}