{
    "timestamp_utc": "2025-08-05T19:56:16.715836+00:00",
    "market_vector": {
        "price_usd": 113502.0
    },
    "mining_vector": {
        "difficulty_change_percent": 1.4189416304136504,
        "next_retarget_blocks": 443
    },
    "monetary_vector": {
        "circulating_supply": 19902415.625,
        "current_block_reward": 3.125,
        "blocks_until_next_halving": 141227
    },
    "speculative_vector": {
        "open_interest": 0,
        "funding_rate": 0,
        "error": true
    },
    "trend_vector": {
        "rsi_14d": 44.31909728679214,
        "historical_prices": [
            119321.0,
            118011.9,
            117909.1,
            117319.1,
            117461.0,
            119977.5,
            118735.3,
            118386.9,
            117628.1,
            117937.5,
            119455.0,
            117979.7,
            117923.0,
            117820.7,
            115762.3,
            113290.2,
            112525.2,
            114224.1,
            115092.1,
            113502.0
        ],
        "price_change_percent": -0.06629845928720167
    },
    "singularity_score": 48,
    "narrative_vector": {
        "primary": "The objective remains unchanged. Awaiting a new catalyst.",
        "market": "Momentum is neutral (RSI: 44.3). The derivatives market is balanced.",
        "network": "The 1.42% difficulty adjustment indicates the security baseline is currently hardening."
    }
}