{
    "timestamp_utc": "2025-07-23T16:56:03.846471+00:00",
    "market_vector": {
        "price_usd": 117806.0
    },
    "mining_vector": {
        "difficulty_change_percent": 0.3410065677201368,
        "next_retarget_blocks": 354
    },
    "monetary_vector": {
        "circulating_supply": 19896393.75,
        "current_block_reward": 3.125,
        "blocks_until_next_halving": 143154
    },
    "speculative_vector": {
        "open_interest": 0,
        "funding_rate": 0,
        "error": true
    },
    "trend_vector": {
        "rsi_14d": 60.35287830567369,
        "historical_prices": [
            108018.9,
            108249.5,
            109223.2,
            108282.1,
            108931.9,
            111323.7,
            115990.2,
            117532.6,
            117461.0,
            119102.1,
            119855.0,
            117741.0,
            118712.6,
            119321.0,
            118011.9,
            117909.1,
            117319.1,
            117461.0,
            119977.5,
            117806.0
        ],
        "price_change_percent": -0.07930483165747097
    },
    "singularity_score": 54,
    "narrative_vector": {
        "primary": "ECHO DETECTED: Current structure mirrors the 'Pre-Halving Lull.' A period of consolidation may precede a supply shock.",
        "market": "High-conviction pattern match. Standard market analysis suspended.",
        "network": "On-chain fundamentals are secondary to the recognized historical echo."
    }
}