{
    "timestamp_utc": "2025-07-18T07:45:12.387161+00:00",
    "market_vector": {
        "price_usd": 119850.0
    },
    "mining_vector": {
        "difficulty_change_percent": -1.2762677668714417,
        "next_retarget_blocks": 1146
    },
    "monetary_vector": {
        "circulating_supply": 19893918.75,
        "current_block_reward": 3.125,
        "blocks_until_next_halving": 143946
    },
    "speculative_vector": {
        "open_interest": 0,
        "funding_rate": 0,
        "error": true
    },
    "trend_vector": {
        "rsi_14d": 71.40910037591091,
        "historical_prices": [
            108387.2,
            107120.3,
            105700.1,
            108846.9,
            109631.0,
            108018.9,
            108249.5,
            109223.2,
            108282.1,
            108931.9,
            111323.7,
            115990.2,
            117532.6,
            117461.0,
            119102.1,
            119855.0,
            117741.0,
            118712.6,
            119321.0,
            119850.1
        ],
        "price_change_percent": 0.04449200646428195
    },
    "singularity_score": 58,
    "narrative_vector": {
        "primary": "Market sentiment is overheated (RSI: 71). A correction is probable.",
        "market": "Momentum is neutral (RSI: 71.4). The derivatives market is balanced.",
        "network": "The -1.28% difficulty adjustment indicates the security baseline is holding steady."
    }
}