{
    "timestamp_utc": "2025-08-03T14:42:59.610329+00:00",
    "market_vector": {
        "price_usd": 113812.3
    },
    "mining_vector": {
        "difficulty_change_percent": -1.9184979765788923,
        "next_retarget_blocks": 808
    },
    "monetary_vector": {
        "circulating_supply": 19901275.0,
        "current_block_reward": 3.125,
        "blocks_until_next_halving": 141592
    },
    "speculative_vector": {
        "open_interest": 0,
        "funding_rate": 0,
        "error": true
    },
    "trend_vector": {
        "rsi_14d": 44.36973036137276,
        "historical_prices": [
            117741.0,
            118712.6,
            119321.0,
            118011.9,
            117909.1,
            117319.1,
            117461.0,
            119977.5,
            118735.3,
            118386.9,
            117628.1,
            117937.5,
            119455.0,
            117979.7,
            117923.0,
            117820.7,
            115762.3,
            113290.2,
            112525.2,
            113705.5
        ],
        "price_change_percent": 0.005013201430430915
    },
    "singularity_score": 46,
    "narrative_vector": {
        "primary": "The objective remains unchanged. Awaiting a new catalyst.",
        "market": "Momentum is neutral (RSI: 44.4). The derivatives market is balanced.",
        "network": "The -1.92% difficulty adjustment indicates the security baseline is holding steady."
    }
}