{
    "timestamp_utc": "2025-10-23T18:50:56.927697+00:00",
    "market_vector": {
        "price_usd": 110326.3
    },
    "mining_vector": {
        "difficulty_change_percent": 4.931536321863805,
        "next_retarget_blocks": 879
    },
    "monetary_vector": {
        "circulating_supply": 19938853.125,
        "current_block_reward": 3.125,
        "blocks_until_next_halving": 129567
    },
    "speculative_vector": {
        "open_interest": 0,
        "funding_rate": 0,
        "error": true
    },
    "trend_vector": {
        "rsi_14d": 45.448277164964495,
        "historical_prices": [
            122426.4,
            123542.1,
            124766.5,
            121419.8,
            123329.7,
            121699.0,
            113000.1,
            110775.1,
            115125.3,
            115165.5,
            113106.2,
            110781.9,
            108182.3,
            106451.0,
            107199.0,
            108669.8,
            110574.4,
            108406.1,
            107644.1,
            110326.3
        ],
        "price_change_percent": -0.28353217642805234
    },
    "singularity_score": 49,
    "narrative_vector": {
        "primary": "ECHO DETECTED: Current structure mirrors the 'Pre-Halving Lull.' A period of consolidation may precede a supply shock.",
        "market": "High-conviction pattern match. Standard market analysis suspended.",
        "network": "On-chain fundamentals are secondary to the recognized historical echo."
    }
}