{
    "timestamp_utc": "2025-07-27T10:10:58.243333+00:00",
    "market_vector": {
        "price_usd": 118104.0
    },
    "mining_vector": {
        "difficulty_change_percent": 3.2642398992879906,
        "next_retarget_blocks": 1817
    },
    "monetary_vector": {
        "circulating_supply": 19898121.875,
        "current_block_reward": 3.125,
        "blocks_until_next_halving": 142601
    },
    "speculative_vector": {
        "open_interest": 0,
        "funding_rate": 0,
        "error": true
    },
    "trend_vector": {
        "rsi_14d": 60.592159249495424,
        "historical_prices": [
            108931.9,
            111323.7,
            115990.2,
            117532.6,
            117461.0,
            119102.1,
            119855.0,
            117741.0,
            118712.6,
            119321.0,
            118011.9,
            117909.1,
            117319.1,
            117461.0,
            119977.5,
            118735.3,
            118386.9,
            117628.1,
            117937.5,
            118104.0
        ],
        "price_change_percent": 0.17294302549361212
    },
    "singularity_score": 56,
    "narrative_vector": {
        "primary": "ECHO DETECTED: Current structure mirrors the 'Pre-Halving Lull.' A period of consolidation may precede a supply shock.",
        "market": "High-conviction pattern match. Standard market analysis suspended.",
        "network": "On-chain fundamentals are secondary to the recognized historical echo."
    }
}