{
    "timestamp_utc": "2025-10-02T20:41:42.984540+00:00",
    "market_vector": {
        "price_usd": 120525.1
    },
    "mining_vector": {
        "difficulty_change_percent": 1.1874729020461716,
        "next_retarget_blocks": 1876
    },
    "monetary_vector": {
        "circulating_supply": 19929437.5,
        "current_block_reward": 3.125,
        "blocks_until_next_halving": 132580
    },
    "speculative_vector": {
        "open_interest": 0,
        "funding_rate": 0,
        "error": true
    },
    "trend_vector": {
        "rsi_14d": 66.30227873244039,
        "historical_prices": [
            115949.1,
            115390.6,
            115374.9,
            116764.2,
            116469.0,
            117135.7,
            115677.2,
            115739.1,
            115298.9,
            112747.8,
            112001.5,
            113300.0,
            109049.8,
            109706.3,
            109720.5,
            112127.8,
            114365.2,
            113995.0,
            118599.9,
            120525.0
        ],
        "price_change_percent": -0.06401209928176857
    },
    "singularity_score": 56,
    "narrative_vector": {
        "primary": "The objective remains unchanged. Awaiting a new catalyst.",
        "market": "Momentum is neutral (RSI: 66.3). The derivatives market is balanced.",
        "network": "The 1.19% difficulty adjustment indicates the security baseline is currently hardening."
    }
}