{
    "timestamp_utc": "2025-07-25T21:23:27.797797+00:00",
    "market_vector": {
        "price_usd": 117368.1
    },
    "mining_vector": {
        "difficulty_change_percent": 1.1110895134007759,
        "next_retarget_blocks": 23
    },
    "monetary_vector": {
        "circulating_supply": 19897428.125,
        "current_block_reward": 3.125,
        "blocks_until_next_halving": 142823
    },
    "speculative_vector": {
        "open_interest": 0,
        "funding_rate": 0,
        "error": true
    },
    "trend_vector": {
        "rsi_14d": 58.319048770889054,
        "historical_prices": [
            109223.2,
            108282.1,
            108931.9,
            111323.7,
            115990.2,
            117532.6,
            117461.0,
            119102.1,
            119855.0,
            117741.0,
            118712.6,
            119321.0,
            118011.9,
            117909.1,
            117319.1,
            117461.0,
            119977.5,
            118735.3,
            118386.9,
            117368.1
        ],
        "price_change_percent": 0.1860860554109642
    },
    "singularity_score": 54,
    "narrative_vector": {
        "primary": "ECHO DETECTED: Current structure mirrors the 'Pre-Halving Lull.' A period of consolidation may precede a supply shock.",
        "market": "High-conviction pattern match. Standard market analysis suspended.",
        "network": "On-chain fundamentals are secondary to the recognized historical echo."
    }
}