{
    "timestamp_utc": "2025-08-02T14:33:52.822961+00:00",
    "market_vector": {
        "price_usd": 113175.8
    },
    "mining_vector": {
        "difficulty_change_percent": -2.8255963079242608,
        "next_retarget_blocks": 960
    },
    "monetary_vector": {
        "circulating_supply": 19900800.0,
        "current_block_reward": 3.125,
        "blocks_until_next_halving": 141744
    },
    "speculative_vector": {
        "open_interest": 0,
        "funding_rate": 0,
        "error": true
    },
    "trend_vector": {
        "rsi_14d": 41.75478179309161,
        "historical_prices": [
            119855.0,
            117741.0,
            118712.6,
            119321.0,
            118011.9,
            117909.1,
            117319.1,
            117461.0,
            119977.5,
            118735.3,
            118386.9,
            117628.1,
            117937.5,
            119455.0,
            117979.7,
            117923.0,
            117820.7,
            115762.3,
            113290.2,
            113225.1
        ],
        "price_change_percent": -0.24387256953406805
    },
    "singularity_score": 44,
    "narrative_vector": {
        "primary": "The objective remains unchanged. Awaiting a new catalyst.",
        "market": "Momentum is neutral (RSI: 41.8). The derivatives market is balanced.",
        "network": "The -2.83% difficulty adjustment indicates the security baseline is holding steady."
    }
}