{
    "timestamp_utc": "2025-10-11T07:30:33.395441+00:00",
    "market_vector": {
        "price_usd": 110990.0
    },
    "mining_vector": {
        "difficulty_change_percent": -7.787973373990931,
        "next_retarget_blocks": 758
    },
    "monetary_vector": {
        "circulating_supply": 19932931.25,
        "current_block_reward": 3.125,
        "blocks_until_next_halving": 131462
    },
    "speculative_vector": {
        "open_interest": 0,
        "funding_rate": 0,
        "error": true
    },
    "trend_vector": {
        "rsi_14d": 39.02775359764367,
        "historical_prices": [
            112747.8,
            112001.5,
            113300.0,
            109049.8,
            109706.3,
            109720.5,
            112127.8,
            114365.2,
            113995.0,
            118599.9,
            120649.9,
            122259.5,
            122426.4,
            123542.1,
            124766.5,
            121419.8,
            123329.7,
            121699.0,
            113000.1,
            110899.1
        ],
        "price_change_percent": -0.38704751639270113
    },
    "singularity_score": 40,
    "narrative_vector": {
        "primary": "The objective remains unchanged. Awaiting a new catalyst.",
        "market": "Momentum is neutral (RSI: 39.0). The derivatives market is balanced.",
        "network": "The -7.79% difficulty adjustment indicates the security baseline is holding steady."
    }
}