{
    "timestamp_utc": "2025-07-26T08:45:13.794316+00:00",
    "market_vector": {
        "price_usd": 117531.6
    },
    "mining_vector": {
        "difficulty_change_percent": 3.197789576753207,
        "next_retarget_blocks": 1967
    },
    "monetary_vector": {
        "circulating_supply": 19897653.125,
        "current_block_reward": 3.125,
        "blocks_until_next_halving": 142751
    },
    "speculative_vector": {
        "open_interest": 0,
        "funding_rate": 0,
        "error": true
    },
    "trend_vector": {
        "rsi_14d": 58.89156383078236,
        "historical_prices": [
            108282.1,
            108931.9,
            111323.7,
            115990.2,
            117532.6,
            117461.0,
            119102.1,
            119855.0,
            117741.0,
            118712.6,
            119321.0,
            118011.9,
            117909.1,
            117319.1,
            117461.0,
            119977.5,
            118735.3,
            118386.9,
            117628.1,
            117531.6
        ],
        "price_change_percent": 0.08677532174569869
    },
    "singularity_score": 55,
    "narrative_vector": {
        "primary": "ECHO DETECTED: Current structure mirrors the 'Pre-Halving Lull.' A period of consolidation may precede a supply shock.",
        "market": "High-conviction pattern match. Standard market analysis suspended.",
        "network": "On-chain fundamentals are secondary to the recognized historical echo."
    }
}