{
    "timestamp_utc": "2025-10-02T13:02:22.325475+00:00",
    "market_vector": {
        "price_usd": 119419.9
    },
    "mining_vector": {
        "difficulty_change_percent": 0.03554600237685168,
        "next_retarget_blocks": 1921
    },
    "monetary_vector": {
        "circulating_supply": 19929296.875,
        "current_block_reward": 3.125,
        "blocks_until_next_halving": 132625
    },
    "speculative_vector": {
        "open_interest": 0,
        "funding_rate": 0,
        "error": true
    },
    "trend_vector": {
        "rsi_14d": 64.44814319482825,
        "historical_prices": [
            115949.1,
            115390.6,
            115374.9,
            116764.2,
            116469.0,
            117135.7,
            115677.2,
            115739.1,
            115298.9,
            112747.8,
            112001.5,
            113300.0,
            109049.8,
            109706.3,
            109720.5,
            112127.8,
            114365.2,
            113995.0,
            118599.9,
            119419.9
        ],
        "price_change_percent": 0.2994203088438597
    },
    "singularity_score": 56,
    "narrative_vector": {
        "primary": "ECHO DETECTED: Current structure mirrors the 'Pre-Halving Lull.' A period of consolidation may precede a supply shock.",
        "market": "High-conviction pattern match. Standard market analysis suspended.",
        "network": "On-chain fundamentals are secondary to the recognized historical echo."
    }
}