{
    "timestamp_utc": "2025-10-16T14:21:08.244214+00:00",
    "market_vector": {
        "price_usd": 110107.5
    },
    "mining_vector": {
        "difficulty_change_percent": -49.733751493204004,
        "next_retarget_blocks": 1966
    },
    "monetary_vector": {
        "circulating_supply": 19935456.25,
        "current_block_reward": 3.125,
        "blocks_until_next_halving": 130654
    },
    "speculative_vector": {
        "open_interest": 0,
        "funding_rate": 0,
        "error": true
    },
    "trend_vector": {
        "rsi_14d": 39.51443801893765,
        "historical_prices": [
            109720.5,
            112127.8,
            114365.2,
            113995.0,
            118599.9,
            120649.9,
            122259.5,
            122426.4,
            123542.1,
            124766.5,
            121419.8,
            123329.7,
            121699.0,
            113000.1,
            110775.1,
            115125.3,
            115165.5,
            113106.2,
            110781.9,
            110048.8
        ],
        "price_change_percent": -0.8219118823945033
    },
    "singularity_score": 38,
    "narrative_vector": {
        "primary": "Financial energy is contracting. The market has chosen its short-term direction.",
        "market": "Momentum is neutral (RSI: 39.5). The derivatives market is balanced.",
        "network": "The -49.73% difficulty adjustment indicates the security baseline is holding steady."
    }
}