{
    "timestamp_utc": "2025-07-27T20:47:41.082411+00:00",
    "market_vector": {
        "price_usd": 118969.6
    },
    "mining_vector": {
        "difficulty_change_percent": 3.70187767148511,
        "next_retarget_blocks": 1757
    },
    "monetary_vector": {
        "circulating_supply": 19898309.375,
        "current_block_reward": 3.125,
        "blocks_until_next_halving": 142541
    },
    "speculative_vector": {
        "open_interest": 0,
        "funding_rate": 0,
        "error": true
    },
    "trend_vector": {
        "rsi_14d": 62.87563418667603,
        "historical_prices": [
            108931.9,
            111323.7,
            115990.2,
            117532.6,
            117461.0,
            119102.1,
            119855.0,
            117741.0,
            118712.6,
            119321.0,
            118011.9,
            117909.1,
            117319.1,
            117461.0,
            119977.5,
            118735.3,
            118386.9,
            117628.1,
            117937.5,
            118969.6
        ],
        "price_change_percent": -0.021261415405188253
    },
    "singularity_score": 56,
    "narrative_vector": {
        "primary": "ECHO DETECTED: Current structure mirrors the 'Pre-Halving Lull.' A period of consolidation may precede a supply shock.",
        "market": "High-conviction pattern match. Standard market analysis suspended.",
        "network": "On-chain fundamentals are secondary to the recognized historical echo."
    }
}