{
    "timestamp_utc": "2025-08-26T17:00:57.589466+00:00",
    "market_vector": {
        "price_usd": 110150.3
    },
    "mining_vector": {
        "difficulty_change_percent": 3.9225490845778976,
        "next_retarget_blocks": 1442
    },
    "monetary_vector": {
        "circulating_supply": 19911893.75,
        "current_block_reward": 3.125,
        "blocks_until_next_halving": 138194
    },
    "speculative_vector": {
        "open_interest": 0,
        "funding_rate": 0,
        "error": true
    },
    "trend_vector": {
        "rsi_14d": 38.52170801497784,
        "historical_prices": [
            117498.1,
            116676.0,
            116467.4,
            119288.4,
            118724.5,
            120172.0,
            123354.3,
            118383.1,
            117426.7,
            117487.5,
            117441.3,
            116260.0,
            112830.3,
            114262.7,
            112462.5,
            116817.9,
            115344.1,
            113456.1,
            110144.9,
            110150.3
        ],
        "price_change_percent": 0.3424295646343854
    },
    "singularity_score": 48,
    "narrative_vector": {
        "primary": "The objective remains unchanged. Awaiting a new catalyst.",
        "market": "Momentum is neutral (RSI: 38.5). The derivatives market is balanced.",
        "network": "The 3.92% difficulty adjustment indicates the security baseline is currently hardening."
    }
}