{
    "timestamp_utc": "2025-09-01T16:27:41.766299+00:00",
    "market_vector": {
        "price_usd": 108976.4
    },
    "mining_vector": {
        "difficulty_change_percent": 5.58935195389807,
        "next_retarget_blocks": 524
    },
    "monetary_vector": {
        "circulating_supply": 19914762.5,
        "current_block_reward": 3.125,
        "blocks_until_next_halving": 137276
    },
    "speculative_vector": {
        "open_interest": 0,
        "funding_rate": 0,
        "error": true
    },
    "trend_vector": {
        "rsi_14d": 39.73968049188929,
        "historical_prices": [
            123354.3,
            118383.1,
            117426.7,
            117487.5,
            117441.3,
            116260.0,
            112830.3,
            114262.7,
            112462.5,
            116817.9,
            115344.1,
            113456.1,
            110144.9,
            111829.3,
            111268.6,
            112563.7,
            108400.1,
            108750.0,
            108250.0,
            108976.4
        ],
        "price_change_percent": 0.24809878323966886
    },
    "singularity_score": 49,
    "narrative_vector": {
        "primary": "The objective remains unchanged. Awaiting a new catalyst.",
        "market": "Momentum is neutral (RSI: 39.7). The derivatives market is balanced.",
        "network": "The 5.59% difficulty adjustment indicates the security baseline is currently hardening."
    }
}