{
    "timestamp_utc": "2025-09-09T04:56:13.370250+00:00",
    "market_vector": {
        "price_usd": 112012.8
    },
    "mining_vector": {
        "difficulty_change_percent": 4.664775672574573,
        "next_retarget_blocks": 1418
    },
    "monetary_vector": {
        "circulating_supply": 19918268.75,
        "current_block_reward": 3.125,
        "blocks_until_next_halving": 136154
    },
    "speculative_vector": {
        "open_interest": 0,
        "funding_rate": 0,
        "error": true
    },
    "trend_vector": {
        "rsi_14d": 48.82570726533116,
        "historical_prices": [
            112462.5,
            116817.9,
            115344.1,
            113456.1,
            110144.9,
            111829.3,
            111268.6,
            112563.7,
            108400.1,
            108750.0,
            108250.0,
            109263.5,
            111196.9,
            111771.1,
            110744.3,
            110647.8,
            110254.9,
            111152.8,
            112050.1,
            112012.7
        ],
        "price_change_percent": 0.045104508485899704
    },
    "singularity_score": 51,
    "narrative_vector": {
        "primary": "ECHO DETECTED: Current structure mirrors the 'Pre-Halving Lull.' A period of consolidation may precede a supply shock.",
        "market": "High-conviction pattern match. Standard market analysis suspended.",
        "network": "On-chain fundamentals are secondary to the recognized historical echo."
    }
}