{
    "timestamp_utc": "2025-10-11T07:19:29.955202+00:00",
    "market_vector": {
        "price_usd": 111330.0
    },
    "mining_vector": {
        "difficulty_change_percent": -8.079791237037837,
        "next_retarget_blocks": 763
    },
    "monetary_vector": {
        "circulating_supply": 19932915.625,
        "current_block_reward": 3.125,
        "blocks_until_next_halving": 131467
    },
    "speculative_vector": {
        "open_interest": 0,
        "funding_rate": 0,
        "error": true
    },
    "trend_vector": {
        "rsi_14d": 39.61466031496902,
        "historical_prices": [
            112747.8,
            112001.5,
            113300.0,
            109049.8,
            109706.3,
            109720.5,
            112127.8,
            114365.2,
            113995.0,
            118599.9,
            120649.9,
            122259.5,
            122426.4,
            123542.1,
            124766.5,
            121419.8,
            123329.7,
            121699.0,
            113000.1,
            111330.1
        ],
        "price_change_percent": -0.8106735566642856
    },
    "singularity_score": 39,
    "narrative_vector": {
        "primary": "Financial energy is contracting. The market has chosen its short-term direction.",
        "market": "Momentum is neutral (RSI: 39.6). The derivatives market is balanced.",
        "network": "The -8.08% difficulty adjustment indicates the security baseline is holding steady."
    }
}