{
    "timestamp_utc": "2025-10-31T11:10:15.675325+00:00",
    "market_vector": {
        "price_usd": 109567.1
    },
    "mining_vector": {
        "difficulty_change_percent": -1.284947104552392,
        "next_retarget_blocks": 1726
    },
    "monetary_vector": {
        "circulating_supply": 19942506.25,
        "current_block_reward": 3.125,
        "blocks_until_next_halving": 128398
    },
    "speculative_vector": {
        "open_interest": 0,
        "funding_rate": 0,
        "error": true
    },
    "trend_vector": {
        "rsi_14d": 44.57521097279921,
        "historical_prices": [
            115125.3,
            115165.5,
            113106.2,
            110781.9,
            108182.3,
            106451.0,
            107199.0,
            108669.8,
            110574.4,
            108406.1,
            107644.1,
            110080.0,
            111000.0,
            111645.2,
            114509.9,
            114153.0,
            112918.0,
            110104.2,
            108302.7,
            109567.1
        ],
        "price_change_percent": -0.2794107073459532
    },
    "singularity_score": 46,
    "narrative_vector": {
        "primary": "The objective remains unchanged. Awaiting a new catalyst.",
        "market": "Momentum is neutral (RSI: 44.6). The derivatives market is balanced.",
        "network": "The -1.28% difficulty adjustment indicates the security baseline is holding steady."
    }
}