{
    "timestamp_utc": "2025-09-22T20:54:59.888771+00:00",
    "market_vector": {
        "price_usd": 112777.7
    },
    "mining_vector": {
        "difficulty_change_percent": 9.995620846944519,
        "next_retarget_blocks": 1343
    },
    "monetary_vector": {
        "circulating_supply": 19924803.125,
        "current_block_reward": 3.125,
        "blocks_until_next_halving": 134063
    },
    "speculative_vector": {
        "open_interest": 0,
        "funding_rate": 0,
        "error": true
    },
    "trend_vector": {
        "rsi_14d": 44.34955521577516,
        "historical_prices": [
            111771.1,
            110744.3,
            110647.8,
            110254.9,
            111152.8,
            112050.1,
            111541.0,
            113952.8,
            115500.0,
            116111.7,
            115949.1,
            115390.6,
            115374.9,
            116764.2,
            116469.0,
            117135.7,
            115677.2,
            115739.1,
            115298.9,
            112737.2
        ],
        "price_change_percent": 0.12175832881142314
    },
    "singularity_score": 53,
    "narrative_vector": {
        "primary": "The objective remains unchanged. Awaiting a new catalyst.",
        "market": "Momentum is neutral (RSI: 44.3). The derivatives market is balanced.",
        "network": "The 10.00% difficulty adjustment indicates the security baseline is currently hardening."
    }
}