{
    "timestamp_utc": "2025-08-02T08:14:02.594083+00:00",
    "market_vector": {
        "price_usd": 113960.4
    },
    "mining_vector": {
        "difficulty_change_percent": -2.3580142636682955,
        "next_retarget_blocks": 992
    },
    "monetary_vector": {
        "circulating_supply": 19900700.0,
        "current_block_reward": 3.125,
        "blocks_until_next_halving": 141776
    },
    "speculative_vector": {
        "open_interest": 0,
        "funding_rate": 0,
        "error": true
    },
    "trend_vector": {
        "rsi_14d": 44.40238889916876,
        "historical_prices": [
            119855.0,
            117741.0,
            118712.6,
            119321.0,
            118011.9,
            117909.1,
            117319.1,
            117461.0,
            119977.5,
            118735.3,
            118386.9,
            117628.1,
            117937.5,
            119455.0,
            117979.7,
            117923.0,
            117820.7,
            115762.3,
            113290.2,
            113960.4
        ],
        "price_change_percent": 0.07868566831882384
    },
    "singularity_score": 46,
    "narrative_vector": {
        "primary": "The objective remains unchanged. Awaiting a new catalyst.",
        "market": "Momentum is neutral (RSI: 44.4). The derivatives market is balanced.",
        "network": "The -2.36% difficulty adjustment indicates the security baseline is holding steady."
    }
}