{
    "timestamp_utc": "2025-10-25T14:42:49.350753+00:00",
    "market_vector": {
        "price_usd": 111565.7
    },
    "mining_vector": {
        "difficulty_change_percent": 6.92290569117755,
        "next_retarget_blocks": 576
    },
    "monetary_vector": {
        "circulating_supply": 19939800.0,
        "current_block_reward": 3.125,
        "blocks_until_next_halving": 129264
    },
    "speculative_vector": {
        "open_interest": 0,
        "funding_rate": 0,
        "error": true
    },
    "trend_vector": {
        "rsi_14d": 48.10651163263197,
        "historical_prices": [
            124766.5,
            121419.8,
            123329.7,
            121699.0,
            113000.1,
            110775.1,
            115125.3,
            115165.5,
            113106.2,
            110781.9,
            108182.3,
            106451.0,
            107199.0,
            108669.8,
            110574.4,
            108406.1,
            107644.1,
            110080.0,
            111000.0,
            111565.8
        ],
        "price_change_percent": 8.963328335305634e-05
    },
    "singularity_score": 52,
    "narrative_vector": {
        "primary": "ECHO DETECTED: Current structure mirrors the 'Pre-Halving Lull.' A period of consolidation may precede a supply shock.",
        "market": "High-conviction pattern match. Standard market analysis suspended.",
        "network": "On-chain fundamentals are secondary to the recognized historical echo."
    }
}