{
    "timestamp_utc": "2025-10-06T19:25:30.669395+00:00",
    "market_vector": {
        "price_usd": 125789.5
    },
    "mining_vector": {
        "difficulty_change_percent": -7.648739702904228,
        "next_retarget_blocks": 1355
    },
    "monetary_vector": {
        "circulating_supply": 19931065.625,
        "current_block_reward": 3.125,
        "blocks_until_next_halving": 132059
    },
    "speculative_vector": {
        "open_interest": 0,
        "funding_rate": 0,
        "error": true
    },
    "trend_vector": {
        "rsi_14d": 74.15287185636338,
        "historical_prices": [
            116469.0,
            117135.7,
            115677.2,
            115739.1,
            115298.9,
            112747.8,
            112001.5,
            113300.0,
            109049.8,
            109706.3,
            109720.5,
            112127.8,
            114365.2,
            113995.0,
            118599.9,
            120649.9,
            122259.5,
            122426.4,
            123542.1,
            125765.5
        ],
        "price_change_percent": -0.015979571588485345
    },
    "singularity_score": 55,
    "narrative_vector": {
        "primary": "Market sentiment is overheated (RSI: 74). A correction is probable.",
        "market": "Momentum is neutral (RSI: 74.2). The derivatives market is balanced.",
        "network": "The -7.65% difficulty adjustment indicates the security baseline is holding steady."
    }
}