{
    "timestamp_utc": "2025-09-04T19:07:49.481472+00:00",
    "market_vector": {
        "price_usd": 110053.2
    },
    "mining_vector": {
        "difficulty_change_percent": 5.478924802406038,
        "next_retarget_blocks": 53
    },
    "monetary_vector": {
        "circulating_supply": 19916234.375,
        "current_block_reward": 3.125,
        "blocks_until_next_halving": 136805
    },
    "speculative_vector": {
        "open_interest": 0,
        "funding_rate": 0,
        "error": true
    },
    "trend_vector": {
        "rsi_14d": 43.27158158498137,
        "historical_prices": [
            117487.5,
            117441.3,
            116260.0,
            112830.3,
            114262.7,
            112462.5,
            116817.9,
            115344.1,
            113456.1,
            110144.9,
            111829.3,
            111268.6,
            112563.7,
            108400.1,
            108750.0,
            108250.0,
            109263.5,
            111196.9,
            111771.1,
            110053.2
        ],
        "price_change_percent": -0.019804678628210684
    },
    "singularity_score": 49,
    "narrative_vector": {
        "primary": "The objective remains unchanged. Awaiting a new catalyst.",
        "market": "Momentum is neutral (RSI: 43.3). The derivatives market is balanced.",
        "network": "The 5.48% difficulty adjustment indicates the security baseline is currently hardening."
    }
}