{
    "timestamp_utc": "2025-09-28T04:40:27.401486+00:00",
    "market_vector": {
        "price_usd": 109432.1
    },
    "mining_vector": {
        "difficulty_change_percent": 5.053541780956006,
        "next_retarget_blocks": 568
    },
    "monetary_vector": {
        "circulating_supply": 19927225.0,
        "current_block_reward": 3.125,
        "blocks_until_next_halving": 133288
    },
    "speculative_vector": {
        "open_interest": 0,
        "funding_rate": 0,
        "error": true
    },
    "trend_vector": {
        "rsi_14d": 37.752109323062705,
        "historical_prices": [
            111541.0,
            113952.8,
            115500.0,
            116111.7,
            115949.1,
            115390.6,
            115374.9,
            116764.2,
            116469.0,
            117135.7,
            115677.2,
            115739.1,
            115298.9,
            112747.8,
            112001.5,
            113300.0,
            109049.8,
            109706.3,
            109720.5,
            109432.1
        ],
        "price_change_percent": -0.03717818490072154
    },
    "singularity_score": 47,
    "narrative_vector": {
        "primary": "The objective remains unchanged. Awaiting a new catalyst.",
        "market": "Momentum is neutral (RSI: 37.8). The derivatives market is balanced.",
        "network": "The 5.05% difficulty adjustment indicates the security baseline is currently hardening."
    }
}