{
    "timestamp_utc": "2025-07-19T23:28:20.769952+00:00",
    "market_vector": {
        "price_usd": 117875.9
    },
    "mining_vector": {
        "difficulty_change_percent": -1.211578562228377,
        "next_retarget_blocks": 910
    },
    "monetary_vector": {
        "circulating_supply": 19894656.25,
        "current_block_reward": 3.125,
        "blocks_until_next_halving": 143710
    },
    "speculative_vector": {
        "open_interest": 0,
        "funding_rate": 0,
        "error": true
    },
    "trend_vector": {
        "rsi_14d": 65.04392604932315,
        "historical_prices": [
            107120.3,
            105700.1,
            108846.9,
            109631.0,
            108018.9,
            108249.5,
            109223.2,
            108282.1,
            108931.9,
            111323.7,
            115990.2,
            117532.6,
            117461.0,
            119102.1,
            119855.0,
            117741.0,
            118712.6,
            119321.0,
            118011.9,
            117875.9
        ],
        "price_change_percent": -0.0018663347984160259
    },
    "singularity_score": 55,
    "narrative_vector": {
        "primary": "The objective remains unchanged. Awaiting a new catalyst.",
        "market": "Momentum is neutral (RSI: 65.0). The derivatives market is balanced.",
        "network": "The -1.21% difficulty adjustment indicates the security baseline is holding steady."
    }
}