{
    "timestamp_utc": "2025-08-19T07:31:53.944077+00:00",
    "market_vector": {
        "price_usd": 114760.5
    },
    "mining_vector": {
        "difficulty_change_percent": -0.1912834164149224,
        "next_retarget_blocks": 516
    },
    "monetary_vector": {
        "circulating_supply": 19908487.5,
        "current_block_reward": 3.125,
        "blocks_until_next_halving": 139284
    },
    "speculative_vector": {
        "open_interest": 0,
        "funding_rate": 0,
        "error": true
    },
    "trend_vector": {
        "rsi_14d": 44.091070183626975,
        "historical_prices": [
            115762.3,
            113290.2,
            112525.2,
            114224.1,
            115092.1,
            114115.0,
            115010.0,
            117498.1,
            116676.0,
            116467.4,
            119288.4,
            118724.5,
            120172.0,
            123354.3,
            118383.1,
            117426.7,
            117487.5,
            117441.3,
            116260.0,
            114760.4
        ],
        "price_change_percent": -0.1691099458221916
    },
    "singularity_score": 47,
    "narrative_vector": {
        "primary": "The objective remains unchanged. Awaiting a new catalyst.",
        "market": "Momentum is neutral (RSI: 44.1). The derivatives market is balanced.",
        "network": "The -0.19% difficulty adjustment indicates the security baseline is holding steady."
    }
}