{
    "timestamp_utc": "2025-10-08T17:58:44.068040+00:00",
    "market_vector": {
        "price_usd": 124150.0
    },
    "mining_vector": {
        "difficulty_change_percent": -5.63670130000502,
        "next_retarget_blocks": 1077
    },
    "monetary_vector": {
        "circulating_supply": 19931934.375,
        "current_block_reward": 3.125,
        "blocks_until_next_halving": 131781
    },
    "speculative_vector": {
        "open_interest": 0,
        "funding_rate": 0,
        "error": true
    },
    "trend_vector": {
        "rsi_14d": 66.12417097147495,
        "historical_prices": [
            115677.2,
            115739.1,
            115298.9,
            112747.8,
            112001.5,
            113300.0,
            109049.8,
            109706.3,
            109720.5,
            112127.8,
            114365.2,
            113995.0,
            118599.9,
            120649.9,
            122259.5,
            122426.4,
            123542.1,
            124766.5,
            121419.8,
            124150.0
        ],
        "price_change_percent": 0.28441516374672415
    },
    "singularity_score": 54,
    "narrative_vector": {
        "primary": "The objective remains unchanged. Awaiting a new catalyst.",
        "market": "Momentum is neutral (RSI: 66.1). The derivatives market is balanced.",
        "network": "The -5.64% difficulty adjustment indicates the security baseline is holding steady."
    }
}