{
    "timestamp_utc": "2025-08-25T23:35:55.657677+00:00",
    "market_vector": {
        "price_usd": 110045.7
    },
    "mining_vector": {
        "difficulty_change_percent": 5.086982871011214,
        "next_retarget_blocks": 1547
    },
    "monetary_vector": {
        "circulating_supply": 19911565.625,
        "current_block_reward": 3.125,
        "blocks_until_next_halving": 138299
    },
    "speculative_vector": {
        "open_interest": 0,
        "funding_rate": 0,
        "error": true
    },
    "trend_vector": {
        "rsi_14d": 38.35876185534322,
        "historical_prices": [
            115010.0,
            117498.1,
            116676.0,
            116467.4,
            119288.4,
            118724.5,
            120172.0,
            123354.3,
            118383.1,
            117426.7,
            117487.5,
            117441.3,
            116260.0,
            112830.3,
            114262.7,
            112462.5,
            116817.9,
            115344.1,
            113456.1,
            110045.7
        ],
        "price_change_percent": -0.015354898030764974
    },
    "singularity_score": 47,
    "narrative_vector": {
        "primary": "The objective remains unchanged. Awaiting a new catalyst.",
        "market": "Momentum is neutral (RSI: 38.4). The derivatives market is balanced.",
        "network": "The 5.09% difficulty adjustment indicates the security baseline is currently hardening."
    }
}