{
    "timestamp_utc": "2025-08-02T05:11:00.429155+00:00",
    "market_vector": {
        "price_usd": 113985.0
    },
    "mining_vector": {
        "difficulty_change_percent": -2.5643511561394106,
        "next_retarget_blocks": 1012
    },
    "monetary_vector": {
        "circulating_supply": 19900637.5,
        "current_block_reward": 3.125,
        "blocks_until_next_halving": 141796
    },
    "speculative_vector": {
        "open_interest": 0,
        "funding_rate": 0,
        "error": true
    },
    "trend_vector": {
        "rsi_14d": 44.48897892832857,
        "historical_prices": [
            119855.0,
            117741.0,
            118712.6,
            119321.0,
            118011.9,
            117909.1,
            117319.1,
            117461.0,
            119977.5,
            118735.3,
            118386.9,
            117628.1,
            117937.5,
            119455.0,
            117979.7,
            117923.0,
            117820.7,
            115762.3,
            113290.2,
            113985.0
        ],
        "price_change_percent": 0.0307152259763054
    },
    "singularity_score": 46,
    "narrative_vector": {
        "primary": "The objective remains unchanged. Awaiting a new catalyst.",
        "market": "Momentum is neutral (RSI: 44.5). The derivatives market is balanced.",
        "network": "The -2.56% difficulty adjustment indicates the security baseline is holding steady."
    }
}