{
    "timestamp_utc": "2025-08-24T20:44:10.312675+00:00",
    "market_vector": {
        "price_usd": 112936.0
    },
    "mining_vector": {
        "difficulty_change_percent": 6.885131818389012,
        "next_retarget_blocks": 1709
    },
    "monetary_vector": {
        "circulating_supply": 19911059.375,
        "current_block_reward": 3.125,
        "blocks_until_next_halving": 138461
    },
    "speculative_vector": {
        "open_interest": 0,
        "funding_rate": 0,
        "error": true
    },
    "trend_vector": {
        "rsi_14d": 43.30180218285211,
        "historical_prices": [
            114115.0,
            115010.0,
            117498.1,
            116676.0,
            116467.4,
            119288.4,
            118724.5,
            120172.0,
            123354.3,
            118383.1,
            117426.7,
            117487.5,
            117441.3,
            116260.0,
            112830.3,
            114262.7,
            112462.5,
            116817.9,
            115344.1,
            112936.1
        ],
        "price_change_percent": 0.10175383549028677
    },
    "singularity_score": 51,
    "narrative_vector": {
        "primary": "The objective remains unchanged. Awaiting a new catalyst.",
        "market": "Momentum is neutral (RSI: 43.3). The derivatives market is balanced.",
        "network": "The 6.89% difficulty adjustment indicates the security baseline is currently hardening."
    }
}