{
    "timestamp_utc": "2025-09-02T12:25:36.399442+00:00",
    "market_vector": {
        "price_usd": 109377.6
    },
    "mining_vector": {
        "difficulty_change_percent": 7.1222495455073975,
        "next_retarget_blocks": 374
    },
    "monetary_vector": {
        "circulating_supply": 19915231.25,
        "current_block_reward": 3.125,
        "blocks_until_next_halving": 137126
    },
    "speculative_vector": {
        "open_interest": 0,
        "funding_rate": 0,
        "error": true
    },
    "trend_vector": {
        "rsi_14d": 40.81953228016722,
        "historical_prices": [
            118383.1,
            117426.7,
            117487.5,
            117441.3,
            116260.0,
            112830.3,
            114262.7,
            112462.5,
            116817.9,
            115344.1,
            113456.1,
            110144.9,
            111829.3,
            111268.6,
            112563.7,
            108400.1,
            108750.0,
            108250.0,
            109263.5,
            109377.5
        ],
        "price_change_percent": -0.44771337606284756
    },
    "singularity_score": 48,
    "narrative_vector": {
        "primary": "The objective remains unchanged. Awaiting a new catalyst.",
        "market": "Momentum is neutral (RSI: 40.8). The derivatives market is balanced.",
        "network": "The 7.12% difficulty adjustment indicates the security baseline is currently hardening."
    }
}