{
    "timestamp_utc": "2025-10-23T06:38:48.893628+00:00",
    "market_vector": {
        "price_usd": 109910.1
    },
    "mining_vector": {
        "difficulty_change_percent": 5.606470868402269,
        "next_retarget_blocks": 949
    },
    "monetary_vector": {
        "circulating_supply": 19938634.375,
        "current_block_reward": 3.125,
        "blocks_until_next_halving": 129637
    },
    "speculative_vector": {
        "open_interest": 0,
        "funding_rate": 0,
        "error": true
    },
    "trend_vector": {
        "rsi_14d": 44.60468917139825,
        "historical_prices": [
            122426.4,
            123542.1,
            124766.5,
            121419.8,
            123329.7,
            121699.0,
            113000.1,
            110775.1,
            115125.3,
            115165.5,
            113106.2,
            110781.9,
            108182.3,
            106451.0,
            107199.0,
            108669.8,
            110574.4,
            108406.1,
            107644.1,
            109909.9
        ],
        "price_change_percent": 0.7884449441128328
    },
    "singularity_score": 53,
    "narrative_vector": {
        "primary": "Financial energy is expanding. The market has chosen its short-term direction.",
        "market": "Momentum is neutral (RSI: 44.6). The derivatives market is balanced.",
        "network": "The 5.61% difficulty adjustment indicates the security baseline is currently hardening."
    }
}