{
    "timestamp_utc": "2025-09-06T05:31:01.043947+00:00",
    "market_vector": {
        "price_usd": 110774.3
    },
    "mining_vector": {
        "difficulty_change_percent": -7.077409844068516,
        "next_retarget_blocks": 1876
    },
    "monetary_vector": {
        "circulating_supply": 19916837.5,
        "current_block_reward": 3.125,
        "blocks_until_next_halving": 136612
    },
    "speculative_vector": {
        "open_interest": 0,
        "funding_rate": 0,
        "error": true
    },
    "trend_vector": {
        "rsi_14d": 44.826540278417376,
        "historical_prices": [
            116260.0,
            112830.3,
            114262.7,
            112462.5,
            116817.9,
            115344.1,
            113456.1,
            110144.9,
            111829.3,
            111268.6,
            112563.7,
            108400.1,
            108750.0,
            108250.0,
            109263.5,
            111196.9,
            111771.1,
            110744.3,
            110647.8,
            110774.3
        ],
        "price_change_percent": -0.08379394446688847
    },
    "singularity_score": 44,
    "narrative_vector": {
        "primary": "The objective remains unchanged. Awaiting a new catalyst.",
        "market": "Momentum is neutral (RSI: 44.8). The derivatives market is balanced.",
        "network": "The -7.08% difficulty adjustment indicates the security baseline is holding steady."
    }
}