{
    "timestamp_utc": "2025-08-24T21:30:34.125485+00:00",
    "market_vector": {
        "price_usd": 112891.2
    },
    "mining_vector": {
        "difficulty_change_percent": 7.831385484366282,
        "next_retarget_blocks": 1703
    },
    "monetary_vector": {
        "circulating_supply": 19911078.125,
        "current_block_reward": 3.125,
        "blocks_until_next_halving": 138455
    },
    "speculative_vector": {
        "open_interest": 0,
        "funding_rate": 0,
        "error": true
    },
    "trend_vector": {
        "rsi_14d": 43.222479454119295,
        "historical_prices": [
            114115.0,
            115010.0,
            117498.1,
            116676.0,
            116467.4,
            119288.4,
            118724.5,
            120172.0,
            123354.3,
            118383.1,
            117426.7,
            117487.5,
            117441.3,
            116260.0,
            112830.3,
            114262.7,
            112462.5,
            116817.9,
            115344.1,
            112891.2
        ],
        "price_change_percent": 0.16592105706797086
    },
    "singularity_score": 51,
    "narrative_vector": {
        "primary": "The objective remains unchanged. Awaiting a new catalyst.",
        "market": "Momentum is neutral (RSI: 43.2). The derivatives market is balanced.",
        "network": "The 7.83% difficulty adjustment indicates the security baseline is currently hardening."
    }
}