{
    "timestamp_utc": "2025-10-06T12:55:31.864426+00:00",
    "market_vector": {
        "price_usd": 124574.9
    },
    "mining_vector": {
        "difficulty_change_percent": -6.908811943997762,
        "next_retarget_blocks": 1386
    },
    "monetary_vector": {
        "circulating_supply": 19930968.75,
        "current_block_reward": 3.125,
        "blocks_until_next_halving": 132090
    },
    "speculative_vector": {
        "open_interest": 0,
        "funding_rate": 0,
        "error": true
    },
    "trend_vector": {
        "rsi_14d": 72.56234511915667,
        "historical_prices": [
            116469.0,
            117135.7,
            115677.2,
            115739.1,
            115298.9,
            112747.8,
            112001.5,
            113300.0,
            109049.8,
            109706.3,
            109720.5,
            112127.8,
            114365.2,
            113995.0,
            118599.9,
            120649.9,
            122259.5,
            122426.4,
            123542.1,
            124574.9
        ],
        "price_change_percent": 0.23293162350525487
    },
    "singularity_score": 56,
    "narrative_vector": {
        "primary": "Market sentiment is overheated (RSI: 73). A correction is probable.",
        "market": "Momentum is neutral (RSI: 72.6). The derivatives market is balanced.",
        "network": "The -6.91% difficulty adjustment indicates the security baseline is holding steady."
    }
}