{
    "timestamp_utc": "2025-07-16T15:20:12.874476+00:00",
    "market_vector": {
        "price_usd": 119246.3
    },
    "mining_vector": {
        "difficulty_change_percent": 2.6942254687931433,
        "next_retarget_blocks": 1360
    },
    "monetary_vector": {
        "circulating_supply": 19893250.0,
        "current_block_reward": 3.125,
        "blocks_until_next_halving": 144160
    },
    "speculative_vector": {
        "open_interest": 0,
        "funding_rate": 0,
        "error": true
    },
    "trend_vector": {
        "rsi_14d": 70.35286982697735,
        "historical_prices": [
            107115.4,
            107325.1,
            108387.2,
            107120.3,
            105700.1,
            108846.9,
            109631.0,
            108018.9,
            108249.5,
            109223.2,
            108282.1,
            108931.9,
            111323.7,
            115990.2,
            117532.6,
            117461.0,
            119102.1,
            119855.0,
            117741.0,
            119246.8
        ],
        "price_change_percent": 0.028856058597938414
    },
    "singularity_score": 59,
    "narrative_vector": {
        "primary": "Market sentiment is overheated (RSI: 70). A correction is probable.",
        "market": "Momentum is neutral (RSI: 70.4). The derivatives market is balanced.",
        "network": "The 2.69% difficulty adjustment indicates the security baseline is currently hardening."
    }
}