{
    "timestamp_utc": "2025-10-15T05:55:39.327164+00:00",
    "market_vector": {
        "price_usd": 112499.1
    },
    "mining_vector": {
        "difficulty_change_percent": -3.6670534593501003,
        "next_retarget_blocks": 156
    },
    "monetary_vector": {
        "circulating_supply": 19934812.5,
        "current_block_reward": 3.125,
        "blocks_until_next_halving": 130860
    },
    "speculative_vector": {
        "open_interest": 0,
        "funding_rate": 0,
        "error": true
    },
    "trend_vector": {
        "rsi_14d": 43.08269135502416,
        "historical_prices": [
            109706.3,
            109720.5,
            112127.8,
            114365.2,
            113995.0,
            118599.9,
            120649.9,
            122259.5,
            122426.4,
            123542.1,
            124766.5,
            121419.8,
            123329.7,
            121699.0,
            113000.1,
            110775.1,
            115125.3,
            115165.5,
            113106.2,
            112499.0
        ],
        "price_change_percent": -0.1367029728458186
    },
    "singularity_score": 44,
    "narrative_vector": {
        "primary": "The objective remains unchanged. Awaiting a new catalyst.",
        "market": "Momentum is neutral (RSI: 43.1). The derivatives market is balanced.",
        "network": "The -3.67% difficulty adjustment indicates the security baseline is holding steady."
    }
}