{
    "timestamp_utc": "2025-10-21T03:25:29.289149+00:00",
    "market_vector": {
        "price_usd": 109585.0
    },
    "mining_vector": {
        "difficulty_change_percent": 5.544270352429792,
        "next_retarget_blocks": 1274
    },
    "monetary_vector": {
        "circulating_supply": 19937618.75,
        "current_block_reward": 3.125,
        "blocks_until_next_halving": 129962
    },
    "speculative_vector": {
        "open_interest": 0,
        "funding_rate": 0,
        "error": true
    },
    "trend_vector": {
        "rsi_14d": 42.485451327957286,
        "historical_prices": [
            120649.9,
            122259.5,
            122426.4,
            123542.1,
            124766.5,
            121419.8,
            123329.7,
            121699.0,
            113000.1,
            110775.1,
            115125.3,
            115165.5,
            113106.2,
            110781.9,
            108182.3,
            106451.0,
            107199.0,
            108669.8,
            110574.4,
            109585.1
        ],
        "price_change_percent": -0.00720848959330813
    },
    "singularity_score": 49,
    "narrative_vector": {
        "primary": "The objective remains unchanged. Awaiting a new catalyst.",
        "market": "Momentum is neutral (RSI: 42.5). The derivatives market is balanced.",
        "network": "The 5.54% difficulty adjustment indicates the security baseline is currently hardening."
    }
}