{
    "timestamp_utc": "2025-09-25T11:23:12.900630+00:00",
    "market_vector": {
        "price_usd": 111513.0
    },
    "mining_vector": {
        "difficulty_change_percent": 6.219960036723005,
        "next_retarget_blocks": 968
    },
    "monetary_vector": {
        "circulating_supply": 19925975.0,
        "current_block_reward": 3.125,
        "blocks_until_next_halving": 133688
    },
    "speculative_vector": {
        "open_interest": 0,
        "funding_rate": 0,
        "error": true
    },
    "trend_vector": {
        "rsi_14d": 41.73864568633909,
        "historical_prices": [
            110254.9,
            111152.8,
            112050.1,
            111541.0,
            113952.8,
            115500.0,
            116111.7,
            115949.1,
            115390.6,
            115374.9,
            116764.2,
            116469.0,
            117135.7,
            115677.2,
            115739.1,
            115298.9,
            112747.8,
            112001.5,
            113300.0,
            111513.0
        ],
        "price_change_percent": -0.1481038410292359
    },
    "singularity_score": 49,
    "narrative_vector": {
        "primary": "The objective remains unchanged. Awaiting a new catalyst.",
        "market": "Momentum is neutral (RSI: 41.7). The derivatives market is balanced.",
        "network": "The 6.22% difficulty adjustment indicates the security baseline is currently hardening."
    }
}