{
    "timestamp_utc": "2025-08-11T04:36:22.473645+00:00",
    "market_vector": {
        "price_usd": 121680.2
    },
    "mining_vector": {
        "difficulty_change_percent": -7.585609069990085,
        "next_retarget_blocks": 1727
    },
    "monetary_vector": {
        "circulating_supply": 19904703.125,
        "current_block_reward": 3.125,
        "blocks_until_next_halving": 140495
    },
    "speculative_vector": {
        "open_interest": 0,
        "funding_rate": 0,
        "error": true
    },
    "trend_vector": {
        "rsi_14d": 65.71402098480627,
        "historical_prices": [
            118735.3,
            118386.9,
            117628.1,
            117937.5,
            119455.0,
            117979.7,
            117923.0,
            117820.7,
            115762.3,
            113290.2,
            112525.2,
            114224.1,
            115092.1,
            114115.0,
            115010.0,
            117498.1,
            116676.0,
            116467.4,
            119288.4,
            121680.2
        ],
        "price_change_percent": -0.040006933439797034
    },
    "singularity_score": 52,
    "narrative_vector": {
        "primary": "The objective remains unchanged. Awaiting a new catalyst.",
        "market": "Momentum is neutral (RSI: 65.7). The derivatives market is balanced.",
        "network": "The -7.59% difficulty adjustment indicates the security baseline is holding steady."
    }
}