{
    "timestamp_utc": "2025-10-31T18:57:30.552229+00:00",
    "market_vector": {
        "price_usd": 109318.7
    },
    "mining_vector": {
        "difficulty_change_percent": -1.4170476885657868,
        "next_retarget_blocks": 1680
    },
    "monetary_vector": {
        "circulating_supply": 19942650.0,
        "current_block_reward": 3.125,
        "blocks_until_next_halving": 128352
    },
    "speculative_vector": {
        "open_interest": 0,
        "funding_rate": 0,
        "error": true
    },
    "trend_vector": {
        "rsi_14d": 44.008085089526595,
        "historical_prices": [
            115125.3,
            115165.5,
            113106.2,
            110781.9,
            108182.3,
            106451.0,
            107199.0,
            108669.8,
            110574.4,
            108406.1,
            107644.1,
            110080.0,
            111000.0,
            111645.2,
            114509.9,
            114153.0,
            112918.0,
            110104.2,
            108302.7,
            109318.6
        ],
        "price_change_percent": -0.25474963913508947
    },
    "singularity_score": 46,
    "narrative_vector": {
        "primary": "The objective remains unchanged. Awaiting a new catalyst.",
        "market": "Momentum is neutral (RSI: 44.0). The derivatives market is balanced.",
        "network": "The -1.42% difficulty adjustment indicates the security baseline is holding steady."
    }
}