{
    "timestamp_utc": "2025-08-20T02:20:39.072201+00:00",
    "market_vector": {
        "price_usd": 113293.2
    },
    "mining_vector": {
        "difficulty_change_percent": -0.6030616978506265,
        "next_retarget_blocks": 410
    },
    "monetary_vector": {
        "circulating_supply": 19908818.75,
        "current_block_reward": 3.125,
        "blocks_until_next_halving": 139178
    },
    "speculative_vector": {
        "open_interest": 0,
        "funding_rate": 0,
        "error": true
    },
    "trend_vector": {
        "rsi_14d": 41.41643509030203,
        "historical_prices": [
            113290.2,
            112525.2,
            114224.1,
            115092.1,
            114115.0,
            115010.0,
            117498.1,
            116676.0,
            116467.4,
            119288.4,
            118724.5,
            120172.0,
            123354.3,
            118383.1,
            117426.7,
            117487.5,
            117441.3,
            116260.0,
            112830.3,
            113293.2
        ],
        "price_change_percent": 0.0711934890639304
    },
    "singularity_score": 46,
    "narrative_vector": {
        "primary": "The objective remains unchanged. Awaiting a new catalyst.",
        "market": "Momentum is neutral (RSI: 41.4). The derivatives market is balanced.",
        "network": "The -0.60% difficulty adjustment indicates the security baseline is holding steady."
    }
}