{
    "timestamp_utc": "2025-10-18T00:47:36.893002+00:00",
    "market_vector": {
        "price_usd": 106815.4
    },
    "mining_vector": {
        "difficulty_change_percent": 7.882471423908699,
        "next_retarget_blocks": 1740
    },
    "monetary_vector": {
        "circulating_supply": 19936162.5,
        "current_block_reward": 3.125,
        "blocks_until_next_halving": 130428
    },
    "speculative_vector": {
        "open_interest": 0,
        "funding_rate": 0,
        "error": true
    },
    "trend_vector": {
        "rsi_14d": 35.73639575676846,
        "historical_prices": [
            114365.2,
            113995.0,
            118599.9,
            120649.9,
            122259.5,
            122426.4,
            123542.1,
            124766.5,
            121419.8,
            123329.7,
            121699.0,
            113000.1,
            110775.1,
            115125.3,
            115165.5,
            113106.2,
            110781.9,
            108182.3,
            106451.0,
            106815.4
        ],
        "price_change_percent": 0.21146449010225554
    },
    "singularity_score": 48,
    "narrative_vector": {
        "primary": "The objective remains unchanged. Awaiting a new catalyst.",
        "market": "Momentum is neutral (RSI: 35.7). The derivatives market is balanced.",
        "network": "The 7.88% difficulty adjustment indicates the security baseline is currently hardening."
    }
}