{
    "timestamp_utc": "2025-09-02T17:48:15.810492+00:00",
    "market_vector": {
        "price_usd": 110887.6
    },
    "mining_vector": {
        "difficulty_change_percent": 7.022443210843576,
        "next_retarget_blocks": 341
    },
    "monetary_vector": {
        "circulating_supply": 19915334.375,
        "current_block_reward": 3.125,
        "blocks_until_next_halving": 137093
    },
    "speculative_vector": {
        "open_interest": 0,
        "funding_rate": 0,
        "error": true
    },
    "trend_vector": {
        "rsi_14d": 44.74802204438032,
        "historical_prices": [
            118383.1,
            117426.7,
            117487.5,
            117441.3,
            116260.0,
            112830.3,
            114262.7,
            112462.5,
            116817.9,
            115344.1,
            113456.1,
            110144.9,
            111829.3,
            111268.6,
            112563.7,
            108400.1,
            108750.0,
            108250.0,
            109263.5,
            110887.6
        ],
        "price_change_percent": 0.03391971132161103
    },
    "singularity_score": 51,
    "narrative_vector": {
        "primary": "The objective remains unchanged. Awaiting a new catalyst.",
        "market": "Momentum is neutral (RSI: 44.7). The derivatives market is balanced.",
        "network": "The 7.02% difficulty adjustment indicates the security baseline is currently hardening."
    }
}