{
    "timestamp_utc": "2025-10-03T16:49:56.060409+00:00",
    "market_vector": {
        "price_usd": 123191.9
    },
    "mining_vector": {
        "difficulty_change_percent": -1.9864372455675738,
        "next_retarget_blocks": 1774
    },
    "monetary_vector": {
        "circulating_supply": 19929756.25,
        "current_block_reward": 3.125,
        "blocks_until_next_halving": 132478
    },
    "speculative_vector": {
        "open_interest": 0,
        "funding_rate": 0,
        "error": true
    },
    "trend_vector": {
        "rsi_14d": 70.38346734419056,
        "historical_prices": [
            115390.6,
            115374.9,
            116764.2,
            116469.0,
            117135.7,
            115677.2,
            115739.1,
            115298.9,
            112747.8,
            112001.5,
            113300.0,
            109049.8,
            109706.3,
            109720.5,
            112127.8,
            114365.2,
            113995.0,
            118599.9,
            120649.9,
            123245.3
        ],
        "price_change_percent": -0.47475152059382636
    },
    "singularity_score": 55,
    "narrative_vector": {
        "primary": "Market sentiment is overheated (RSI: 70). A correction is probable.",
        "market": "Momentum is neutral (RSI: 70.4). The derivatives market is balanced.",
        "network": "The -1.99% difficulty adjustment indicates the security baseline is holding steady."
    }
}