{
    "timestamp_utc": "2025-09-13T16:26:40.381490+00:00",
    "market_vector": {
        "price_usd": 115584.0
    },
    "mining_vector": {
        "difficulty_change_percent": 3.9965279726837943,
        "next_retarget_blocks": 751
    },
    "monetary_vector": {
        "circulating_supply": 19920353.125,
        "current_block_reward": 3.125,
        "blocks_until_next_halving": 135487
    },
    "speculative_vector": {
        "open_interest": 0,
        "funding_rate": 0,
        "error": true
    },
    "trend_vector": {
        "rsi_14d": 57.72278230200425,
        "historical_prices": [
            110144.9,
            111829.3,
            111268.6,
            112563.7,
            108400.1,
            108750.0,
            108250.0,
            109263.5,
            111196.9,
            111771.1,
            110744.3,
            110647.8,
            110254.9,
            111152.8,
            112050.1,
            111541.0,
            113952.8,
            115500.0,
            116111.7,
            115584.0
        ],
        "price_change_percent": -0.17782207256418237
    },
    "singularity_score": 54,
    "narrative_vector": {
        "primary": "ECHO DETECTED: Current structure mirrors the 'Pre-Halving Lull.' A period of consolidation may precede a supply shock.",
        "market": "High-conviction pattern match. Standard market analysis suspended.",
        "network": "On-chain fundamentals are secondary to the recognized historical echo."
    }
}