{
    "timestamp_utc": "2025-09-02T14:12:21.111126+00:00",
    "market_vector": {
        "price_usd": 111063.3
    },
    "mining_vector": {
        "difficulty_change_percent": 7.029546975158096,
        "next_retarget_blocks": 364
    },
    "monetary_vector": {
        "circulating_supply": 19915262.5,
        "current_block_reward": 3.125,
        "blocks_until_next_halving": 137116
    },
    "speculative_vector": {
        "open_interest": 0,
        "funding_rate": 0,
        "error": true
    },
    "trend_vector": {
        "rsi_14d": 45.17125003384262,
        "historical_prices": [
            118383.1,
            117426.7,
            117487.5,
            117441.3,
            116260.0,
            112830.3,
            114262.7,
            112462.5,
            116817.9,
            115344.1,
            113456.1,
            110144.9,
            111829.3,
            111268.6,
            112563.7,
            108400.1,
            108750.0,
            108250.0,
            109263.5,
            111063.2
        ],
        "price_change_percent": -0.08096932881824365
    },
    "singularity_score": 51,
    "narrative_vector": {
        "primary": "ECHO DETECTED: Current structure mirrors the 'Pre-Halving Lull.' A period of consolidation may precede a supply shock.",
        "market": "High-conviction pattern match. Standard market analysis suspended.",
        "network": "On-chain fundamentals are secondary to the recognized historical echo."
    }
}