{
    "timestamp_utc": "2025-10-30T17:52:42.722854+00:00",
    "market_vector": {
        "price_usd": 107532.9
    },
    "mining_vector": {
        "difficulty_change_percent": -2.6383916173132516,
        "next_retarget_blocks": 1838
    },
    "monetary_vector": {
        "circulating_supply": 19942156.25,
        "current_block_reward": 3.125,
        "blocks_until_next_halving": 128510
    },
    "speculative_vector": {
        "open_interest": 0,
        "funding_rate": 0,
        "error": true
    },
    "trend_vector": {
        "rsi_14d": 40.304928800021926,
        "historical_prices": [
            110775.1,
            115125.3,
            115165.5,
            113106.2,
            110781.9,
            108182.3,
            106451.0,
            107199.0,
            108669.8,
            110574.4,
            108406.1,
            107644.1,
            110080.0,
            111000.0,
            111645.2,
            114509.9,
            114153.0,
            112918.0,
            110104.2,
            107520.1
        ],
        "price_change_percent": 0.5384111168150176
    },
    "singularity_score": 46,
    "narrative_vector": {
        "primary": "Financial energy is expanding. The market has chosen its short-term direction.",
        "market": "Momentum is neutral (RSI: 40.3). The derivatives market is balanced.",
        "network": "The -2.64% difficulty adjustment indicates the security baseline is holding steady."
    }
}