{
    "timestamp_utc": "2025-08-21T21:43:43.222345+00:00",
    "market_vector": {
        "price_usd": 112512.4
    },
    "mining_vector": {
        "difficulty_change_percent": -0.4292180843412652,
        "next_retarget_blocks": 148
    },
    "monetary_vector": {
        "circulating_supply": 19909637.5,
        "current_block_reward": 3.125,
        "blocks_until_next_halving": 138916
    },
    "speculative_vector": {
        "open_interest": 0,
        "funding_rate": 0,
        "error": true
    },
    "trend_vector": {
        "rsi_14d": 40.434552556672955,
        "historical_prices": [
            112525.2,
            114224.1,
            115092.1,
            114115.0,
            115010.0,
            117498.1,
            116676.0,
            116467.4,
            119288.4,
            118724.5,
            120172.0,
            123354.3,
            118383.1,
            117426.7,
            117487.5,
            117441.3,
            116260.0,
            112830.3,
            114262.7,
            112488.5
        ],
        "price_change_percent": -0.03012733464625193
    },
    "singularity_score": 45,
    "narrative_vector": {
        "primary": "The objective remains unchanged. Awaiting a new catalyst.",
        "market": "Momentum is neutral (RSI: 40.4). The derivatives market is balanced.",
        "network": "The -0.43% difficulty adjustment indicates the security baseline is holding steady."
    }
}