{
    "timestamp_utc": "2025-09-29T15:10:02.412458+00:00",
    "market_vector": {
        "price_usd": 114062.5
    },
    "mining_vector": {
        "difficulty_change_percent": 5.027249717100957,
        "next_retarget_blocks": 351
    },
    "monetary_vector": {
        "circulating_supply": 19927903.125,
        "current_block_reward": 3.125,
        "blocks_until_next_halving": 133071
    },
    "speculative_vector": {
        "open_interest": 0,
        "funding_rate": 0,
        "error": true
    },
    "trend_vector": {
        "rsi_14d": 52.718993975385494,
        "historical_prices": [
            113952.8,
            115500.0,
            116111.7,
            115949.1,
            115390.6,
            115374.9,
            116764.2,
            116469.0,
            117135.7,
            115677.2,
            115739.1,
            115298.9,
            112747.8,
            112001.5,
            113300.0,
            109049.8,
            109706.3,
            109720.5,
            112127.8,
            114062.5
        ],
        "price_change_percent": -0.1278363694471077
    },
    "singularity_score": 53,
    "narrative_vector": {
        "primary": "ECHO DETECTED: Current structure mirrors the 'Pre-Halving Lull.' A period of consolidation may precede a supply shock.",
        "market": "High-conviction pattern match. Standard market analysis suspended.",
        "network": "On-chain fundamentals are secondary to the recognized historical echo."
    }
}