{
    "timestamp_utc": "2025-10-08T17:36:29.668193+00:00",
    "market_vector": {
        "price_usd": 123900.1
    },
    "mining_vector": {
        "difficulty_change_percent": -5.727293306839054,
        "next_retarget_blocks": 1080
    },
    "monetary_vector": {
        "circulating_supply": 19931925.0,
        "current_block_reward": 3.125,
        "blocks_until_next_halving": 131784
    },
    "speculative_vector": {
        "open_interest": 0,
        "funding_rate": 0,
        "error": true
    },
    "trend_vector": {
        "rsi_14d": 65.77186847559454,
        "historical_prices": [
            115677.2,
            115739.1,
            115298.9,
            112747.8,
            112001.5,
            113300.0,
            109049.8,
            109706.3,
            109720.5,
            112127.8,
            114365.2,
            113995.0,
            118599.9,
            120649.9,
            122259.5,
            122426.4,
            123542.1,
            124766.5,
            121419.8,
            123916.5
        ],
        "price_change_percent": 0.05369398465886152
    },
    "singularity_score": 53,
    "narrative_vector": {
        "primary": "The objective remains unchanged. Awaiting a new catalyst.",
        "market": "Momentum is neutral (RSI: 65.8). The derivatives market is balanced.",
        "network": "The -5.73% difficulty adjustment indicates the security baseline is holding steady."
    }
}