{
    "timestamp_utc": "2025-08-30T05:19:27.031502+00:00",
    "market_vector": {
        "price_usd": 108324.9
    },
    "mining_vector": {
        "difficulty_change_percent": 6.68983000439034,
        "next_retarget_blocks": 887
    },
    "monetary_vector": {
        "circulating_supply": 19913628.125,
        "current_block_reward": 3.125,
        "blocks_until_next_halving": 137639
    },
    "speculative_vector": {
        "open_interest": 0,
        "funding_rate": 0,
        "error": true
    },
    "trend_vector": {
        "rsi_14d": 37.54921296722563,
        "historical_prices": [
            118724.5,
            120172.0,
            123354.3,
            118383.1,
            117426.7,
            117487.5,
            117441.3,
            116260.0,
            112830.3,
            114262.7,
            112462.5,
            116817.9,
            115344.1,
            113456.1,
            110144.9,
            111829.3,
            111268.6,
            112563.7,
            108400.1,
            108325.0
        ],
        "price_change_percent": -0.15696532476522293
    },
    "singularity_score": 47,
    "narrative_vector": {
        "primary": "The objective remains unchanged. Awaiting a new catalyst.",
        "market": "Momentum is neutral (RSI: 37.5). The derivatives market is balanced.",
        "network": "The 6.69% difficulty adjustment indicates the security baseline is currently hardening."
    }
}