{
    "timestamp_utc": "2025-08-01T21:44:30.669299+00:00",
    "market_vector": {
        "price_usd": 114004.1
    },
    "mining_vector": {
        "difficulty_change_percent": -2.7160135184206236,
        "next_retarget_blocks": 1057
    },
    "monetary_vector": {
        "circulating_supply": 19900496.875,
        "current_block_reward": 3.125,
        "blocks_until_next_halving": 141841
    },
    "speculative_vector": {
        "open_interest": 0,
        "funding_rate": 0,
        "error": true
    },
    "trend_vector": {
        "rsi_14d": 43.860266156088045,
        "historical_prices": [
            119102.1,
            119855.0,
            117741.0,
            118712.6,
            119321.0,
            118011.9,
            117909.1,
            117319.1,
            117461.0,
            119977.5,
            118735.3,
            118386.9,
            117628.1,
            117937.5,
            119455.0,
            117979.7,
            117923.0,
            117820.7,
            115762.3,
            114004.1
        ],
        "price_change_percent": 0.044667459974804334
    },
    "singularity_score": 46,
    "narrative_vector": {
        "primary": "The objective remains unchanged. Awaiting a new catalyst.",
        "market": "Momentum is neutral (RSI: 43.9). The derivatives market is balanced.",
        "network": "The -2.72% difficulty adjustment indicates the security baseline is holding steady."
    }
}