{
    "timestamp_utc": "2025-08-28T05:55:41.485491+00:00",
    "market_vector": {
        "price_usd": 112706.8
    },
    "mining_vector": {
        "difficulty_change_percent": 4.676226493023727,
        "next_retarget_blocks": 1206
    },
    "monetary_vector": {
        "circulating_supply": 19912631.25,
        "current_block_reward": 3.125,
        "blocks_until_next_halving": 137958
    },
    "speculative_vector": {
        "open_interest": 0,
        "funding_rate": 0,
        "error": true
    },
    "trend_vector": {
        "rsi_14d": 45.11582591363375,
        "historical_prices": [
            116467.4,
            119288.4,
            118724.5,
            120172.0,
            123354.3,
            118383.1,
            117426.7,
            117487.5,
            117441.3,
            116260.0,
            112830.3,
            114262.7,
            112462.5,
            116817.9,
            115344.1,
            113456.1,
            110144.9,
            111829.3,
            111268.6,
            112706.9
        ],
        "price_change_percent": -0.12565496988445848
    },
    "singularity_score": 50,
    "narrative_vector": {
        "primary": "ECHO DETECTED: Current structure mirrors the 'Pre-Halving Lull.' A period of consolidation may precede a supply shock.",
        "market": "High-conviction pattern match. Standard market analysis suspended.",
        "network": "On-chain fundamentals are secondary to the recognized historical echo."
    }
}