{
    "timestamp_utc": "2025-09-04T19:35:18.065757+00:00",
    "market_vector": {
        "price_usd": 110044.1
    },
    "mining_vector": {
        "difficulty_change_percent": 5.4307188076211155,
        "next_retarget_blocks": 51
    },
    "monetary_vector": {
        "circulating_supply": 19916240.625,
        "current_block_reward": 3.125,
        "blocks_until_next_halving": 136803
    },
    "speculative_vector": {
        "open_interest": 0,
        "funding_rate": 0,
        "error": true
    },
    "trend_vector": {
        "rsi_14d": 43.25399295225531,
        "historical_prices": [
            117487.5,
            117441.3,
            116260.0,
            112830.3,
            114262.7,
            112462.5,
            116817.9,
            115344.1,
            113456.1,
            110144.9,
            111829.3,
            111268.6,
            112563.7,
            108400.1,
            108750.0,
            108250.0,
            109263.5,
            111196.9,
            111771.1,
            110044.2
        ],
        "price_change_percent": 0.013632744762299464
    },
    "singularity_score": 50,
    "narrative_vector": {
        "primary": "The objective remains unchanged. Awaiting a new catalyst.",
        "market": "Momentum is neutral (RSI: 43.3). The derivatives market is balanced.",
        "network": "The 5.43% difficulty adjustment indicates the security baseline is currently hardening."
    }
}