{
    "timestamp_utc": "2025-10-29T09:43:34.996112+00:00",
    "market_vector": {
        "price_usd": 112889.7
    },
    "mining_vector": {
        "difficulty_change_percent": 6.348150260325913,
        "next_retarget_blocks": 3
    },
    "monetary_vector": {
        "circulating_supply": 19941590.625,
        "current_block_reward": 3.125,
        "blocks_until_next_halving": 128691
    },
    "speculative_vector": {
        "open_interest": 0,
        "funding_rate": 0,
        "error": true
    },
    "trend_vector": {
        "rsi_14d": 50.38641220719811,
        "historical_prices": [
            113000.1,
            110775.1,
            115125.3,
            115165.5,
            113106.2,
            110781.9,
            108182.3,
            106451.0,
            107199.0,
            108669.8,
            110574.4,
            108406.1,
            107644.1,
            110080.0,
            111000.0,
            111645.2,
            114509.9,
            114153.0,
            112918.0,
            112889.7
        ],
        "price_change_percent": -0.09151001255829669
    },
    "singularity_score": 53,
    "narrative_vector": {
        "primary": "ECHO DETECTED: Current structure mirrors the 'Pre-Halving Lull.' A period of consolidation may precede a supply shock.",
        "market": "High-conviction pattern match. Standard market analysis suspended.",
        "network": "On-chain fundamentals are secondary to the recognized historical echo."
    }
}