{
    "timestamp_utc": "2025-09-17T09:24:33.701982+00:00",
    "market_vector": {
        "price_usd": 116704.0
    },
    "mining_vector": {
        "difficulty_change_percent": 4.903291385975983,
        "next_retarget_blocks": 180
    },
    "monetary_vector": {
        "circulating_supply": 19922137.5,
        "current_block_reward": 3.125,
        "blocks_until_next_halving": 134916
    },
    "speculative_vector": {
        "open_interest": 0,
        "funding_rate": 0,
        "error": true
    },
    "trend_vector": {
        "rsi_14d": 60.52061150152798,
        "historical_prices": [
            108400.1,
            108750.0,
            108250.0,
            109263.5,
            111196.9,
            111771.1,
            110744.3,
            110647.8,
            110254.9,
            111152.8,
            112050.1,
            111541.0,
            113952.8,
            115500.0,
            116111.7,
            115949.1,
            115390.6,
            115374.9,
            116764.2,
            116704.0
        ],
        "price_change_percent": -0.11956143121109404
    },
    "singularity_score": 56,
    "narrative_vector": {
        "primary": "ECHO DETECTED: Current structure mirrors the 'Pre-Halving Lull.' A period of consolidation may precede a supply shock.",
        "market": "High-conviction pattern match. Standard market analysis suspended.",
        "network": "On-chain fundamentals are secondary to the recognized historical echo."
    }
}