{
    "timestamp_utc": "2025-07-24T10:46:16.304317+00:00",
    "market_vector": {
        "price_usd": 118181.8
    },
    "mining_vector": {
        "difficulty_change_percent": 0.20583381587933047,
        "next_retarget_blocks": 249
    },
    "monetary_vector": {
        "circulating_supply": 19896721.875,
        "current_block_reward": 3.125,
        "blocks_until_next_halving": 143049
    },
    "speculative_vector": {
        "open_interest": 0,
        "funding_rate": 0,
        "error": true
    },
    "trend_vector": {
        "rsi_14d": 61.491724474023094,
        "historical_prices": [
            108249.5,
            109223.2,
            108282.1,
            108931.9,
            111323.7,
            115990.2,
            117532.6,
            117461.0,
            119102.1,
            119855.0,
            117741.0,
            118712.6,
            119321.0,
            118011.9,
            117909.1,
            117319.1,
            117461.0,
            119977.5,
            118735.3,
            118181.8
        ],
        "price_change_percent": -0.19634452933471716
    },
    "singularity_score": 54,
    "narrative_vector": {
        "primary": "ECHO DETECTED: Current structure mirrors the 'Pre-Halving Lull.' A period of consolidation may precede a supply shock.",
        "market": "High-conviction pattern match. Standard market analysis suspended.",
        "network": "On-chain fundamentals are secondary to the recognized historical echo."
    }
}