{
    "timestamp_utc": "2025-07-16T17:45:14.578138+00:00",
    "market_vector": {
        "price_usd": 119353.8
    },
    "mining_vector": {
        "difficulty_change_percent": 2.5578320711026947,
        "next_retarget_blocks": 1346
    },
    "monetary_vector": {
        "circulating_supply": 19893293.75,
        "current_block_reward": 3.125,
        "blocks_until_next_halving": 144146
    },
    "speculative_vector": {
        "open_interest": 0,
        "funding_rate": 0,
        "error": true
    },
    "trend_vector": {
        "rsi_14d": 70.53350155045509,
        "historical_prices": [
            107115.4,
            107325.1,
            108387.2,
            107120.3,
            105700.1,
            108846.9,
            109631.0,
            108018.9,
            108249.5,
            109223.2,
            108282.1,
            108931.9,
            111323.7,
            115990.2,
            117532.6,
            117461.0,
            119102.1,
            119855.0,
            117741.0,
            119368.7
        ],
        "price_change_percent": -0.18797008198606355
    },
    "singularity_score": 58,
    "narrative_vector": {
        "primary": "Market sentiment is overheated (RSI: 71). A correction is probable.",
        "market": "Momentum is neutral (RSI: 70.5). The derivatives market is balanced.",
        "network": "The 2.56% difficulty adjustment indicates the security baseline is currently hardening."
    }
}