{
    "timestamp_utc": "2025-08-02T21:41:40.268908+00:00",
    "market_vector": {
        "price_usd": 112797.0
    },
    "mining_vector": {
        "difficulty_change_percent": -1.8148044404475927,
        "next_retarget_blocks": 907
    },
    "monetary_vector": {
        "circulating_supply": 19900965.625,
        "current_block_reward": 3.125,
        "blocks_until_next_halving": 141691
    },
    "speculative_vector": {
        "open_interest": 0,
        "funding_rate": 0,
        "error": true
    },
    "trend_vector": {
        "rsi_14d": 40.706874919914874,
        "historical_prices": [
            119855.0,
            117741.0,
            118712.6,
            119321.0,
            118011.9,
            117909.1,
            117319.1,
            117461.0,
            119977.5,
            118735.3,
            118386.9,
            117628.1,
            117937.5,
            119455.0,
            117979.7,
            117923.0,
            117820.7,
            115762.3,
            113290.2,
            112834.7
        ],
        "price_change_percent": 0.2083479499574079
    },
    "singularity_score": 46,
    "narrative_vector": {
        "primary": "The objective remains unchanged. Awaiting a new catalyst.",
        "market": "Momentum is neutral (RSI: 40.7). The derivatives market is balanced.",
        "network": "The -1.81% difficulty adjustment indicates the security baseline is holding steady."
    }
}