{
    "timestamp_utc": "2025-09-25T23:52:01.769093+00:00",
    "market_vector": {
        "price_usd": 108965.6
    },
    "mining_vector": {
        "difficulty_change_percent": 6.546023270078161,
        "next_retarget_blocks": 885
    },
    "monetary_vector": {
        "circulating_supply": 19926234.375,
        "current_block_reward": 3.125,
        "blocks_until_next_halving": 133605
    },
    "speculative_vector": {
        "open_interest": 0,
        "funding_rate": 0,
        "error": true
    },
    "trend_vector": {
        "rsi_14d": 35.827806239181015,
        "historical_prices": [
            110254.9,
            111152.8,
            112050.1,
            111541.0,
            113952.8,
            115500.0,
            116111.7,
            115949.1,
            115390.6,
            115374.9,
            116764.2,
            116469.0,
            117135.7,
            115677.2,
            115739.1,
            115298.9,
            112747.8,
            112001.5,
            113300.0,
            108965.6
        ],
        "price_change_percent": -0.03146791877789646
    },
    "singularity_score": 47,
    "narrative_vector": {
        "primary": "The objective remains unchanged. Awaiting a new catalyst.",
        "market": "Momentum is neutral (RSI: 35.8). The derivatives market is balanced.",
        "network": "The 6.55% difficulty adjustment indicates the security baseline is currently hardening."
    }
}