{
    "timestamp_utc": "2025-08-29T09:42:29.239118+00:00",
    "market_vector": {
        "price_usd": 109767.4
    },
    "mining_vector": {
        "difficulty_change_percent": 5.050719634606193,
        "next_retarget_blocks": 1028
    },
    "monetary_vector": {
        "circulating_supply": 19913187.5,
        "current_block_reward": 3.125,
        "blocks_until_next_halving": 137780
    },
    "speculative_vector": {
        "open_interest": 0,
        "funding_rate": 0,
        "error": true
    },
    "trend_vector": {
        "rsi_14d": 39.7397538236539,
        "historical_prices": [
            119288.4,
            118724.5,
            120172.0,
            123354.3,
            118383.1,
            117426.7,
            117487.5,
            117441.3,
            116260.0,
            112830.3,
            114262.7,
            112462.5,
            116817.9,
            115344.1,
            113456.1,
            110144.9,
            111829.3,
            111268.6,
            112563.7,
            109767.4
        ],
        "price_change_percent": 0.0249681064333827
    },
    "singularity_score": 48,
    "narrative_vector": {
        "primary": "The objective remains unchanged. Awaiting a new catalyst.",
        "market": "Momentum is neutral (RSI: 39.7). The derivatives market is balanced.",
        "network": "The 5.05% difficulty adjustment indicates the security baseline is currently hardening."
    }
}