{
    "timestamp_utc": "2025-08-29T12:40:36.435230+00:00",
    "market_vector": {
        "price_usd": 110635.3
    },
    "mining_vector": {
        "difficulty_change_percent": 5.9151601497684725,
        "next_retarget_blocks": 1001
    },
    "monetary_vector": {
        "circulating_supply": 19913271.875,
        "current_block_reward": 3.125,
        "blocks_until_next_halving": 137753
    },
    "speculative_vector": {
        "open_interest": 0,
        "funding_rate": 0,
        "error": true
    },
    "trend_vector": {
        "rsi_14d": 41.260946020883566,
        "historical_prices": [
            119288.4,
            118724.5,
            120172.0,
            123354.3,
            118383.1,
            117426.7,
            117487.5,
            117441.3,
            116260.0,
            112830.3,
            114262.7,
            112462.5,
            116817.9,
            115344.1,
            113456.1,
            110144.9,
            111829.3,
            111268.6,
            112563.7,
            110682.6
        ],
        "price_change_percent": 0.5749210131040661
    },
    "singularity_score": 51,
    "narrative_vector": {
        "primary": "Financial energy is expanding. The market has chosen its short-term direction.",
        "market": "Momentum is neutral (RSI: 41.3). The derivatives market is balanced.",
        "network": "The 5.92% difficulty adjustment indicates the security baseline is currently hardening."
    }
}