{
    "timestamp_utc": "2025-10-05T10:55:34.628182+00:00",
    "market_vector": {
        "price_usd": 123035.8
    },
    "mining_vector": {
        "difficulty_change_percent": -8.808155518001792,
        "next_retarget_blocks": 1545
    },
    "monetary_vector": {
        "circulating_supply": 19930471.875,
        "current_block_reward": 3.125,
        "blocks_until_next_halving": 132249
    },
    "speculative_vector": {
        "open_interest": 0,
        "funding_rate": 0,
        "error": true
    },
    "trend_vector": {
        "rsi_14d": 70.2515147776903,
        "historical_prices": [
            116764.2,
            116469.0,
            117135.7,
            115677.2,
            115739.1,
            115298.9,
            112747.8,
            112001.5,
            113300.0,
            109049.8,
            109706.3,
            109720.5,
            112127.8,
            114365.2,
            113995.0,
            118599.9,
            120649.9,
            122259.5,
            122426.4,
            123035.8
        ],
        "price_change_percent": 0.19120365469336806
    },
    "singularity_score": 54,
    "narrative_vector": {
        "primary": "Market sentiment is overheated (RSI: 70). A correction is probable.",
        "market": "Momentum is neutral (RSI: 70.3). The derivatives market is balanced.",
        "network": "The -8.81% difficulty adjustment indicates the security baseline is holding steady."
    }
}