{
    "timestamp_utc": "2025-07-18T14:25:11.939846+00:00",
    "market_vector": {
        "price_usd": 117867.8
    },
    "mining_vector": {
        "difficulty_change_percent": -0.8958050589402466,
        "next_retarget_blocks": 1103
    },
    "monetary_vector": {
        "circulating_supply": 19894053.125,
        "current_block_reward": 3.125,
        "blocks_until_next_halving": 143903
    },
    "speculative_vector": {
        "open_interest": 0,
        "funding_rate": 0,
        "error": true
    },
    "trend_vector": {
        "rsi_14d": 65.0949463301948,
        "historical_prices": [
            108387.2,
            107120.3,
            105700.1,
            108846.9,
            109631.0,
            108018.9,
            108249.5,
            109223.2,
            108282.1,
            108931.9,
            111323.7,
            115990.2,
            117532.6,
            117461.0,
            119102.1,
            119855.0,
            117741.0,
            118712.6,
            119321.0,
            117880.1
        ],
        "price_change_percent": -0.3993990847702775
    },
    "singularity_score": 54,
    "narrative_vector": {
        "primary": "The objective remains unchanged. Awaiting a new catalyst.",
        "market": "Momentum is neutral (RSI: 65.1). The derivatives market is balanced.",
        "network": "The -0.90% difficulty adjustment indicates the security baseline is holding steady."
    }
}