{
    "timestamp_utc": "2025-09-05T21:51:49.027283+00:00",
    "market_vector": {
        "price_usd": 110720.0
    },
    "mining_vector": {
        "difficulty_change_percent": -6.214492537565275,
        "next_retarget_blocks": 1923
    },
    "monetary_vector": {
        "circulating_supply": 19916690.625,
        "current_block_reward": 3.125,
        "blocks_until_next_halving": 136659
    },
    "speculative_vector": {
        "open_interest": 0,
        "funding_rate": 0,
        "error": true
    },
    "trend_vector": {
        "rsi_14d": 44.61184441970851,
        "historical_prices": [
            117441.3,
            116260.0,
            112830.3,
            114262.7,
            112462.5,
            116817.9,
            115344.1,
            113456.1,
            110144.9,
            111829.3,
            111268.6,
            112563.7,
            108400.1,
            108750.0,
            108250.0,
            109263.5,
            111196.9,
            111771.1,
            110744.3,
            110720.0
        ],
        "price_change_percent": -0.03846063562972142
    },
    "singularity_score": 44,
    "narrative_vector": {
        "primary": "The objective remains unchanged. Awaiting a new catalyst.",
        "market": "Momentum is neutral (RSI: 44.6). The derivatives market is balanced.",
        "network": "The -6.21% difficulty adjustment indicates the security baseline is holding steady."
    }
}