{
    "timestamp_utc": "2025-09-06T16:45:01.575190+00:00",
    "market_vector": {
        "price_usd": 110218.6
    },
    "mining_vector": {
        "difficulty_change_percent": -7.368241640930306,
        "next_retarget_blocks": 1817
    },
    "monetary_vector": {
        "circulating_supply": 19917021.875,
        "current_block_reward": 3.125,
        "blocks_until_next_halving": 136553
    },
    "speculative_vector": {
        "open_interest": 0,
        "funding_rate": 0,
        "error": true
    },
    "trend_vector": {
        "rsi_14d": 43.446859487815814,
        "historical_prices": [
            116260.0,
            112830.3,
            114262.7,
            112462.5,
            116817.9,
            115344.1,
            113456.1,
            110144.9,
            111829.3,
            111268.6,
            112563.7,
            108400.1,
            108750.0,
            108250.0,
            109263.5,
            111196.9,
            111771.1,
            110744.3,
            110647.8,
            110218.5
        ],
        "price_change_percent": -0.016691325681322842
    },
    "singularity_score": 43,
    "narrative_vector": {
        "primary": "The objective remains unchanged. Awaiting a new catalyst.",
        "market": "Momentum is neutral (RSI: 43.4). The derivatives market is balanced.",
        "network": "The -7.37% difficulty adjustment indicates the security baseline is holding steady."
    }
}