{
    "timestamp_utc": "2025-10-05T15:48:46.149528+00:00",
    "market_vector": {
        "price_usd": 122790.1
    },
    "mining_vector": {
        "difficulty_change_percent": -9.237427054129233,
        "next_retarget_blocks": 1520
    },
    "monetary_vector": {
        "circulating_supply": 19930550.0,
        "current_block_reward": 3.125,
        "blocks_until_next_halving": 132224
    },
    "speculative_vector": {
        "open_interest": 0,
        "funding_rate": 0,
        "error": true
    },
    "trend_vector": {
        "rsi_14d": 69.86625447913089,
        "historical_prices": [
            116764.2,
            116469.0,
            117135.7,
            115677.2,
            115739.1,
            115298.9,
            112747.8,
            112001.5,
            113300.0,
            109049.8,
            109706.3,
            109720.5,
            112127.8,
            114365.2,
            113995.0,
            118599.9,
            120649.9,
            122259.5,
            122426.4,
            122790.1
        ],
        "price_change_percent": -0.04884000908424169
    },
    "singularity_score": 53,
    "narrative_vector": {
        "primary": "The objective remains unchanged. Awaiting a new catalyst.",
        "market": "Momentum is neutral (RSI: 69.9). The derivatives market is balanced.",
        "network": "The -9.24% difficulty adjustment indicates the security baseline is holding steady."
    }
}