{
    "timestamp_utc": "2025-08-21T19:09:26.824315+00:00",
    "market_vector": {
        "price_usd": 112684.8
    },
    "mining_vector": {
        "difficulty_change_percent": -0.46366135800226527,
        "next_retarget_blocks": 164
    },
    "monetary_vector": {
        "circulating_supply": 19909587.5,
        "current_block_reward": 3.125,
        "blocks_until_next_halving": 138932
    },
    "speculative_vector": {
        "open_interest": 0,
        "funding_rate": 0,
        "error": true
    },
    "trend_vector": {
        "rsi_14d": 40.813827010841756,
        "historical_prices": [
            112525.2,
            114224.1,
            115092.1,
            114115.0,
            115010.0,
            117498.1,
            116676.0,
            116467.4,
            119288.4,
            118724.5,
            120172.0,
            123354.3,
            118383.1,
            117426.7,
            117487.5,
            117441.3,
            116260.0,
            112830.3,
            114262.7,
            112684.8
        ],
        "price_change_percent": 0.35400263431394285
    },
    "singularity_score": 47,
    "narrative_vector": {
        "primary": "The objective remains unchanged. Awaiting a new catalyst.",
        "market": "Momentum is neutral (RSI: 40.8). The derivatives market is balanced.",
        "network": "The -0.46% difficulty adjustment indicates the security baseline is holding steady."
    }
}