{
    "timestamp_utc": "2025-09-28T12:46:44.362332+00:00",
    "market_vector": {
        "price_usd": 109285.9
    },
    "mining_vector": {
        "difficulty_change_percent": 5.887914281212248,
        "next_retarget_blocks": 505
    },
    "monetary_vector": {
        "circulating_supply": 19927421.875,
        "current_block_reward": 3.125,
        "blocks_until_next_halving": 133225
    },
    "speculative_vector": {
        "open_interest": 0,
        "funding_rate": 0,
        "error": true
    },
    "trend_vector": {
        "rsi_14d": 37.396411000053874,
        "historical_prices": [
            111541.0,
            113952.8,
            115500.0,
            116111.7,
            115949.1,
            115390.6,
            115374.9,
            116764.2,
            116469.0,
            117135.7,
            115677.2,
            115739.1,
            115298.9,
            112747.8,
            112001.5,
            113300.0,
            109049.8,
            109706.3,
            109720.5,
            109287.5
        ],
        "price_change_percent": -0.031558149320356374
    },
    "singularity_score": 47,
    "narrative_vector": {
        "primary": "The objective remains unchanged. Awaiting a new catalyst.",
        "market": "Momentum is neutral (RSI: 37.4). The derivatives market is balanced.",
        "network": "The 5.89% difficulty adjustment indicates the security baseline is currently hardening."
    }
}