{
    "timestamp_utc": "2025-07-17T06:20:16.534033+00:00",
    "market_vector": {
        "price_usd": 118416.4
    },
    "mining_vector": {
        "difficulty_change_percent": -0.5163739177501458,
        "next_retarget_blocks": 1291
    },
    "monetary_vector": {
        "circulating_supply": 19893465.625,
        "current_block_reward": 3.125,
        "blocks_until_next_halving": 144091
    },
    "speculative_vector": {
        "open_interest": 0,
        "funding_rate": 0,
        "error": true
    },
    "trend_vector": {
        "rsi_14d": 68.40684668976171,
        "historical_prices": [
            107325.1,
            108387.2,
            107120.3,
            105700.1,
            108846.9,
            109631.0,
            108018.9,
            108249.5,
            109223.2,
            108282.1,
            108931.9,
            111323.7,
            115990.2,
            117532.6,
            117461.0,
            119102.1,
            119855.0,
            117741.0,
            118712.6,
            118416.4
        ],
        "price_change_percent": -0.1367869075870449
    },
    "singularity_score": 56,
    "narrative_vector": {
        "primary": "The objective remains unchanged. Awaiting a new catalyst.",
        "market": "Momentum is neutral (RSI: 68.4). The derivatives market is balanced.",
        "network": "The -0.52% difficulty adjustment indicates the security baseline is holding steady."
    }
}