{
    "timestamp_utc": "2025-08-21T14:52:34.538422+00:00",
    "market_vector": {
        "price_usd": 113166.2
    },
    "mining_vector": {
        "difficulty_change_percent": -0.75955434394821,
        "next_retarget_blocks": 195
    },
    "monetary_vector": {
        "circulating_supply": 19909490.625,
        "current_block_reward": 3.125,
        "blocks_until_next_halving": 138963
    },
    "speculative_vector": {
        "open_interest": 0,
        "funding_rate": 0,
        "error": true
    },
    "trend_vector": {
        "rsi_14d": 41.77477720552884,
        "historical_prices": [
            112525.2,
            114224.1,
            115092.1,
            114115.0,
            115010.0,
            117498.1,
            116676.0,
            116467.4,
            119288.4,
            118724.5,
            120172.0,
            123354.3,
            118383.1,
            117426.7,
            117487.5,
            117441.3,
            116260.0,
            112830.3,
            114262.7,
            113166.2
        ],
        "price_change_percent": -0.13387117128008647
    },
    "singularity_score": 45,
    "narrative_vector": {
        "primary": "The objective remains unchanged. Awaiting a new catalyst.",
        "market": "Momentum is neutral (RSI: 41.8). The derivatives market is balanced.",
        "network": "The -0.76% difficulty adjustment indicates the security baseline is holding steady."
    }
}