{
    "timestamp_utc": "2025-08-15T14:41:28.985592+00:00",
    "market_vector": {
        "price_usd": 117926.1
    },
    "mining_vector": {
        "difficulty_change_percent": -1.6312390343724115,
        "next_retarget_blocks": 1062
    },
    "monetary_vector": {
        "circulating_supply": 19906781.25,
        "current_block_reward": 3.125,
        "blocks_until_next_halving": 139830
    },
    "speculative_vector": {
        "open_interest": 0,
        "funding_rate": 0,
        "error": true
    },
    "trend_vector": {
        "rsi_14d": 52.40308491487919,
        "historical_prices": [
            119455.0,
            117979.7,
            117923.0,
            117820.7,
            115762.3,
            113290.2,
            112525.2,
            114224.1,
            115092.1,
            114115.0,
            115010.0,
            117498.1,
            116676.0,
            116467.4,
            119288.4,
            118724.5,
            120172.0,
            123354.3,
            118383.1,
            117987.0
        ],
        "price_change_percent": -0.18957610579717626
    },
    "singularity_score": 49,
    "narrative_vector": {
        "primary": "ECHO DETECTED: Current structure mirrors the 'Pre-Halving Lull.' A period of consolidation may precede a supply shock.",
        "market": "High-conviction pattern match. Standard market analysis suspended.",
        "network": "On-chain fundamentals are secondary to the recognized historical echo."
    }
}