{
    "timestamp_utc": "2025-09-25T18:26:25.113723+00:00",
    "market_vector": {
        "price_usd": 109665.5
    },
    "mining_vector": {
        "difficulty_change_percent": 6.321690272131741,
        "next_retarget_blocks": 922
    },
    "monetary_vector": {
        "circulating_supply": 19926118.75,
        "current_block_reward": 3.125,
        "blocks_until_next_halving": 133642
    },
    "speculative_vector": {
        "open_interest": 0,
        "funding_rate": 0,
        "error": true
    },
    "trend_vector": {
        "rsi_14d": 37.27826487696779,
        "historical_prices": [
            110254.9,
            111152.8,
            112050.1,
            111541.0,
            113952.8,
            115500.0,
            116111.7,
            115949.1,
            115390.6,
            115374.9,
            116764.2,
            116469.0,
            117135.7,
            115677.2,
            115739.1,
            115298.9,
            112747.8,
            112001.5,
            113300.0,
            109665.5
        ],
        "price_change_percent": 0.3751752770567313
    },
    "singularity_score": 49,
    "narrative_vector": {
        "primary": "The objective remains unchanged. Awaiting a new catalyst.",
        "market": "Momentum is neutral (RSI: 37.3). The derivatives market is balanced.",
        "network": "The 6.32% difficulty adjustment indicates the security baseline is currently hardening."
    }
}