{
    "timestamp_utc": "2025-08-05T20:58:34.920293+00:00",
    "market_vector": {
        "price_usd": 113551.9
    },
    "mining_vector": {
        "difficulty_change_percent": 1.1418028184078999,
        "next_retarget_blocks": 441
    },
    "monetary_vector": {
        "circulating_supply": 19902421.875,
        "current_block_reward": 3.125,
        "blocks_until_next_halving": 141225
    },
    "speculative_vector": {
        "open_interest": 0,
        "funding_rate": 0,
        "error": true
    },
    "trend_vector": {
        "rsi_14d": 44.45301743404569,
        "historical_prices": [
            119321.0,
            118011.9,
            117909.1,
            117319.1,
            117461.0,
            119977.5,
            118735.3,
            118386.9,
            117628.1,
            117937.5,
            119455.0,
            117979.7,
            117923.0,
            117820.7,
            115762.3,
            113290.2,
            112525.2,
            114224.1,
            115092.1,
            113551.9
        ],
        "price_change_percent": -0.07075453018200699
    },
    "singularity_score": 48,
    "narrative_vector": {
        "primary": "The objective remains unchanged. Awaiting a new catalyst.",
        "market": "Momentum is neutral (RSI: 44.5). The derivatives market is balanced.",
        "network": "The 1.14% difficulty adjustment indicates the security baseline is currently hardening."
    }
}