{
    "timestamp_utc": "2025-10-17T20:53:42.900647+00:00",
    "market_vector": {
        "price_usd": 107175.9
    },
    "mining_vector": {
        "difficulty_change_percent": 9.894173650980065,
        "next_retarget_blocks": 1759
    },
    "monetary_vector": {
        "circulating_supply": 19936103.125,
        "current_block_reward": 3.125,
        "blocks_until_next_halving": 130447
    },
    "speculative_vector": {
        "open_interest": 0,
        "funding_rate": 0,
        "error": true
    },
    "trend_vector": {
        "rsi_14d": 35.769624556569866,
        "historical_prices": [
            112127.8,
            114365.2,
            113995.0,
            118599.9,
            120649.9,
            122259.5,
            122426.4,
            123542.1,
            124766.5,
            121419.8,
            123329.7,
            121699.0,
            113000.1,
            110775.1,
            115125.3,
            115165.5,
            113106.2,
            110781.9,
            108182.3,
            107183.5
        ],
        "price_change_percent": 0.07796451914098973
    },
    "singularity_score": 49,
    "narrative_vector": {
        "primary": "The objective remains unchanged. Awaiting a new catalyst.",
        "market": "Momentum is neutral (RSI: 35.8). The derivatives market is balanced.",
        "network": "The 9.89% difficulty adjustment indicates the security baseline is currently hardening."
    }
}