{
    "timestamp_utc": "2025-10-26T18:16:57.637223+00:00",
    "market_vector": {
        "price_usd": 113567.0
    },
    "mining_vector": {
        "difficulty_change_percent": 6.931609151089901,
        "next_retarget_blocks": 399
    },
    "monetary_vector": {
        "circulating_supply": 19940353.125,
        "current_block_reward": 3.125,
        "blocks_until_next_halving": 129087
    },
    "speculative_vector": {
        "open_interest": 0,
        "funding_rate": 0,
        "error": true
    },
    "trend_vector": {
        "rsi_14d": 52.111538964726456,
        "historical_prices": [
            121419.8,
            123329.7,
            121699.0,
            113000.1,
            110775.1,
            115125.3,
            115165.5,
            113106.2,
            110781.9,
            108182.3,
            106451.0,
            107199.0,
            108669.8,
            110574.4,
            108406.1,
            107644.1,
            110080.0,
            111000.0,
            111645.2,
            113496.2
        ],
        "price_change_percent": -0.05494960311240956
    },
    "singularity_score": 54,
    "narrative_vector": {
        "primary": "ECHO DETECTED: Current structure mirrors the 'Pre-Halving Lull.' A period of consolidation may precede a supply shock.",
        "market": "High-conviction pattern match. Standard market analysis suspended.",
        "network": "On-chain fundamentals are secondary to the recognized historical echo."
    }
}