{
    "timestamp_utc": "2025-08-28T14:52:36.548416+00:00",
    "market_vector": {
        "price_usd": 113142.5
    },
    "mining_vector": {
        "difficulty_change_percent": 5.496946141032777,
        "next_retarget_blocks": 1143
    },
    "monetary_vector": {
        "circulating_supply": 19912828.125,
        "current_block_reward": 3.125,
        "blocks_until_next_halving": 137895
    },
    "speculative_vector": {
        "open_interest": 0,
        "funding_rate": 0,
        "error": true
    },
    "trend_vector": {
        "rsi_14d": 46.206778941333695,
        "historical_prices": [
            116467.4,
            119288.4,
            118724.5,
            120172.0,
            123354.3,
            118383.1,
            117426.7,
            117487.5,
            117441.3,
            116260.0,
            112830.3,
            114262.7,
            112462.5,
            116817.9,
            115344.1,
            113456.1,
            110144.9,
            111829.3,
            111268.6,
            113190.9
        ],
        "price_change_percent": 0.14252878444444853
    },
    "singularity_score": 51,
    "narrative_vector": {
        "primary": "ECHO DETECTED: Current structure mirrors the 'Pre-Halving Lull.' A period of consolidation may precede a supply shock.",
        "market": "High-conviction pattern match. Standard market analysis suspended.",
        "network": "On-chain fundamentals are secondary to the recognized historical echo."
    }
}