{
    "timestamp_utc": "2025-09-23T20:44:24.721573+00:00",
    "market_vector": {
        "price_usd": 111890.5
    },
    "mining_vector": {
        "difficulty_change_percent": 8.244967094235767,
        "next_retarget_blocks": 1199
    },
    "monetary_vector": {
        "circulating_supply": 19925253.125,
        "current_block_reward": 3.125,
        "blocks_until_next_halving": 133919
    },
    "speculative_vector": {
        "open_interest": 0,
        "funding_rate": 0,
        "error": true
    },
    "trend_vector": {
        "rsi_14d": 41.766034742839096,
        "historical_prices": [
            110744.3,
            110647.8,
            110254.9,
            111152.8,
            112050.1,
            111541.0,
            113952.8,
            115500.0,
            116111.7,
            115949.1,
            115390.6,
            115374.9,
            116764.2,
            116469.0,
            117135.7,
            115677.2,
            115739.1,
            115298.9,
            112747.8,
            111890.5
        ],
        "price_change_percent": 0.174850844082828
    },
    "singularity_score": 51,
    "narrative_vector": {
        "primary": "The objective remains unchanged. Awaiting a new catalyst.",
        "market": "Momentum is neutral (RSI: 41.8). The derivatives market is balanced.",
        "network": "The 8.24% difficulty adjustment indicates the security baseline is currently hardening."
    }
}