{
    "timestamp_utc": "2025-09-26T00:57:56.932674+00:00",
    "market_vector": {
        "price_usd": 109549.9
    },
    "mining_vector": {
        "difficulty_change_percent": 6.262900902361612,
        "next_retarget_blocks": 881
    },
    "monetary_vector": {
        "circulating_supply": 19926246.875,
        "current_block_reward": 3.125,
        "blocks_until_next_halving": 133601
    },
    "speculative_vector": {
        "open_interest": 0,
        "funding_rate": 0,
        "error": true
    },
    "trend_vector": {
        "rsi_14d": 37.865374091723126,
        "historical_prices": [
            111152.8,
            112050.1,
            111541.0,
            113952.8,
            115500.0,
            116111.7,
            115949.1,
            115390.6,
            115374.9,
            116764.2,
            116469.0,
            117135.7,
            115677.2,
            115739.1,
            115298.9,
            112747.8,
            112001.5,
            113300.0,
            109049.8,
            109549.9
        ],
        "price_change_percent": 0.5362242762853491
    },
    "singularity_score": 49,
    "narrative_vector": {
        "primary": "Financial energy is expanding. The market has chosen its short-term direction.",
        "market": "Momentum is neutral (RSI: 37.9). The derivatives market is balanced.",
        "network": "The 6.26% difficulty adjustment indicates the security baseline is currently hardening."
    }
}