{
    "timestamp_utc": "2025-08-22T05:47:27.980665+00:00",
    "market_vector": {
        "price_usd": 113165.2
    },
    "mining_vector": {
        "difficulty_change_percent": -0.48993300209476676,
        "next_retarget_blocks": 101
    },
    "monetary_vector": {
        "circulating_supply": 19909784.375,
        "current_block_reward": 3.125,
        "blocks_until_next_halving": 138869
    },
    "speculative_vector": {
        "open_interest": 0,
        "funding_rate": 0,
        "error": true
    },
    "trend_vector": {
        "rsi_14d": 42.358076915954626,
        "historical_prices": [
            114224.1,
            115092.1,
            114115.0,
            115010.0,
            117498.1,
            116676.0,
            116467.4,
            119288.4,
            118724.5,
            120172.0,
            123354.3,
            118383.1,
            117426.7,
            117487.5,
            117441.3,
            116260.0,
            112830.3,
            114262.7,
            112462.5,
            113134.8
        ],
        "price_change_percent": 0.051469534810913216
    },
    "singularity_score": 46,
    "narrative_vector": {
        "primary": "The objective remains unchanged. Awaiting a new catalyst.",
        "market": "Momentum is neutral (RSI: 42.4). The derivatives market is balanced.",
        "network": "The -0.49% difficulty adjustment indicates the security baseline is holding steady."
    }
}