{
    "timestamp_utc": "2025-07-20T17:33:49.742120+00:00",
    "market_vector": {
        "price_usd": 118439.9
    },
    "mining_vector": {
        "difficulty_change_percent": -0.8237567375165344,
        "next_retarget_blocks": 798
    },
    "monetary_vector": {
        "circulating_supply": 19895006.25,
        "current_block_reward": 3.125,
        "blocks_until_next_halving": 143598
    },
    "speculative_vector": {
        "open_interest": 0,
        "funding_rate": 0,
        "error": true
    },
    "trend_vector": {
        "rsi_14d": 66.15288042679357,
        "historical_prices": [
            105700.1,
            108846.9,
            109631.0,
            108018.9,
            108249.5,
            109223.2,
            108282.1,
            108931.9,
            111323.7,
            115990.2,
            117532.6,
            117461.0,
            119102.1,
            119855.0,
            117741.0,
            118712.6,
            119321.0,
            118011.9,
            117909.1,
            118377.3
        ],
        "price_change_percent": 0.06525776394102548
    },
    "singularity_score": 56,
    "narrative_vector": {
        "primary": "The objective remains unchanged. Awaiting a new catalyst.",
        "market": "Momentum is neutral (RSI: 66.2). The derivatives market is balanced.",
        "network": "The -0.82% difficulty adjustment indicates the security baseline is holding steady."
    }
}