{
    "timestamp_utc": "2025-08-29T03:48:59.379199+00:00",
    "market_vector": {
        "price_usd": 111778.0
    },
    "mining_vector": {
        "difficulty_change_percent": 4.84493985211345,
        "next_retarget_blocks": 1067
    },
    "monetary_vector": {
        "circulating_supply": 19913065.625,
        "current_block_reward": 3.125,
        "blocks_until_next_halving": 137819
    },
    "speculative_vector": {
        "open_interest": 0,
        "funding_rate": 0,
        "error": true
    },
    "trend_vector": {
        "rsi_14d": 43.231129068679536,
        "historical_prices": [
            119288.4,
            118724.5,
            120172.0,
            123354.3,
            118383.1,
            117426.7,
            117487.5,
            117441.3,
            116260.0,
            112830.3,
            114262.7,
            112462.5,
            116817.9,
            115344.1,
            113456.1,
            110144.9,
            111829.3,
            111268.6,
            112563.7,
            111772.2
        ],
        "price_change_percent": 0.12065838092038704
    },
    "singularity_score": 50,
    "narrative_vector": {
        "primary": "The objective remains unchanged. Awaiting a new catalyst.",
        "market": "Momentum is neutral (RSI: 43.2). The derivatives market is balanced.",
        "network": "The 4.84% difficulty adjustment indicates the security baseline is currently hardening."
    }
}