{
    "timestamp_utc": "2025-07-19T21:58:59.778088+00:00",
    "market_vector": {
        "price_usd": 117791.0
    },
    "mining_vector": {
        "difficulty_change_percent": -0.8671872188838026,
        "next_retarget_blocks": 915
    },
    "monetary_vector": {
        "circulating_supply": 19894640.625,
        "current_block_reward": 3.125,
        "blocks_until_next_halving": 143715
    },
    "speculative_vector": {
        "open_interest": 0,
        "funding_rate": 0,
        "error": true
    },
    "trend_vector": {
        "rsi_14d": 64.62056226380693,
        "historical_prices": [
            107120.3,
            105700.1,
            108846.9,
            109631.0,
            108018.9,
            108249.5,
            109223.2,
            108282.1,
            108931.9,
            111323.7,
            115990.2,
            117532.6,
            117461.0,
            119102.1,
            119855.0,
            117741.0,
            118712.6,
            119321.0,
            118011.9,
            117762.1
        ],
        "price_change_percent": 0.11553548444139887
    },
    "singularity_score": 55,
    "narrative_vector": {
        "primary": "ECHO DETECTED: Current structure mirrors the 'Pre-Halving Lull.' A period of consolidation may precede a supply shock.",
        "market": "High-conviction pattern match. Standard market analysis suspended.",
        "network": "On-chain fundamentals are secondary to the recognized historical echo."
    }
}