{
    "timestamp_utc": "2025-09-04T17:36:44.088498+00:00",
    "market_vector": {
        "price_usd": 109812.5
    },
    "mining_vector": {
        "difficulty_change_percent": 5.511704783107341,
        "next_retarget_blocks": 62
    },
    "monetary_vector": {
        "circulating_supply": 19916206.25,
        "current_block_reward": 3.125,
        "blocks_until_next_halving": 136814
    },
    "speculative_vector": {
        "open_interest": 0,
        "funding_rate": 0,
        "error": true
    },
    "trend_vector": {
        "rsi_14d": 42.805863491895686,
        "historical_prices": [
            117487.5,
            117441.3,
            116260.0,
            112830.3,
            114262.7,
            112462.5,
            116817.9,
            115344.1,
            113456.1,
            110144.9,
            111829.3,
            111268.6,
            112563.7,
            108400.1,
            108750.0,
            108250.0,
            109263.5,
            111196.9,
            111771.1,
            109812.4
        ],
        "price_change_percent": 0.0038248509674114408
    },
    "singularity_score": 49,
    "narrative_vector": {
        "primary": "The objective remains unchanged. Awaiting a new catalyst.",
        "market": "Momentum is neutral (RSI: 42.8). The derivatives market is balanced.",
        "network": "The 5.51% difficulty adjustment indicates the security baseline is currently hardening."
    }
}