{
    "timestamp_utc": "2025-08-02T15:45:24.632254+00:00",
    "market_vector": {
        "price_usd": 113000.0
    },
    "mining_vector": {
        "difficulty_change_percent": -2.9126213592232997,
        "next_retarget_blocks": 954
    },
    "monetary_vector": {
        "circulating_supply": 19900818.75,
        "current_block_reward": 3.125,
        "blocks_until_next_halving": 141738
    },
    "speculative_vector": {
        "open_interest": 0,
        "funding_rate": 0,
        "error": true
    },
    "trend_vector": {
        "rsi_14d": 41.144081700472476,
        "historical_prices": [
            119855.0,
            117741.0,
            118712.6,
            119321.0,
            118011.9,
            117909.1,
            117319.1,
            117461.0,
            119977.5,
            118735.3,
            118386.9,
            117628.1,
            117937.5,
            119455.0,
            117979.7,
            117923.0,
            117820.7,
            115762.3,
            113290.2,
            113000.0
        ],
        "price_change_percent": -0.22057434097014111
    },
    "singularity_score": 44,
    "narrative_vector": {
        "primary": "The objective remains unchanged. Awaiting a new catalyst.",
        "market": "Momentum is neutral (RSI: 41.1). The derivatives market is balanced.",
        "network": "The -2.91% difficulty adjustment indicates the security baseline is holding steady."
    }
}