{
    "timestamp_utc": "2025-09-25T02:15:43.420982+00:00",
    "market_vector": {
        "price_usd": 112703.8
    },
    "mining_vector": {
        "difficulty_change_percent": 7.844643680296737,
        "next_retarget_blocks": 1011
    },
    "monetary_vector": {
        "circulating_supply": 19925840.625,
        "current_block_reward": 3.125,
        "blocks_until_next_halving": 133731
    },
    "speculative_vector": {
        "open_interest": 0,
        "funding_rate": 0,
        "error": true
    },
    "trend_vector": {
        "rsi_14d": 45.22622849216933,
        "historical_prices": [
            110254.9,
            111152.8,
            112050.1,
            111541.0,
            113952.8,
            115500.0,
            116111.7,
            115949.1,
            115390.6,
            115374.9,
            116764.2,
            116469.0,
            117135.7,
            115677.2,
            115739.1,
            115298.9,
            112747.8,
            112001.5,
            113300.0,
            112703.7
        ],
        "price_change_percent": -0.48695335843299026
    },
    "singularity_score": 50,
    "narrative_vector": {
        "primary": "ECHO DETECTED: Current structure mirrors the 'Pre-Halving Lull.' A period of consolidation may precede a supply shock.",
        "market": "High-conviction pattern match. Standard market analysis suspended.",
        "network": "On-chain fundamentals are secondary to the recognized historical echo."
    }
}