{
    "timestamp_utc": "2025-08-03T10:47:34.515193+00:00",
    "market_vector": {
        "price_usd": 113811.0
    },
    "mining_vector": {
        "difficulty_change_percent": -1.911052788284462,
        "next_retarget_blocks": 831
    },
    "monetary_vector": {
        "circulating_supply": 19901203.125,
        "current_block_reward": 3.125,
        "blocks_until_next_halving": 141615
    },
    "speculative_vector": {
        "open_interest": 0,
        "funding_rate": 0,
        "error": true
    },
    "trend_vector": {
        "rsi_14d": 44.73578758943027,
        "historical_prices": [
            117741.0,
            118712.6,
            119321.0,
            118011.9,
            117909.1,
            117319.1,
            117461.0,
            119977.5,
            118735.3,
            118386.9,
            117628.1,
            117937.5,
            119455.0,
            117979.7,
            117923.0,
            117820.7,
            115762.3,
            113290.2,
            112525.2,
            113810.9
        ],
        "price_change_percent": 0.06242312504231145
    },
    "singularity_score": 47,
    "narrative_vector": {
        "primary": "The objective remains unchanged. Awaiting a new catalyst.",
        "market": "Momentum is neutral (RSI: 44.7). The derivatives market is balanced.",
        "network": "The -1.91% difficulty adjustment indicates the security baseline is holding steady."
    }
}