{
    "timestamp_utc": "2025-08-01T11:00:00.656407+00:00",
    "market_vector": {
        "price_usd": 114718.5
    },
    "mining_vector": {
        "difficulty_change_percent": -3.1820892286008595,
        "next_retarget_blocks": 1124
    },
    "monetary_vector": {
        "circulating_supply": 19900287.5,
        "current_block_reward": 3.125,
        "blocks_until_next_halving": 141908
    },
    "speculative_vector": {
        "open_interest": 0,
        "funding_rate": 0,
        "error": true
    },
    "trend_vector": {
        "rsi_14d": 45.972927424876204,
        "historical_prices": [
            119102.1,
            119855.0,
            117741.0,
            118712.6,
            119321.0,
            118011.9,
            117909.1,
            117319.1,
            117461.0,
            119977.5,
            118735.3,
            118386.9,
            117628.1,
            117937.5,
            119455.0,
            117979.7,
            117923.0,
            117820.7,
            115762.3,
            114718.6
        ],
        "price_change_percent": -0.15335768024314161
    },
    "singularity_score": 46,
    "narrative_vector": {
        "primary": "ECHO DETECTED: Current structure mirrors the 'Pre-Halving Lull.' A period of consolidation may precede a supply shock.",
        "market": "High-conviction pattern match. Standard market analysis suspended.",
        "network": "On-chain fundamentals are secondary to the recognized historical echo."
    }
}