{
    "timestamp_utc": "2025-10-23T11:42:58.553054+00:00",
    "market_vector": {
        "price_usd": 109229.3
    },
    "mining_vector": {
        "difficulty_change_percent": 5.2107815452353545,
        "next_retarget_blocks": 921
    },
    "monetary_vector": {
        "circulating_supply": 19938721.875,
        "current_block_reward": 3.125,
        "blocks_until_next_halving": 129609
    },
    "speculative_vector": {
        "open_interest": 0,
        "funding_rate": 0,
        "error": true
    },
    "trend_vector": {
        "rsi_14d": 43.211283551406225,
        "historical_prices": [
            122426.4,
            123542.1,
            124766.5,
            121419.8,
            123329.7,
            121699.0,
            113000.1,
            110775.1,
            115125.3,
            115165.5,
            113106.2,
            110781.9,
            108182.3,
            106451.0,
            107199.0,
            108669.8,
            110574.4,
            108406.1,
            107644.1,
            109249.2
        ],
        "price_change_percent": -0.365617541616477
    },
    "singularity_score": 48,
    "narrative_vector": {
        "primary": "The objective remains unchanged. Awaiting a new catalyst.",
        "market": "Momentum is neutral (RSI: 43.2). The derivatives market is balanced.",
        "network": "The 5.21% difficulty adjustment indicates the security baseline is currently hardening."
    }
}