{
    "timestamp_utc": "2025-08-25T17:23:47.416963+00:00",
    "market_vector": {
        "price_usd": 112487.1
    },
    "mining_vector": {
        "difficulty_change_percent": 4.090058176286426,
        "next_retarget_blocks": 1592
    },
    "monetary_vector": {
        "circulating_supply": 19911425.0,
        "current_block_reward": 3.125,
        "blocks_until_next_halving": 138344
    },
    "speculative_vector": {
        "open_interest": 0,
        "funding_rate": 0,
        "error": true
    },
    "trend_vector": {
        "rsi_14d": 42.401185064149466,
        "historical_prices": [
            115010.0,
            117498.1,
            116676.0,
            116467.4,
            119288.4,
            118724.5,
            120172.0,
            123354.3,
            118383.1,
            117426.7,
            117487.5,
            117441.3,
            116260.0,
            112830.3,
            114262.7,
            112462.5,
            116817.9,
            115344.1,
            113456.1,
            112490.7
        ],
        "price_change_percent": -0.048336178118824125
    },
    "singularity_score": 48,
    "narrative_vector": {
        "primary": "The objective remains unchanged. Awaiting a new catalyst.",
        "market": "Momentum is neutral (RSI: 42.4). The derivatives market is balanced.",
        "network": "The 4.09% difficulty adjustment indicates the security baseline is currently hardening."
    }
}