{
    "timestamp_utc": "2025-08-26T15:18:54.682290+00:00",
    "market_vector": {
        "price_usd": 110162.6
    },
    "mining_vector": {
        "difficulty_change_percent": 4.402264811035583,
        "next_retarget_blocks": 1450
    },
    "monetary_vector": {
        "circulating_supply": 19911868.75,
        "current_block_reward": 3.125,
        "blocks_until_next_halving": 138202
    },
    "speculative_vector": {
        "open_interest": 0,
        "funding_rate": 0,
        "error": true
    },
    "trend_vector": {
        "rsi_14d": 38.33447758655772,
        "historical_prices": [
            117498.1,
            116676.0,
            116467.4,
            119288.4,
            118724.5,
            120172.0,
            123354.3,
            118383.1,
            117426.7,
            117487.5,
            117441.3,
            116260.0,
            112830.3,
            114262.7,
            112462.5,
            116817.9,
            115344.1,
            113456.1,
            110144.9,
            110037.7
        ],
        "price_change_percent": -0.237805983680873
    },
    "singularity_score": 46,
    "narrative_vector": {
        "primary": "The objective remains unchanged. Awaiting a new catalyst.",
        "market": "Momentum is neutral (RSI: 38.3). The derivatives market is balanced.",
        "network": "The 4.40% difficulty adjustment indicates the security baseline is currently hardening."
    }
}