{
    "timestamp_utc": "2025-08-21T09:54:52.284348+00:00",
    "market_vector": {
        "price_usd": 113490.2
    },
    "mining_vector": {
        "difficulty_change_percent": -0.507887762710113,
        "next_retarget_blocks": 220
    },
    "monetary_vector": {
        "circulating_supply": 19909412.5,
        "current_block_reward": 3.125,
        "blocks_until_next_halving": 138988
    },
    "speculative_vector": {
        "open_interest": 0,
        "funding_rate": 0,
        "error": true
    },
    "trend_vector": {
        "rsi_14d": 42.44741887979006,
        "historical_prices": [
            112525.2,
            114224.1,
            115092.1,
            114115.0,
            115010.0,
            117498.1,
            116676.0,
            116467.4,
            119288.4,
            118724.5,
            120172.0,
            123354.3,
            118383.1,
            117426.7,
            117487.5,
            117441.3,
            116260.0,
            112830.3,
            114262.7,
            113490.2
        ],
        "price_change_percent": -0.04166024441264156
    },
    "singularity_score": 46,
    "narrative_vector": {
        "primary": "The objective remains unchanged. Awaiting a new catalyst.",
        "market": "Momentum is neutral (RSI: 42.4). The derivatives market is balanced.",
        "network": "The -0.51% difficulty adjustment indicates the security baseline is holding steady."
    }
}