{
    "timestamp_utc": "2025-08-20T12:28:51.045717+00:00",
    "market_vector": {
        "price_usd": 113750.0
    },
    "mining_vector": {
        "difficulty_change_percent": -0.7494953027388784,
        "next_retarget_blocks": 352
    },
    "monetary_vector": {
        "circulating_supply": 19909000.0,
        "current_block_reward": 3.125,
        "blocks_until_next_halving": 139120
    },
    "speculative_vector": {
        "open_interest": 0,
        "funding_rate": 0,
        "error": true
    },
    "trend_vector": {
        "rsi_14d": 42.67947734104266,
        "historical_prices": [
            113290.2,
            112525.2,
            114224.1,
            115092.1,
            114115.0,
            115010.0,
            117498.1,
            116676.0,
            116467.4,
            119288.4,
            118724.5,
            120172.0,
            123354.3,
            118383.1,
            117426.7,
            117487.5,
            117441.3,
            116260.0,
            112830.3,
            113731.0
        ],
        "price_change_percent": 0.15208047320186818
    },
    "singularity_score": 47,
    "narrative_vector": {
        "primary": "The objective remains unchanged. Awaiting a new catalyst.",
        "market": "Momentum is neutral (RSI: 42.7). The derivatives market is balanced.",
        "network": "The -0.75% difficulty adjustment indicates the security baseline is holding steady."
    }
}