{
    "timestamp_utc": "2025-08-29T14:09:40.031341+00:00",
    "market_vector": {
        "price_usd": 108818.2
    },
    "mining_vector": {
        "difficulty_change_percent": 5.766913410225505,
        "next_retarget_blocks": 993
    },
    "monetary_vector": {
        "circulating_supply": 19913296.875,
        "current_block_reward": 3.125,
        "blocks_until_next_halving": 137745
    },
    "speculative_vector": {
        "open_interest": 0,
        "funding_rate": 0,
        "error": true
    },
    "trend_vector": {
        "rsi_14d": 38.15699839069395,
        "historical_prices": [
            119288.4,
            118724.5,
            120172.0,
            123354.3,
            118383.1,
            117426.7,
            117487.5,
            117441.3,
            116260.0,
            112830.3,
            114262.7,
            112462.5,
            116817.9,
            115344.1,
            113456.1,
            110144.9,
            111829.3,
            111268.6,
            112563.7,
            108737.7
        ],
        "price_change_percent": -0.5825833897905252
    },
    "singularity_score": 46,
    "narrative_vector": {
        "primary": "Financial energy is contracting. The market has chosen its short-term direction.",
        "market": "Momentum is neutral (RSI: 38.2). The derivatives market is balanced.",
        "network": "The 5.77% difficulty adjustment indicates the security baseline is currently hardening."
    }
}