{
    "timestamp_utc": "2025-08-05T14:47:02.036258+00:00",
    "market_vector": {
        "price_usd": 112725.0
    },
    "mining_vector": {
        "difficulty_change_percent": 1.1798841153937145,
        "next_retarget_blocks": 478
    },
    "monetary_vector": {
        "circulating_supply": 19902306.25,
        "current_block_reward": 3.125,
        "blocks_until_next_halving": 141262
    },
    "speculative_vector": {
        "open_interest": 0,
        "funding_rate": 0,
        "error": true
    },
    "trend_vector": {
        "rsi_14d": 42.33324602989074,
        "historical_prices": [
            119321.0,
            118011.9,
            117909.1,
            117319.1,
            117461.0,
            119977.5,
            118735.3,
            118386.9,
            117628.1,
            117937.5,
            119455.0,
            117979.7,
            117923.0,
            117820.7,
            115762.3,
            113290.2,
            112525.2,
            114224.1,
            115092.1,
            112725.0
        ],
        "price_change_percent": -0.9303625478540016
    },
    "singularity_score": 44,
    "narrative_vector": {
        "primary": "Financial energy is contracting. The market has chosen its short-term direction.",
        "market": "Momentum is neutral (RSI: 42.3). The derivatives market is balanced.",
        "network": "The 1.18% difficulty adjustment indicates the security baseline is currently hardening."
    }
}