{
    "timestamp_utc": "2025-10-16T22:42:10.487044+00:00",
    "market_vector": {
        "price_usd": 108019.9
    },
    "mining_vector": {
        "difficulty_change_percent": -52.12587979491017,
        "next_retarget_blocks": 1916
    },
    "monetary_vector": {
        "circulating_supply": 19935612.5,
        "current_block_reward": 3.125,
        "blocks_until_next_halving": 130604
    },
    "speculative_vector": {
        "open_interest": 0,
        "funding_rate": 0,
        "error": true
    },
    "trend_vector": {
        "rsi_14d": 36.85373737632821,
        "historical_prices": [
            109720.5,
            112127.8,
            114365.2,
            113995.0,
            118599.9,
            120649.9,
            122259.5,
            122426.4,
            123542.1,
            124766.5,
            121419.8,
            123329.7,
            121699.0,
            113000.1,
            110775.1,
            115125.3,
            115165.5,
            113106.2,
            110781.9,
            108019.9
        ],
        "price_change_percent": 0.018425925925920537
    },
    "singularity_score": 39,
    "narrative_vector": {
        "primary": "The objective remains unchanged. Awaiting a new catalyst.",
        "market": "Momentum is neutral (RSI: 36.9). The derivatives market is balanced.",
        "network": "The -52.13% difficulty adjustment indicates the security baseline is holding steady."
    }
}