{
    "timestamp_utc": "2025-08-26T15:37:16.044371+00:00",
    "market_vector": {
        "price_usd": 109866.0
    },
    "mining_vector": {
        "difficulty_change_percent": 4.601230746644802,
        "next_retarget_blocks": 1447
    },
    "monetary_vector": {
        "circulating_supply": 19911878.125,
        "current_block_reward": 3.125,
        "blocks_until_next_halving": 138199
    },
    "speculative_vector": {
        "open_interest": 0,
        "funding_rate": 0,
        "error": true
    },
    "trend_vector": {
        "rsi_14d": 38.06023409929244,
        "historical_prices": [
            117498.1,
            116676.0,
            116467.4,
            119288.4,
            118724.5,
            120172.0,
            123354.3,
            118383.1,
            117426.7,
            117487.5,
            117441.3,
            116260.0,
            112830.3,
            114262.7,
            112462.5,
            116817.9,
            115344.1,
            113456.1,
            110144.9,
            109866.0
        ],
        "price_change_percent": -0.26923838035776737
    },
    "singularity_score": 46,
    "narrative_vector": {
        "primary": "The objective remains unchanged. Awaiting a new catalyst.",
        "market": "Momentum is neutral (RSI: 38.1). The derivatives market is balanced.",
        "network": "The 4.60% difficulty adjustment indicates the security baseline is currently hardening."
    }
}