{
    "timestamp_utc": "2025-08-19T06:29:32.675369+00:00",
    "market_vector": {
        "price_usd": 115167.2
    },
    "mining_vector": {
        "difficulty_change_percent": -0.44347501905773745,
        "next_retarget_blocks": 526
    },
    "monetary_vector": {
        "circulating_supply": 19908456.25,
        "current_block_reward": 3.125,
        "blocks_until_next_halving": 139294
    },
    "speculative_vector": {
        "open_interest": 0,
        "funding_rate": 0,
        "error": true
    },
    "trend_vector": {
        "rsi_14d": 45.057380388319494,
        "historical_prices": [
            115762.3,
            113290.2,
            112525.2,
            114224.1,
            115092.1,
            114115.0,
            115010.0,
            117498.1,
            116676.0,
            116467.4,
            119288.4,
            118724.5,
            120172.0,
            123354.3,
            118383.1,
            117426.7,
            117487.5,
            117441.3,
            116260.0,
            115167.2
        ],
        "price_change_percent": 0.11744547826214706
    },
    "singularity_score": 48,
    "narrative_vector": {
        "primary": "ECHO DETECTED: Current structure mirrors the 'Pre-Halving Lull.' A period of consolidation may precede a supply shock.",
        "market": "High-conviction pattern match. Standard market analysis suspended.",
        "network": "On-chain fundamentals are secondary to the recognized historical echo."
    }
}