{
    "timestamp_utc": "2025-07-18T21:55:12.822359+00:00",
    "market_vector": {
        "price_usd": 117712.1
    },
    "mining_vector": {
        "difficulty_change_percent": -1.164453664806897,
        "next_retarget_blocks": 1061
    },
    "monetary_vector": {
        "circulating_supply": 19894184.375,
        "current_block_reward": 3.125,
        "blocks_until_next_halving": 143861
    },
    "speculative_vector": {
        "open_interest": 0,
        "funding_rate": 0,
        "error": true
    },
    "trend_vector": {
        "rsi_14d": 64.51508108068487,
        "historical_prices": [
            108387.2,
            107120.3,
            105700.1,
            108846.9,
            109631.0,
            108018.9,
            108249.5,
            109223.2,
            108282.1,
            108931.9,
            111323.7,
            115990.2,
            117532.6,
            117461.0,
            119102.1,
            119855.0,
            117741.0,
            118712.6,
            119321.0,
            117712.1
        ],
        "price_change_percent": -0.019025859030270802
    },
    "singularity_score": 55,
    "narrative_vector": {
        "primary": "ECHO DETECTED: Current structure mirrors the 'Pre-Halving Lull.' A period of consolidation may precede a supply shock.",
        "market": "High-conviction pattern match. Standard market analysis suspended.",
        "network": "On-chain fundamentals are secondary to the recognized historical echo."
    }
}