{
    "timestamp_utc": "2025-08-19T20:11:38.952377+00:00",
    "market_vector": {
        "price_usd": 112982.1
    },
    "mining_vector": {
        "difficulty_change_percent": -0.18060748255110948,
        "next_retarget_blocks": 440
    },
    "monetary_vector": {
        "circulating_supply": 19908725.0,
        "current_block_reward": 3.125,
        "blocks_until_next_halving": 139208
    },
    "speculative_vector": {
        "open_interest": 0,
        "funding_rate": 0,
        "error": true
    },
    "trend_vector": {
        "rsi_14d": 40.311808264867494,
        "historical_prices": [
            115762.3,
            113290.2,
            112525.2,
            114224.1,
            115092.1,
            114115.0,
            115010.0,
            117498.1,
            116676.0,
            116467.4,
            119288.4,
            118724.5,
            120172.0,
            123354.3,
            118383.1,
            117426.7,
            117487.5,
            117441.3,
            116260.0,
            112982.1
        ],
        "price_change_percent": -0.310146329067461
    },
    "singularity_score": 45,
    "narrative_vector": {
        "primary": "The objective remains unchanged. Awaiting a new catalyst.",
        "market": "Momentum is neutral (RSI: 40.3). The derivatives market is balanced.",
        "network": "The -0.18% difficulty adjustment indicates the security baseline is holding steady."
    }
}