{
    "timestamp_utc": "2025-10-15T12:49:19.872596+00:00",
    "market_vector": {
        "price_usd": 111750.0
    },
    "mining_vector": {
        "difficulty_change_percent": -2.8993366139437704,
        "next_retarget_blocks": 101
    },
    "monetary_vector": {
        "circulating_supply": 19934984.375,
        "current_block_reward": 3.125,
        "blocks_until_next_halving": 130805
    },
    "speculative_vector": {
        "open_interest": 0,
        "funding_rate": 0,
        "error": true
    },
    "trend_vector": {
        "rsi_14d": 41.921303484419546,
        "historical_prices": [
            109706.3,
            109720.5,
            112127.8,
            114365.2,
            113995.0,
            118599.9,
            120649.9,
            122259.5,
            122426.4,
            123542.1,
            124766.5,
            121419.8,
            123329.7,
            121699.0,
            113000.1,
            110775.1,
            115125.3,
            115165.5,
            113106.2,
            111730.0
        ],
        "price_change_percent": -0.24107142857142855
    },
    "singularity_score": 44,
    "narrative_vector": {
        "primary": "The objective remains unchanged. Awaiting a new catalyst.",
        "market": "Momentum is neutral (RSI: 41.9). The derivatives market is balanced.",
        "network": "The -2.90% difficulty adjustment indicates the security baseline is holding steady."
    }
}