{
    "timestamp_utc": "2025-09-27T07:51:25.311062+00:00",
    "market_vector": {
        "price_usd": 109402.7
    },
    "mining_vector": {
        "difficulty_change_percent": 6.34622845572097,
        "next_retarget_blocks": 683
    },
    "monetary_vector": {
        "circulating_supply": 19926865.625,
        "current_block_reward": 3.125,
        "blocks_until_next_halving": 133403
    },
    "speculative_vector": {
        "open_interest": 0,
        "funding_rate": 0,
        "error": true
    },
    "trend_vector": {
        "rsi_14d": 37.71417622900117,
        "historical_prices": [
            112050.1,
            111541.0,
            113952.8,
            115500.0,
            116111.7,
            115949.1,
            115390.6,
            115374.9,
            116764.2,
            116469.0,
            117135.7,
            115677.2,
            115739.1,
            115298.9,
            112747.8,
            112001.5,
            113300.0,
            109049.8,
            109706.3,
            109402.7
        ],
        "price_change_percent": -0.06640761303452383
    },
    "singularity_score": 48,
    "narrative_vector": {
        "primary": "The objective remains unchanged. Awaiting a new catalyst.",
        "market": "Momentum is neutral (RSI: 37.7). The derivatives market is balanced.",
        "network": "The 6.35% difficulty adjustment indicates the security baseline is currently hardening."
    }
}