{
    "timestamp_utc": "2025-10-10T22:50:33.644485+00:00",
    "market_vector": {
        "price_usd": 114200.1
    },
    "mining_vector": {
        "difficulty_change_percent": -7.715501815994452,
        "next_retarget_blocks": 805
    },
    "monetary_vector": {
        "circulating_supply": 19932784.375,
        "current_block_reward": 3.125,
        "blocks_until_next_halving": 131509
    },
    "speculative_vector": {
        "open_interest": 0,
        "funding_rate": 0,
        "error": true
    },
    "trend_vector": {
        "rsi_14d": 43.9543582084489,
        "historical_prices": [
            115298.9,
            112747.8,
            112001.5,
            113300.0,
            109049.8,
            109706.3,
            109720.5,
            112127.8,
            114365.2,
            113995.0,
            118599.9,
            120649.9,
            122259.5,
            122426.4,
            123542.1,
            124766.5,
            121419.8,
            123329.7,
            121699.0,
            114249.0
        ],
        "price_change_percent": 0.397198520171885
    },
    "singularity_score": 44,
    "narrative_vector": {
        "primary": "The objective remains unchanged. Awaiting a new catalyst.",
        "market": "Momentum is neutral (RSI: 44.0). The derivatives market is balanced.",
        "network": "The -7.72% difficulty adjustment indicates the security baseline is holding steady."
    }
}