{
    "timestamp_utc": "2025-08-18T19:30:46.199161+00:00",
    "market_vector": {
        "price_usd": 116405.0
    },
    "mining_vector": {
        "difficulty_change_percent": -0.12315815695798094,
        "next_retarget_blocks": 587
    },
    "monetary_vector": {
        "circulating_supply": 19908265.625,
        "current_block_reward": 3.125,
        "blocks_until_next_halving": 139355
    },
    "speculative_vector": {
        "open_interest": 0,
        "funding_rate": 0,
        "error": true
    },
    "trend_vector": {
        "rsi_14d": 48.24766719747645,
        "historical_prices": [
            117820.7,
            115762.3,
            113290.2,
            112525.2,
            114224.1,
            115092.1,
            114115.0,
            115010.0,
            117498.1,
            116676.0,
            116467.4,
            119288.4,
            118724.5,
            120172.0,
            123354.3,
            118383.1,
            117426.7,
            117487.5,
            117441.3,
            116404.9
        ],
        "price_change_percent": 0.004123707797491891
    },
    "singularity_score": 49,
    "narrative_vector": {
        "primary": "ECHO DETECTED: Current structure mirrors the 'Pre-Halving Lull.' A period of consolidation may precede a supply shock.",
        "market": "High-conviction pattern match. Standard market analysis suspended.",
        "network": "On-chain fundamentals are secondary to the recognized historical echo."
    }
}