{
    "timestamp_utc": "2025-10-21T13:07:18.047460+00:00",
    "market_vector": {
        "price_usd": 108860.0
    },
    "mining_vector": {
        "difficulty_change_percent": 7.1965116304497645,
        "next_retarget_blocks": 1200
    },
    "monetary_vector": {
        "circulating_supply": 19937850.0,
        "current_block_reward": 3.125,
        "blocks_until_next_halving": 129888
    },
    "speculative_vector": {
        "open_interest": 0,
        "funding_rate": 0,
        "error": true
    },
    "trend_vector": {
        "rsi_14d": 41.35812159544335,
        "historical_prices": [
            120649.9,
            122259.5,
            122426.4,
            123542.1,
            124766.5,
            121419.8,
            123329.7,
            121699.0,
            113000.1,
            110775.1,
            115125.3,
            115165.5,
            113106.2,
            110781.9,
            108182.3,
            106451.0,
            107199.0,
            108669.8,
            110574.4,
            108860.0
        ],
        "price_change_percent": -0.4474651415235424
    },
    "singularity_score": 48,
    "narrative_vector": {
        "primary": "The objective remains unchanged. Awaiting a new catalyst.",
        "market": "Momentum is neutral (RSI: 41.4). The derivatives market is balanced.",
        "network": "The 7.20% difficulty adjustment indicates the security baseline is currently hardening."
    }
}