{
    "timestamp_utc": "2025-08-18T21:24:57.166436+00:00",
    "market_vector": {
        "price_usd": 116699.9
    },
    "mining_vector": {
        "difficulty_change_percent": -0.012703398736590987,
        "next_retarget_blocks": 574
    },
    "monetary_vector": {
        "circulating_supply": 19908306.25,
        "current_block_reward": 3.125,
        "blocks_until_next_halving": 139342
    },
    "speculative_vector": {
        "open_interest": 0,
        "funding_rate": 0,
        "error": true
    },
    "trend_vector": {
        "rsi_14d": 49.022622092305184,
        "historical_prices": [
            117820.7,
            115762.3,
            113290.2,
            112525.2,
            114224.1,
            115092.1,
            114115.0,
            115010.0,
            117498.1,
            116676.0,
            116467.4,
            119288.4,
            118724.5,
            120172.0,
            123354.3,
            118383.1,
            117426.7,
            117487.5,
            117441.3,
            116700.0
        ],
        "price_change_percent": 0.21210273672640467
    },
    "singularity_score": 50,
    "narrative_vector": {
        "primary": "ECHO DETECTED: Current structure mirrors the 'Pre-Halving Lull.' A period of consolidation may precede a supply shock.",
        "market": "High-conviction pattern match. Standard market analysis suspended.",
        "network": "On-chain fundamentals are secondary to the recognized historical echo."
    }
}