{
    "timestamp_utc": "2025-09-29T22:45:21.557745+00:00",
    "market_vector": {
        "price_usd": 114081.1
    },
    "mining_vector": {
        "difficulty_change_percent": 5.222087854621527,
        "next_retarget_blocks": 300
    },
    "monetary_vector": {
        "circulating_supply": 19928062.5,
        "current_block_reward": 3.125,
        "blocks_until_next_halving": 133020
    },
    "speculative_vector": {
        "open_interest": 0,
        "funding_rate": 0,
        "error": true
    },
    "trend_vector": {
        "rsi_14d": 52.76801128937627,
        "historical_prices": [
            113952.8,
            115500.0,
            116111.7,
            115949.1,
            115390.6,
            115374.9,
            116764.2,
            116469.0,
            117135.7,
            115677.2,
            115739.1,
            115298.9,
            112747.8,
            112001.5,
            113300.0,
            109049.8,
            109706.3,
            109720.5,
            112127.8,
            114081.2
        ],
        "price_change_percent": -0.016476774758985898
    },
    "singularity_score": 53,
    "narrative_vector": {
        "primary": "ECHO DETECTED: Current structure mirrors the 'Pre-Halving Lull.' A period of consolidation may precede a supply shock.",
        "market": "High-conviction pattern match. Standard market analysis suspended.",
        "network": "On-chain fundamentals are secondary to the recognized historical echo."
    }
}