{
    "timestamp_utc": "2025-10-16T21:43:47.018717+00:00",
    "market_vector": {
        "price_usd": 108319.1
    },
    "mining_vector": {
        "difficulty_change_percent": -51.859055273862076,
        "next_retarget_blocks": 1925
    },
    "monetary_vector": {
        "circulating_supply": 19935584.375,
        "current_block_reward": 3.125,
        "blocks_until_next_halving": 130613
    },
    "speculative_vector": {
        "open_interest": 0,
        "funding_rate": 0,
        "error": true
    },
    "trend_vector": {
        "rsi_14d": 37.2234832104565,
        "historical_prices": [
            109720.5,
            112127.8,
            114365.2,
            113995.0,
            118599.9,
            120649.9,
            122259.5,
            122426.4,
            123542.1,
            124766.5,
            121419.8,
            123329.7,
            121699.0,
            113000.1,
            110775.1,
            115125.3,
            115165.5,
            113106.2,
            110781.9,
            108319.2
        ],
        "price_change_percent": 0.1651553625557758
    },
    "singularity_score": 40,
    "narrative_vector": {
        "primary": "The objective remains unchanged. Awaiting a new catalyst.",
        "market": "Momentum is neutral (RSI: 37.2). The derivatives market is balanced.",
        "network": "The -51.86% difficulty adjustment indicates the security baseline is holding steady."
    }
}