{
    "timestamp_utc": "2025-10-08T15:44:13.302570+00:00",
    "market_vector": {
        "price_usd": 122397.0
    },
    "mining_vector": {
        "difficulty_change_percent": -5.769658033408009,
        "next_retarget_blocks": 1091
    },
    "monetary_vector": {
        "circulating_supply": 19931890.625,
        "current_block_reward": 3.125,
        "blocks_until_next_halving": 131795
    },
    "speculative_vector": {
        "open_interest": 0,
        "funding_rate": 0,
        "error": true
    },
    "trend_vector": {
        "rsi_14d": 63.28726955176086,
        "historical_prices": [
            115677.2,
            115739.1,
            115298.9,
            112747.8,
            112001.5,
            113300.0,
            109049.8,
            109706.3,
            109720.5,
            112127.8,
            114365.2,
            113995.0,
            118599.9,
            120649.9,
            122259.5,
            122426.4,
            123542.1,
            124766.5,
            121419.8,
            122397.0
        ],
        "price_change_percent": -0.06792934694750424
    },
    "singularity_score": 52,
    "narrative_vector": {
        "primary": "ECHO DETECTED: Current structure mirrors the 'Pre-Halving Lull.' A period of consolidation may precede a supply shock.",
        "market": "High-conviction pattern match. Standard market analysis suspended.",
        "network": "On-chain fundamentals are secondary to the recognized historical echo."
    }
}