{
    "timestamp_utc": "2025-10-16T02:21:05.680646+00:00",
    "market_vector": {
        "price_usd": 111395.6
    },
    "mining_vector": {
        "difficulty_change_percent": -3.1827043129695753,
        "next_retarget_blocks": 28
    },
    "monetary_vector": {
        "circulating_supply": 19935212.5,
        "current_block_reward": 3.125,
        "blocks_until_next_halving": 130732
    },
    "speculative_vector": {
        "open_interest": 0,
        "funding_rate": 0,
        "error": true
    },
    "trend_vector": {
        "rsi_14d": 41.8761434523707,
        "historical_prices": [
            109720.5,
            112127.8,
            114365.2,
            113995.0,
            118599.9,
            120649.9,
            122259.5,
            122426.4,
            123542.1,
            124766.5,
            121419.8,
            123329.7,
            121699.0,
            113000.1,
            110775.1,
            115125.3,
            115165.5,
            113106.2,
            110781.9,
            111395.6
        ],
        "price_change_percent": 0.8516598177174681
    },
    "singularity_score": 47,
    "narrative_vector": {
        "primary": "Financial energy is expanding. The market has chosen its short-term direction.",
        "market": "Momentum is neutral (RSI: 41.9). The derivatives market is balanced.",
        "network": "The -3.18% difficulty adjustment indicates the security baseline is holding steady."
    }
}