{
    "timestamp_utc": "2025-10-19T10:12:05.461344+00:00",
    "market_vector": {
        "price_usd": 107381.3
    },
    "mining_vector": {
        "difficulty_change_percent": 9.385897539175003,
        "next_retarget_blocks": 1515
    },
    "monetary_vector": {
        "circulating_supply": 19936865.625,
        "current_block_reward": 3.125,
        "blocks_until_next_halving": 130203
    },
    "speculative_vector": {
        "open_interest": 0,
        "funding_rate": 0,
        "error": true
    },
    "trend_vector": {
        "rsi_14d": 37.141256353481396,
        "historical_prices": [
            113995.0,
            118599.9,
            120649.9,
            122259.5,
            122426.4,
            123542.1,
            124766.5,
            121419.8,
            123329.7,
            121699.0,
            113000.1,
            110775.1,
            115125.3,
            115165.5,
            113106.2,
            110781.9,
            108182.3,
            106451.0,
            107199.0,
            107420.0
        ],
        "price_change_percent": -0.33401373167563553
    },
    "singularity_score": 48,
    "narrative_vector": {
        "primary": "The objective remains unchanged. Awaiting a new catalyst.",
        "market": "Momentum is neutral (RSI: 37.1). The derivatives market is balanced.",
        "network": "The 9.39% difficulty adjustment indicates the security baseline is currently hardening."
    }
}