{
    "timestamp_utc": "2025-08-20T20:12:21.951239+00:00",
    "market_vector": {
        "price_usd": 114149.9
    },
    "mining_vector": {
        "difficulty_change_percent": -0.16967095436286606,
        "next_retarget_blocks": 296
    },
    "monetary_vector": {
        "circulating_supply": 19909175.0,
        "current_block_reward": 3.125,
        "blocks_until_next_halving": 139064
    },
    "speculative_vector": {
        "open_interest": 0,
        "funding_rate": 0,
        "error": true
    },
    "trend_vector": {
        "rsi_14d": 43.838038471058915,
        "historical_prices": [
            113290.2,
            112525.2,
            114224.1,
            115092.1,
            114115.0,
            115010.0,
            117498.1,
            116676.0,
            116467.4,
            119288.4,
            118724.5,
            120172.0,
            123354.3,
            118383.1,
            117426.7,
            117487.5,
            117441.3,
            116260.0,
            112830.3,
            114149.9
        ],
        "price_change_percent": 0.06250076701501277
    },
    "singularity_score": 47,
    "narrative_vector": {
        "primary": "The objective remains unchanged. Awaiting a new catalyst.",
        "market": "Momentum is neutral (RSI: 43.8). The derivatives market is balanced.",
        "network": "The -0.17% difficulty adjustment indicates the security baseline is holding steady."
    }
}