{
    "timestamp_utc": "2025-10-05T08:37:03.388316+00:00",
    "market_vector": {
        "price_usd": 124694.6
    },
    "mining_vector": {
        "difficulty_change_percent": -9.5530424664514,
        "next_retarget_blocks": 1561
    },
    "monetary_vector": {
        "circulating_supply": 19930421.875,
        "current_block_reward": 3.125,
        "blocks_until_next_halving": 132265
    },
    "speculative_vector": {
        "open_interest": 0,
        "funding_rate": 0,
        "error": true
    },
    "trend_vector": {
        "rsi_14d": 72.61524982236433,
        "historical_prices": [
            116764.2,
            116469.0,
            117135.7,
            115677.2,
            115739.1,
            115298.9,
            112747.8,
            112001.5,
            113300.0,
            109049.8,
            109706.3,
            109720.5,
            112127.8,
            114365.2,
            113995.0,
            118599.9,
            120649.9,
            122259.5,
            122426.4,
            124694.6
        ],
        "price_change_percent": -0.0042502038894885715
    },
    "singularity_score": 54,
    "narrative_vector": {
        "primary": "Market sentiment is overheated (RSI: 73). A correction is probable.",
        "market": "Momentum is neutral (RSI: 72.6). The derivatives market is balanced.",
        "network": "The -9.55% difficulty adjustment indicates the security baseline is holding steady."
    }
}