{
    "timestamp_utc": "2025-10-30T17:25:30.513302+00:00",
    "market_vector": {
        "price_usd": 107000.0
    },
    "mining_vector": {
        "difficulty_change_percent": -2.151380292823757,
        "next_retarget_blocks": 1839
    },
    "monetary_vector": {
        "circulating_supply": 19942153.125,
        "current_block_reward": 3.125,
        "blocks_until_next_halving": 128511
    },
    "speculative_vector": {
        "open_interest": 0,
        "funding_rate": 0,
        "error": true
    },
    "trend_vector": {
        "rsi_14d": 39.496128277693394,
        "historical_prices": [
            110775.1,
            115125.3,
            115165.5,
            113106.2,
            110781.9,
            108182.3,
            106451.0,
            107199.0,
            108669.8,
            110574.4,
            108406.1,
            107644.1,
            110080.0,
            111000.0,
            111645.2,
            114509.9,
            114153.0,
            112918.0,
            110104.2,
            106990.9
        ],
        "price_change_percent": -0.9801943544655306
    },
    "singularity_score": 41,
    "narrative_vector": {
        "primary": "Financial energy is contracting. The market has chosen its short-term direction.",
        "market": "Momentum is neutral (RSI: 39.5). The derivatives market is balanced.",
        "network": "The -2.15% difficulty adjustment indicates the security baseline is holding steady."
    }
}