{
    "timestamp_utc": "2025-10-04T22:14:01.690649+00:00",
    "market_vector": {
        "price_usd": 122235.8
    },
    "mining_vector": {
        "difficulty_change_percent": -9.624280534546347,
        "next_retarget_blocks": 1631
    },
    "monetary_vector": {
        "circulating_supply": 19930203.125,
        "current_block_reward": 3.125,
        "blocks_until_next_halving": 132335
    },
    "speculative_vector": {
        "open_interest": 0,
        "funding_rate": 0,
        "error": true
    },
    "trend_vector": {
        "rsi_14d": 68.93671329609238,
        "historical_prices": [
            115374.9,
            116764.2,
            116469.0,
            117135.7,
            115677.2,
            115739.1,
            115298.9,
            112747.8,
            112001.5,
            113300.0,
            109049.8,
            109706.3,
            109720.5,
            112127.8,
            114365.2,
            113995.0,
            118599.9,
            120649.9,
            122259.5,
            122235.7
        ],
        "price_change_percent": -0.012678812150719174
    },
    "singularity_score": 52,
    "narrative_vector": {
        "primary": "The objective remains unchanged. Awaiting a new catalyst.",
        "market": "Momentum is neutral (RSI: 68.9). The derivatives market is balanced.",
        "network": "The -9.62% difficulty adjustment indicates the security baseline is holding steady."
    }
}