{
    "timestamp_utc": "2025-08-30T10:37:36.694592+00:00",
    "market_vector": {
        "price_usd": 108624.3
    },
    "mining_vector": {
        "difficulty_change_percent": 6.6031956515429036,
        "next_retarget_blocks": 854
    },
    "monetary_vector": {
        "circulating_supply": 19913731.25,
        "current_block_reward": 3.125,
        "blocks_until_next_halving": 137606
    },
    "speculative_vector": {
        "open_interest": 0,
        "funding_rate": 0,
        "error": true
    },
    "trend_vector": {
        "rsi_14d": 38.2345520105035,
        "historical_prices": [
            118724.5,
            120172.0,
            123354.3,
            118383.1,
            117426.7,
            117487.5,
            117441.3,
            116260.0,
            112830.3,
            114262.7,
            112462.5,
            116817.9,
            115344.1,
            113456.1,
            110144.9,
            111829.3,
            111268.6,
            112563.7,
            108400.1,
            108624.3
        ],
        "price_change_percent": -0.03064672880682337
    },
    "singularity_score": 48,
    "narrative_vector": {
        "primary": "The objective remains unchanged. Awaiting a new catalyst.",
        "market": "Momentum is neutral (RSI: 38.2). The derivatives market is balanced.",
        "network": "The 6.60% difficulty adjustment indicates the security baseline is currently hardening."
    }
}