{
    "timestamp_utc": "2025-09-04T14:41:03.782380+00:00",
    "market_vector": {
        "price_usd": 110218.3
    },
    "mining_vector": {
        "difficulty_change_percent": 5.486362418667157,
        "next_retarget_blocks": 81
    },
    "monetary_vector": {
        "circulating_supply": 19916146.875,
        "current_block_reward": 3.125,
        "blocks_until_next_halving": 136833
    },
    "speculative_vector": {
        "open_interest": 0,
        "funding_rate": 0,
        "error": true
    },
    "trend_vector": {
        "rsi_14d": 43.596792397584515,
        "historical_prices": [
            117487.5,
            117441.3,
            116260.0,
            112830.3,
            114262.7,
            112462.5,
            116817.9,
            115344.1,
            113456.1,
            110144.9,
            111829.3,
            111268.6,
            112563.7,
            108400.1,
            108750.0,
            108250.0,
            109263.5,
            111196.9,
            111771.1,
            110218.3
        ],
        "price_change_percent": 0.2412849126444962
    },
    "singularity_score": 50,
    "narrative_vector": {
        "primary": "The objective remains unchanged. Awaiting a new catalyst.",
        "market": "Momentum is neutral (RSI: 43.6). The derivatives market is balanced.",
        "network": "The 5.49% difficulty adjustment indicates the security baseline is currently hardening."
    }
}