{
    "timestamp_utc": "2025-09-23T23:13:37.217853+00:00",
    "market_vector": {
        "price_usd": 112178.3
    },
    "mining_vector": {
        "difficulty_change_percent": 8.225482732369027,
        "next_retarget_blocks": 1183
    },
    "monetary_vector": {
        "circulating_supply": 19925303.125,
        "current_block_reward": 3.125,
        "blocks_until_next_halving": 133903
    },
    "speculative_vector": {
        "open_interest": 0,
        "funding_rate": 0,
        "error": true
    },
    "trend_vector": {
        "rsi_14d": 42.6092737557204,
        "historical_prices": [
            110744.3,
            110647.8,
            110254.9,
            111152.8,
            112050.1,
            111541.0,
            113952.8,
            115500.0,
            116111.7,
            115949.1,
            115390.6,
            115374.9,
            116764.2,
            116469.0,
            117135.7,
            115677.2,
            115739.1,
            115298.9,
            112747.8,
            112178.4
        ],
        "price_change_percent": 0.024698909592180063
    },
    "singularity_score": 51,
    "narrative_vector": {
        "primary": "The objective remains unchanged. Awaiting a new catalyst.",
        "market": "Momentum is neutral (RSI: 42.6). The derivatives market is balanced.",
        "network": "The 8.23% difficulty adjustment indicates the security baseline is currently hardening."
    }
}