{
    "timestamp_utc": "2025-10-16T08:26:23.639364+00:00",
    "market_vector": {
        "price_usd": 110659.9
    },
    "mining_vector": {
        "difficulty_change_percent": -47.89005708249995,
        "next_retarget_blocks": 2001
    },
    "monetary_vector": {
        "circulating_supply": 19935346.875,
        "current_block_reward": 3.125,
        "blocks_until_next_halving": 130689
    },
    "speculative_vector": {
        "open_interest": 0,
        "funding_rate": 0,
        "error": true
    },
    "trend_vector": {
        "rsi_14d": 40.392645937420546,
        "historical_prices": [
            109720.5,
            112127.8,
            114365.2,
            113995.0,
            118599.9,
            120649.9,
            122259.5,
            122426.4,
            123542.1,
            124766.5,
            121419.8,
            123329.7,
            121699.0,
            113000.1,
            110775.1,
            115125.3,
            115165.5,
            113106.2,
            110781.9,
            110659.8
        ],
        "price_change_percent": -0.13077062615574447
    },
    "singularity_score": 40,
    "narrative_vector": {
        "primary": "The objective remains unchanged. Awaiting a new catalyst.",
        "market": "Momentum is neutral (RSI: 40.4). The derivatives market is balanced.",
        "network": "The -47.89% difficulty adjustment indicates the security baseline is holding steady."
    }
}