{
    "timestamp_utc": "2025-09-13T19:56:53.862458+00:00",
    "market_vector": {
        "price_usd": 115831.5
    },
    "mining_vector": {
        "difficulty_change_percent": 4.007687524730086,
        "next_retarget_blocks": 729
    },
    "monetary_vector": {
        "circulating_supply": 19920421.875,
        "current_block_reward": 3.125,
        "blocks_until_next_halving": 135465
    },
    "speculative_vector": {
        "open_interest": 0,
        "funding_rate": 0,
        "error": true
    },
    "trend_vector": {
        "rsi_14d": 58.56418481392403,
        "historical_prices": [
            110144.9,
            111829.3,
            111268.6,
            112563.7,
            108400.1,
            108750.0,
            108250.0,
            109263.5,
            111196.9,
            111771.1,
            110744.3,
            110647.8,
            110254.9,
            111152.8,
            112050.1,
            111541.0,
            113952.8,
            115500.0,
            116111.7,
            115831.5
        ],
        "price_change_percent": 0.050270658260580886
    },
    "singularity_score": 55,
    "narrative_vector": {
        "primary": "ECHO DETECTED: Current structure mirrors the 'Pre-Halving Lull.' A period of consolidation may precede a supply shock.",
        "market": "High-conviction pattern match. Standard market analysis suspended.",
        "network": "On-chain fundamentals are secondary to the recognized historical echo."
    }
}