{
    "timestamp_utc": "2025-10-13T21:48:43.505847+00:00",
    "market_vector": {
        "price_usd": 115719.6
    },
    "mining_vector": {
        "difficulty_change_percent": -5.298293126795062,
        "next_retarget_blocks": 370
    },
    "monetary_vector": {
        "circulating_supply": 19934143.75,
        "current_block_reward": 3.125,
        "blocks_until_next_halving": 131074
    },
    "speculative_vector": {
        "open_interest": 0,
        "funding_rate": 0,
        "error": true
    },
    "trend_vector": {
        "rsi_14d": 48.36095260815088,
        "historical_prices": [
            113300.0,
            109049.8,
            109706.3,
            109720.5,
            112127.8,
            114365.2,
            113995.0,
            118599.9,
            120649.9,
            122259.5,
            122426.4,
            123542.1,
            124766.5,
            121419.8,
            123329.7,
            121699.0,
            113000.1,
            110775.1,
            115125.3,
            115719.6
        ],
        "price_change_percent": -0.039994506154220164
    },
    "singularity_score": 46,
    "narrative_vector": {
        "primary": "ECHO DETECTED: Current structure mirrors the 'Pre-Halving Lull.' A period of consolidation may precede a supply shock.",
        "market": "High-conviction pattern match. Standard market analysis suspended.",
        "network": "On-chain fundamentals are secondary to the recognized historical echo."
    }
}