{
    "timestamp_utc": "2025-08-22T13:50:23.198498+00:00",
    "market_vector": {
        "price_usd": 112518.2
    },
    "mining_vector": {
        "difficulty_change_percent": -0.08748256259730747,
        "next_retarget_blocks": 45
    },
    "monetary_vector": {
        "circulating_supply": 19909959.375,
        "current_block_reward": 3.125,
        "blocks_until_next_halving": 138813
    },
    "speculative_vector": {
        "open_interest": 0,
        "funding_rate": 0,
        "error": true
    },
    "trend_vector": {
        "rsi_14d": 40.55344582616873,
        "historical_prices": [
            114224.1,
            115092.1,
            114115.0,
            115010.0,
            117498.1,
            116676.0,
            116467.4,
            119288.4,
            118724.5,
            120172.0,
            123354.3,
            118383.1,
            117426.7,
            117487.5,
            117441.3,
            116260.0,
            112830.3,
            114262.7,
            112462.5,
            112518.2
        ],
        "price_change_percent": 0.4625888726884987
    },
    "singularity_score": 47,
    "narrative_vector": {
        "primary": "The objective remains unchanged. Awaiting a new catalyst.",
        "market": "Momentum is neutral (RSI: 40.6). The derivatives market is balanced.",
        "network": "The -0.09% difficulty adjustment indicates the security baseline is holding steady."
    }
}