{
    "timestamp_utc": "2025-08-25T10:27:30.276642+00:00",
    "market_vector": {
        "price_usd": 111099.1
    },
    "mining_vector": {
        "difficulty_change_percent": 4.50391749927137,
        "next_retarget_blocks": 1627
    },
    "monetary_vector": {
        "circulating_supply": 19911315.625,
        "current_block_reward": 3.125,
        "blocks_until_next_halving": 138379
    },
    "speculative_vector": {
        "open_interest": 0,
        "funding_rate": 0,
        "error": true
    },
    "trend_vector": {
        "rsi_14d": 40.03439837813417,
        "historical_prices": [
            115010.0,
            117498.1,
            116676.0,
            116467.4,
            119288.4,
            118724.5,
            120172.0,
            123354.3,
            118383.1,
            117426.7,
            117487.5,
            117441.3,
            116260.0,
            112830.3,
            114262.7,
            112462.5,
            116817.9,
            115344.1,
            113456.1,
            111119.1
        ],
        "price_change_percent": -0.5033076292160106
    },
    "singularity_score": 46,
    "narrative_vector": {
        "primary": "Financial energy is contracting. The market has chosen its short-term direction.",
        "market": "Momentum is neutral (RSI: 40.0). The derivatives market is balanced.",
        "network": "The 4.50% difficulty adjustment indicates the security baseline is currently hardening."
    }
}