{
    "timestamp_utc": "2025-07-16T10:05:14.213749+00:00",
    "market_vector": {
        "price_usd": 119187.5
    },
    "mining_vector": {
        "difficulty_change_percent": 2.7512679506465076,
        "next_retarget_blocks": 1392
    },
    "monetary_vector": {
        "circulating_supply": 19893150.0,
        "current_block_reward": 3.125,
        "blocks_until_next_halving": 144192
    },
    "speculative_vector": {
        "open_interest": 0,
        "funding_rate": 0,
        "error": true
    },
    "trend_vector": {
        "rsi_14d": 70.26419585340497,
        "historical_prices": [
            107115.4,
            107325.1,
            108387.2,
            107120.3,
            105700.1,
            108846.9,
            109631.0,
            108018.9,
            108249.5,
            109223.2,
            108282.1,
            108931.9,
            111323.7,
            115990.2,
            117532.6,
            117461.0,
            119102.1,
            119855.0,
            117741.0,
            119187.5
        ],
        "price_change_percent": 0.0029366357900389314
    },
    "singularity_score": 59,
    "narrative_vector": {
        "primary": "Market sentiment is overheated (RSI: 70). A correction is probable.",
        "market": "Momentum is neutral (RSI: 70.3). The derivatives market is balanced.",
        "network": "The 2.75% difficulty adjustment indicates the security baseline is currently hardening."
    }
}