{
    "timestamp_utc": "2025-10-19T14:31:46.964655+00:00",
    "market_vector": {
        "price_usd": 108411.0
    },
    "mining_vector": {
        "difficulty_change_percent": 8.578532946539585,
        "next_retarget_blocks": 1493
    },
    "monetary_vector": {
        "circulating_supply": 19936934.375,
        "current_block_reward": 3.125,
        "blocks_until_next_halving": 130181
    },
    "speculative_vector": {
        "open_interest": 0,
        "funding_rate": 0,
        "error": true
    },
    "trend_vector": {
        "rsi_14d": 39.41519730089979,
        "historical_prices": [
            113995.0,
            118599.9,
            120649.9,
            122259.5,
            122426.4,
            123542.1,
            124766.5,
            121419.8,
            123329.7,
            121699.0,
            113000.1,
            110775.1,
            115125.3,
            115165.5,
            113106.2,
            110781.9,
            108182.3,
            106451.0,
            107199.0,
            108411.0
        ],
        "price_change_percent": 0.36048345886377736
    },
    "singularity_score": 51,
    "narrative_vector": {
        "primary": "The objective remains unchanged. Awaiting a new catalyst.",
        "market": "Momentum is neutral (RSI: 39.4). The derivatives market is balanced.",
        "network": "The 8.58% difficulty adjustment indicates the security baseline is currently hardening."
    }
}