{
    "timestamp_utc": "2025-10-23T08:30:06.234851+00:00",
    "market_vector": {
        "price_usd": 109755.2
    },
    "mining_vector": {
        "difficulty_change_percent": 5.141672290523558,
        "next_retarget_blocks": 942
    },
    "monetary_vector": {
        "circulating_supply": 19938656.25,
        "current_block_reward": 3.125,
        "blocks_until_next_halving": 129630
    },
    "speculative_vector": {
        "open_interest": 0,
        "funding_rate": 0,
        "error": true
    },
    "trend_vector": {
        "rsi_14d": 44.28501192631036,
        "historical_prices": [
            122426.4,
            123542.1,
            124766.5,
            121419.8,
            123329.7,
            121699.0,
            113000.1,
            110775.1,
            115125.3,
            115165.5,
            113106.2,
            110781.9,
            108182.3,
            106451.0,
            107199.0,
            108669.8,
            110574.4,
            108406.1,
            107644.1,
            109755.4
        ],
        "price_change_percent": 0.3890054065623175
    },
    "singularity_score": 51,
    "narrative_vector": {
        "primary": "The objective remains unchanged. Awaiting a new catalyst.",
        "market": "Momentum is neutral (RSI: 44.3). The derivatives market is balanced.",
        "network": "The 5.14% difficulty adjustment indicates the security baseline is currently hardening."
    }
}