{
    "timestamp_utc": "2025-07-16T20:40:14.406918+00:00",
    "market_vector": {
        "price_usd": 119793.0
    },
    "mining_vector": {
        "difficulty_change_percent": 1.8218266895253077,
        "next_retarget_blocks": 1333
    },
    "monetary_vector": {
        "circulating_supply": 19893334.375,
        "current_block_reward": 3.125,
        "blocks_until_next_halving": 144133
    },
    "speculative_vector": {
        "open_interest": 0,
        "funding_rate": 0,
        "error": true
    },
    "trend_vector": {
        "rsi_14d": 71.09590939988698,
        "historical_prices": [
            107115.4,
            107325.1,
            108387.2,
            107120.3,
            105700.1,
            108846.9,
            109631.0,
            108018.9,
            108249.5,
            109223.2,
            108282.1,
            108931.9,
            111323.7,
            115990.2,
            117532.6,
            117461.0,
            119102.1,
            119855.0,
            117741.0,
            119758.0
        ],
        "price_change_percent": 0.031155848570884492
    },
    "singularity_score": 59,
    "narrative_vector": {
        "primary": "Market sentiment is overheated (RSI: 71). A correction is probable.",
        "market": "Momentum is neutral (RSI: 71.1). The derivatives market is balanced.",
        "network": "The 1.82% difficulty adjustment indicates the security baseline is currently hardening."
    }
}