{
    "timestamp_utc": "2025-10-07T15:28:20.837335+00:00",
    "market_vector": {
        "price_usd": 122264.5
    },
    "mining_vector": {
        "difficulty_change_percent": -7.300300437814943,
        "next_retarget_blocks": 1241
    },
    "monetary_vector": {
        "circulating_supply": 19931421.875,
        "current_block_reward": 3.125,
        "blocks_until_next_halving": 131945
    },
    "speculative_vector": {
        "open_interest": 0,
        "funding_rate": 0,
        "error": true
    },
    "trend_vector": {
        "rsi_14d": 64.15004368014272,
        "historical_prices": [
            117135.7,
            115677.2,
            115739.1,
            115298.9,
            112747.8,
            112001.5,
            113300.0,
            109049.8,
            109706.3,
            109720.5,
            112127.8,
            114365.2,
            113995.0,
            118599.9,
            120649.9,
            122259.5,
            122426.4,
            123542.1,
            124766.5,
            122311.1
        ],
        "price_change_percent": -0.39131341231810646
    },
    "singularity_score": 50,
    "narrative_vector": {
        "primary": "ECHO DETECTED: Current structure mirrors the 'Pre-Halving Lull.' A period of consolidation may precede a supply shock.",
        "market": "High-conviction pattern match. Standard market analysis suspended.",
        "network": "On-chain fundamentals are secondary to the recognized historical echo."
    }
}