{
    "timestamp_utc": "2025-09-12T20:56:47.167032+00:00",
    "market_vector": {
        "price_usd": 116375.0
    },
    "mining_vector": {
        "difficulty_change_percent": 6.0561997891598995,
        "next_retarget_blocks": 850
    },
    "monetary_vector": {
        "circulating_supply": 19920043.75,
        "current_block_reward": 3.125,
        "blocks_until_next_halving": 135586
    },
    "speculative_vector": {
        "open_interest": 0,
        "funding_rate": 0,
        "error": true
    },
    "trend_vector": {
        "rsi_14d": 60.13037047702955,
        "historical_prices": [
            113456.1,
            110144.9,
            111829.3,
            111268.6,
            112563.7,
            108400.1,
            108750.0,
            108250.0,
            109263.5,
            111196.9,
            111771.1,
            110744.3,
            110647.8,
            110254.9,
            111152.8,
            112050.1,
            111541.0,
            113952.8,
            115500.0,
            116374.9
        ],
        "price_change_percent": 0.08600308407059477
    },
    "singularity_score": 57,
    "narrative_vector": {
        "primary": "ECHO DETECTED: Current structure mirrors the 'Pre-Halving Lull.' A period of consolidation may precede a supply shock.",
        "market": "High-conviction pattern match. Standard market analysis suspended.",
        "network": "On-chain fundamentals are secondary to the recognized historical echo."
    }
}