{
    "timestamp_utc": "2025-09-02T07:36:10.121541+00:00",
    "market_vector": {
        "price_usd": 110212.5
    },
    "mining_vector": {
        "difficulty_change_percent": 6.723845957042451,
        "next_retarget_blocks": 411
    },
    "monetary_vector": {
        "circulating_supply": 19915115.625,
        "current_block_reward": 3.125,
        "blocks_until_next_halving": 137163
    },
    "speculative_vector": {
        "open_interest": 0,
        "funding_rate": 0,
        "error": true
    },
    "trend_vector": {
        "rsi_14d": 43.05820058782952,
        "historical_prices": [
            118383.1,
            117426.7,
            117487.5,
            117441.3,
            116260.0,
            112830.3,
            114262.7,
            112462.5,
            116817.9,
            115344.1,
            113456.1,
            110144.9,
            111829.3,
            111268.6,
            112563.7,
            108400.1,
            108750.0,
            108250.0,
            109263.5,
            110212.5
        ],
        "price_change_percent": -0.017055046978492416
    },
    "singularity_score": 50,
    "narrative_vector": {
        "primary": "The objective remains unchanged. Awaiting a new catalyst.",
        "market": "Momentum is neutral (RSI: 43.1). The derivatives market is balanced.",
        "network": "The 6.72% difficulty adjustment indicates the security baseline is currently hardening."
    }
}