{
    "timestamp_utc": "2025-09-04T02:09:07.594393+00:00",
    "market_vector": {
        "price_usd": 111947.2
    },
    "mining_vector": {
        "difficulty_change_percent": 5.561384304798556,
        "next_retarget_blocks": 159
    },
    "monetary_vector": {
        "circulating_supply": 19915903.125,
        "current_block_reward": 3.125,
        "blocks_until_next_halving": 136911
    },
    "speculative_vector": {
        "open_interest": 0,
        "funding_rate": 0,
        "error": true
    },
    "trend_vector": {
        "rsi_14d": 47.3668691946156,
        "historical_prices": [
            117487.5,
            117441.3,
            116260.0,
            112830.3,
            114262.7,
            112462.5,
            116817.9,
            115344.1,
            113456.1,
            110144.9,
            111829.3,
            111268.6,
            112563.7,
            108400.1,
            108750.0,
            108250.0,
            109263.5,
            111196.9,
            111771.1,
            111947.2
        ],
        "price_change_percent": -0.13621778431559448
    },
    "singularity_score": 51,
    "narrative_vector": {
        "primary": "ECHO DETECTED: Current structure mirrors the 'Pre-Halving Lull.' A period of consolidation may precede a supply shock.",
        "market": "High-conviction pattern match. Standard market analysis suspended.",
        "network": "On-chain fundamentals are secondary to the recognized historical echo."
    }
}