{
    "timestamp_utc": "2025-08-22T00:42:13.862614+00:00",
    "market_vector": {
        "price_usd": 112679.2
    },
    "mining_vector": {
        "difficulty_change_percent": -0.20643002708129465,
        "next_retarget_blocks": 126
    },
    "monetary_vector": {
        "circulating_supply": 19909706.25,
        "current_block_reward": 3.125,
        "blocks_until_next_halving": 138894
    },
    "speculative_vector": {
        "open_interest": 0,
        "funding_rate": 0,
        "error": true
    },
    "trend_vector": {
        "rsi_14d": 41.03546378140408,
        "historical_prices": [
            114224.1,
            115092.1,
            114115.0,
            115010.0,
            117498.1,
            116676.0,
            116467.4,
            119288.4,
            118724.5,
            120172.0,
            123354.3,
            118383.1,
            117426.7,
            117487.5,
            117441.3,
            116260.0,
            112830.3,
            114262.7,
            112462.5,
            112679.2
        ],
        "price_change_percent": 0.31971125381832033
    },
    "singularity_score": 47,
    "narrative_vector": {
        "primary": "The objective remains unchanged. Awaiting a new catalyst.",
        "market": "Momentum is neutral (RSI: 41.0). The derivatives market is balanced.",
        "network": "The -0.21% difficulty adjustment indicates the security baseline is holding steady."
    }
}