{
    "timestamp_utc": "2025-09-02T20:29:43.122956+00:00",
    "market_vector": {
        "price_usd": 111257.4
    },
    "mining_vector": {
        "difficulty_change_percent": 6.878302419456794,
        "next_retarget_blocks": 326
    },
    "monetary_vector": {
        "circulating_supply": 19915381.25,
        "current_block_reward": 3.125,
        "blocks_until_next_halving": 137078
    },
    "speculative_vector": {
        "open_interest": 0,
        "funding_rate": 0,
        "error": true
    },
    "trend_vector": {
        "rsi_14d": 45.617235972445854,
        "historical_prices": [
            118383.1,
            117426.7,
            117487.5,
            117441.3,
            116260.0,
            112830.3,
            114262.7,
            112462.5,
            116817.9,
            115344.1,
            113456.1,
            110144.9,
            111829.3,
            111268.6,
            112563.7,
            108400.1,
            108750.0,
            108250.0,
            109263.5,
            111251.2
        ],
        "price_change_percent": 0.1853296039277655
    },
    "singularity_score": 52,
    "narrative_vector": {
        "primary": "ECHO DETECTED: Current structure mirrors the 'Pre-Halving Lull.' A period of consolidation may precede a supply shock.",
        "market": "High-conviction pattern match. Standard market analysis suspended.",
        "network": "On-chain fundamentals are secondary to the recognized historical echo."
    }
}