{
    "timestamp_utc": "2025-08-06T22:14:34.887167+00:00",
    "market_vector": {
        "price_usd": 115199.9
    },
    "mining_vector": {
        "difficulty_change_percent": 0.2454473321493067,
        "next_retarget_blocks": 303
    },
    "monetary_vector": {
        "circulating_supply": 19902853.125,
        "current_block_reward": 3.125,
        "blocks_until_next_halving": 141087
    },
    "speculative_vector": {
        "open_interest": 0,
        "funding_rate": 0,
        "error": true
    },
    "trend_vector": {
        "rsi_14d": 49.7062471227599,
        "historical_prices": [
            118011.9,
            117909.1,
            117319.1,
            117461.0,
            119977.5,
            118735.3,
            118386.9,
            117628.1,
            117937.5,
            119455.0,
            117979.7,
            117923.0,
            117820.7,
            115762.3,
            113290.2,
            112525.2,
            114224.1,
            115092.1,
            114115.0,
            115199.9
        ],
        "price_change_percent": 0.17609093770815687
    },
    "singularity_score": 50,
    "narrative_vector": {
        "primary": "ECHO DETECTED: Current structure mirrors the 'Pre-Halving Lull.' A period of consolidation may precede a supply shock.",
        "market": "High-conviction pattern match. Standard market analysis suspended.",
        "network": "On-chain fundamentals are secondary to the recognized historical echo."
    }
}