{
    "timestamp_utc": "2025-07-16T17:30:25.567975+00:00",
    "market_vector": {
        "price_usd": 119678.1
    },
    "mining_vector": {
        "difficulty_change_percent": 2.4842341767304044,
        "next_retarget_blocks": 1348
    },
    "monetary_vector": {
        "circulating_supply": 19893287.5,
        "current_block_reward": 3.125,
        "blocks_until_next_halving": 144148
    },
    "speculative_vector": {
        "open_interest": 0,
        "funding_rate": 0,
        "error": true
    },
    "trend_vector": {
        "rsi_14d": 70.98223854552822,
        "historical_prices": [
            107115.4,
            107325.1,
            108387.2,
            107120.3,
            105700.1,
            108846.9,
            109631.0,
            108018.9,
            108249.5,
            109223.2,
            108282.1,
            108931.9,
            111323.7,
            115990.2,
            117532.6,
            117461.0,
            119102.1,
            119855.0,
            117741.0,
            119678.1
        ],
        "price_change_percent": 0.0017547377920433677
    },
    "singularity_score": 59,
    "narrative_vector": {
        "primary": "Market sentiment is overheated (RSI: 71). A correction is probable.",
        "market": "Momentum is neutral (RSI: 71.0). The derivatives market is balanced.",
        "network": "The 2.48% difficulty adjustment indicates the security baseline is currently hardening."
    }
}