{
    "timestamp_utc": "2025-10-18T07:32:35.506905+00:00",
    "market_vector": {
        "price_usd": 107116.0
    },
    "mining_vector": {
        "difficulty_change_percent": 5.975780164172995,
        "next_retarget_blocks": 1700
    },
    "monetary_vector": {
        "circulating_supply": 19936287.5,
        "current_block_reward": 3.125,
        "blocks_until_next_halving": 130388
    },
    "speculative_vector": {
        "open_interest": 0,
        "funding_rate": 0,
        "error": true
    },
    "trend_vector": {
        "rsi_14d": 36.42353050729948,
        "historical_prices": [
            114365.2,
            113995.0,
            118599.9,
            120649.9,
            122259.5,
            122426.4,
            123542.1,
            124766.5,
            121419.8,
            123329.7,
            121699.0,
            113000.1,
            110775.1,
            115125.3,
            115165.5,
            113106.2,
            110781.9,
            108182.3,
            106451.0,
            107116.0
        ],
        "price_change_percent": 0.007935952197558528
    },
    "singularity_score": 47,
    "narrative_vector": {
        "primary": "The objective remains unchanged. Awaiting a new catalyst.",
        "market": "Momentum is neutral (RSI: 36.4). The derivatives market is balanced.",
        "network": "The 5.98% difficulty adjustment indicates the security baseline is currently hardening."
    }
}