{
    "timestamp_utc": "2025-09-02T19:41:07.611841+00:00",
    "market_vector": {
        "price_usd": 110696.0
    },
    "mining_vector": {
        "difficulty_change_percent": 6.890619914876339,
        "next_retarget_blocks": 331
    },
    "monetary_vector": {
        "circulating_supply": 19915365.625,
        "current_block_reward": 3.125,
        "blocks_until_next_halving": 137083
    },
    "speculative_vector": {
        "open_interest": 0,
        "funding_rate": 0,
        "error": true
    },
    "trend_vector": {
        "rsi_14d": 44.27871382298456,
        "historical_prices": [
            118383.1,
            117426.7,
            117487.5,
            117441.3,
            116260.0,
            112830.3,
            114262.7,
            112462.5,
            116817.9,
            115344.1,
            113456.1,
            110144.9,
            111829.3,
            111268.6,
            112563.7,
            108400.1,
            108750.0,
            108250.0,
            109263.5,
            110696.0
        ],
        "price_change_percent": 0.15471612757294728
    },
    "singularity_score": 51,
    "narrative_vector": {
        "primary": "The objective remains unchanged. Awaiting a new catalyst.",
        "market": "Momentum is neutral (RSI: 44.3). The derivatives market is balanced.",
        "network": "The 6.89% difficulty adjustment indicates the security baseline is currently hardening."
    }
}