{
    "timestamp_utc": "2025-10-21T17:24:30.180907+00:00",
    "market_vector": {
        "price_usd": 111990.1
    },
    "mining_vector": {
        "difficulty_change_percent": 7.1240451596389365,
        "next_retarget_blocks": 1173
    },
    "monetary_vector": {
        "circulating_supply": 19937934.375,
        "current_block_reward": 3.125,
        "blocks_until_next_halving": 129861
    },
    "speculative_vector": {
        "open_interest": 0,
        "funding_rate": 0,
        "error": true
    },
    "trend_vector": {
        "rsi_14d": 47.053092520846164,
        "historical_prices": [
            120649.9,
            122259.5,
            122426.4,
            123542.1,
            124766.5,
            121419.8,
            123329.7,
            121699.0,
            113000.1,
            110775.1,
            115125.3,
            115165.5,
            113106.2,
            110781.9,
            108182.3,
            106451.0,
            107199.0,
            108669.8,
            110574.4,
            111990.1
        ],
        "price_change_percent": -0.758643179832366
    },
    "singularity_score": 50,
    "narrative_vector": {
        "primary": "ECHO DETECTED: Current structure mirrors the 'Pre-Halving Lull.' A period of consolidation may precede a supply shock.",
        "market": "High-conviction pattern match. Standard market analysis suspended.",
        "network": "On-chain fundamentals are secondary to the recognized historical echo."
    }
}