{
    "timestamp_utc": "2025-08-23T17:38:53.984977+00:00",
    "market_vector": {
        "price_usd": 115106.5
    },
    "mining_vector": {
        "difficulty_change_percent": 2.68092488469287,
        "next_retarget_blocks": 1890
    },
    "monetary_vector": {
        "circulating_supply": 19910493.75,
        "current_block_reward": 3.125,
        "blocks_until_next_halving": 138642
    },
    "speculative_vector": {
        "open_interest": 0,
        "funding_rate": 0,
        "error": true
    },
    "trend_vector": {
        "rsi_14d": 47.514316589580254,
        "historical_prices": [
            115092.1,
            114115.0,
            115010.0,
            117498.1,
            116676.0,
            116467.4,
            119288.4,
            118724.5,
            120172.0,
            123354.3,
            118383.1,
            117426.7,
            117487.5,
            117441.3,
            116260.0,
            112830.3,
            114262.7,
            112462.5,
            116817.9,
            115086.8
        ],
        "price_change_percent": 0.10272361086104813
    },
    "singularity_score": 50,
    "narrative_vector": {
        "primary": "ECHO DETECTED: Current structure mirrors the 'Pre-Halving Lull.' A period of consolidation may precede a supply shock.",
        "market": "High-conviction pattern match. Standard market analysis suspended.",
        "network": "On-chain fundamentals are secondary to the recognized historical echo."
    }
}