{
    "timestamp_utc": "2025-10-17T19:14:09.850208+00:00",
    "market_vector": {
        "price_usd": 106829.6
    },
    "mining_vector": {
        "difficulty_change_percent": 10.996208441039656,
        "next_retarget_blocks": 1765
    },
    "monetary_vector": {
        "circulating_supply": 19936084.375,
        "current_block_reward": 3.125,
        "blocks_until_next_halving": 130453
    },
    "speculative_vector": {
        "open_interest": 0,
        "funding_rate": 0,
        "error": true
    },
    "trend_vector": {
        "rsi_14d": 35.33594235650621,
        "historical_prices": [
            112127.8,
            114365.2,
            113995.0,
            118599.9,
            120649.9,
            122259.5,
            122426.4,
            123542.1,
            124766.5,
            121419.8,
            123329.7,
            121699.0,
            113000.1,
            110775.1,
            115125.3,
            115165.5,
            113106.2,
            110781.9,
            108182.3,
            106829.7
        ],
        "price_change_percent": 0.16849507735583413
    },
    "singularity_score": 49,
    "narrative_vector": {
        "primary": "The objective remains unchanged. Awaiting a new catalyst.",
        "market": "Momentum is neutral (RSI: 35.3). The derivatives market is balanced.",
        "network": "The 11.00% difficulty adjustment indicates the security baseline is currently hardening."
    }
}