{
    "timestamp_utc": "2025-10-30T04:50:03.849655+00:00",
    "market_vector": {
        "price_usd": 108900.1
    },
    "mining_vector": {
        "difficulty_change_percent": -4.256918715581703,
        "next_retarget_blocks": 1918
    },
    "monetary_vector": {
        "circulating_supply": 19941906.25,
        "current_block_reward": 3.125,
        "blocks_until_next_halving": 128590
    },
    "speculative_vector": {
        "open_interest": 0,
        "funding_rate": 0,
        "error": true
    },
    "trend_vector": {
        "rsi_14d": 42.578654566428064,
        "historical_prices": [
            110775.1,
            115125.3,
            115165.5,
            113106.2,
            110781.9,
            108182.3,
            106451.0,
            107199.0,
            108669.8,
            110574.4,
            108406.1,
            107644.1,
            110080.0,
            111000.0,
            111645.2,
            114509.9,
            114153.0,
            112918.0,
            110104.2,
            108900.1
        ],
        "price_change_percent": -0.2826695284629051
    },
    "singularity_score": 44,
    "narrative_vector": {
        "primary": "The objective remains unchanged. Awaiting a new catalyst.",
        "market": "Momentum is neutral (RSI: 42.6). The derivatives market is balanced.",
        "network": "The -4.26% difficulty adjustment indicates the security baseline is holding steady."
    }
}