{
    "timestamp_utc": "2025-09-26T17:31:22.647905+00:00",
    "market_vector": {
        "price_usd": 109899.8
    },
    "mining_vector": {
        "difficulty_change_percent": 5.102042271904472,
        "next_retarget_blocks": 789
    },
    "monetary_vector": {
        "circulating_supply": 19926534.375,
        "current_block_reward": 3.125,
        "blocks_until_next_halving": 133509
    },
    "speculative_vector": {
        "open_interest": 0,
        "funding_rate": 0,
        "error": true
    },
    "trend_vector": {
        "rsi_14d": 39.154050355575556,
        "historical_prices": [
            111152.8,
            112050.1,
            111541.0,
            113952.8,
            115500.0,
            116111.7,
            115949.1,
            115390.6,
            115374.9,
            116764.2,
            116469.0,
            117135.7,
            115677.2,
            115739.1,
            115298.9,
            112747.8,
            112001.5,
            113300.0,
            109049.8,
            109912.6
        ],
        "price_change_percent": 0.2897942424380727
    },
    "singularity_score": 49,
    "narrative_vector": {
        "primary": "The objective remains unchanged. Awaiting a new catalyst.",
        "market": "Momentum is neutral (RSI: 39.2). The derivatives market is balanced.",
        "network": "The 5.10% difficulty adjustment indicates the security baseline is currently hardening."
    }
}