{
    "timestamp_utc": "2025-09-23T17:51:34.244482+00:00",
    "market_vector": {
        "price_usd": 112137.5
    },
    "mining_vector": {
        "difficulty_change_percent": 8.88284485774582,
        "next_retarget_blocks": 1213
    },
    "monetary_vector": {
        "circulating_supply": 19925209.375,
        "current_block_reward": 3.125,
        "blocks_until_next_halving": 133933
    },
    "speculative_vector": {
        "open_interest": 0,
        "funding_rate": 0,
        "error": true
    },
    "trend_vector": {
        "rsi_14d": 42.33967421907253,
        "historical_prices": [
            110744.3,
            110647.8,
            110254.9,
            111152.8,
            112050.1,
            111541.0,
            113952.8,
            115500.0,
            116111.7,
            115949.1,
            115390.6,
            115374.9,
            116764.2,
            116469.0,
            117135.7,
            115677.2,
            115739.1,
            115298.9,
            112747.8,
            112087.6
        ],
        "price_change_percent": -0.10507506316534768
    },
    "singularity_score": 51,
    "narrative_vector": {
        "primary": "The objective remains unchanged. Awaiting a new catalyst.",
        "market": "Momentum is neutral (RSI: 42.3). The derivatives market is balanced.",
        "network": "The 8.88% difficulty adjustment indicates the security baseline is currently hardening."
    }
}