{
    "timestamp_utc": "2025-10-04T22:52:23.881588+00:00",
    "market_vector": {
        "price_usd": 122362.6
    },
    "mining_vector": {
        "difficulty_change_percent": -8.865889634040936,
        "next_retarget_blocks": 1621
    },
    "monetary_vector": {
        "circulating_supply": 19930234.375,
        "current_block_reward": 3.125,
        "blocks_until_next_halving": 132325
    },
    "speculative_vector": {
        "open_interest": 0,
        "funding_rate": 0,
        "error": true
    },
    "trend_vector": {
        "rsi_14d": 69.23138516623524,
        "historical_prices": [
            115374.9,
            116764.2,
            116469.0,
            117135.7,
            115677.2,
            115739.1,
            115298.9,
            112747.8,
            112001.5,
            113300.0,
            109049.8,
            109706.3,
            109720.5,
            112127.8,
            114365.2,
            113995.0,
            118599.9,
            120649.9,
            122259.5,
            122396.5
        ],
        "price_change_percent": 0.05305252281503241
    },
    "singularity_score": 53,
    "narrative_vector": {
        "primary": "The objective remains unchanged. Awaiting a new catalyst.",
        "market": "Momentum is neutral (RSI: 69.2). The derivatives market is balanced.",
        "network": "The -8.87% difficulty adjustment indicates the security baseline is holding steady."
    }
}