{
    "timestamp_utc": "2025-10-16T15:17:52.686154+00:00",
    "market_vector": {
        "price_usd": 110450.1
    },
    "mining_vector": {
        "difficulty_change_percent": -50.01648898141519,
        "next_retarget_blocks": 1957
    },
    "monetary_vector": {
        "circulating_supply": 19935484.375,
        "current_block_reward": 3.125,
        "blocks_until_next_halving": 130645
    },
    "speculative_vector": {
        "open_interest": 0,
        "funding_rate": 0,
        "error": true
    },
    "trend_vector": {
        "rsi_14d": 40.08687167657614,
        "historical_prices": [
            109720.5,
            112127.8,
            114365.2,
            113995.0,
            118599.9,
            120649.9,
            122259.5,
            122426.4,
            123542.1,
            124766.5,
            121419.8,
            123329.7,
            121699.0,
            113000.1,
            110775.1,
            115125.3,
            115165.5,
            113106.2,
            110781.9,
            110450.1
        ],
        "price_change_percent": -0.3560834608389361
    },
    "singularity_score": 39,
    "narrative_vector": {
        "primary": "The objective remains unchanged. Awaiting a new catalyst.",
        "market": "Momentum is neutral (RSI: 40.1). The derivatives market is balanced.",
        "network": "The -50.02% difficulty adjustment indicates the security baseline is holding steady."
    }
}