{
    "timestamp_utc": "2025-08-14T23:52:07.015687+00:00",
    "market_vector": {
        "price_usd": 118590.2
    },
    "mining_vector": {
        "difficulty_change_percent": -1.8025543431014146,
        "next_retarget_blocks": 1151
    },
    "monetary_vector": {
        "circulating_supply": 19906503.125,
        "current_block_reward": 3.125,
        "blocks_until_next_halving": 139919
    },
    "speculative_vector": {
        "open_interest": 0,
        "funding_rate": 0,
        "error": true
    },
    "trend_vector": {
        "rsi_14d": 53.888846875676904,
        "historical_prices": [
            117937.5,
            119455.0,
            117979.7,
            117923.0,
            117820.7,
            115762.3,
            113290.2,
            112525.2,
            114224.1,
            115092.1,
            114115.0,
            115010.0,
            117498.1,
            116676.0,
            116467.4,
            119288.4,
            118724.5,
            120172.0,
            123354.3,
            118590.2
        ],
        "price_change_percent": -0.0014334874472852611
    },
    "singularity_score": 50,
    "narrative_vector": {
        "primary": "ECHO DETECTED: Current structure mirrors the 'Pre-Halving Lull.' A period of consolidation may precede a supply shock.",
        "market": "High-conviction pattern match. Standard market analysis suspended.",
        "network": "On-chain fundamentals are secondary to the recognized historical echo."
    }
}