{
    "timestamp_utc": "2025-10-29T23:59:01.892792+00:00",
    "market_vector": {
        "price_usd": 110104.2
    },
    "mining_vector": {
        "difficulty_change_percent": -3.8538317750416384,
        "next_retarget_blocks": 1946
    },
    "monetary_vector": {
        "circulating_supply": 19941818.75,
        "current_block_reward": 3.125,
        "blocks_until_next_halving": 128618
    },
    "speculative_vector": {
        "open_interest": 0,
        "funding_rate": 0,
        "error": true
    },
    "trend_vector": {
        "rsi_14d": 44.782983592657814,
        "historical_prices": [
            113000.1,
            110775.1,
            115125.3,
            115165.5,
            113106.2,
            110781.9,
            108182.3,
            106451.0,
            107199.0,
            108669.8,
            110574.4,
            108406.1,
            107644.1,
            110080.0,
            111000.0,
            111645.2,
            114509.9,
            114153.0,
            112918.0,
            110104.2
        ],
        "price_change_percent": 0.06498068301514005
    },
    "singularity_score": 46,
    "narrative_vector": {
        "primary": "The objective remains unchanged. Awaiting a new catalyst.",
        "market": "Momentum is neutral (RSI: 44.8). The derivatives market is balanced.",
        "network": "The -3.85% difficulty adjustment indicates the security baseline is holding steady."
    }
}