{
    "timestamp_utc": "2025-08-27T22:17:55.623325+00:00",
    "market_vector": {
        "price_usd": 111223.6
    },
    "mining_vector": {
        "difficulty_change_percent": 4.66464104692077,
        "next_retarget_blocks": 1254
    },
    "monetary_vector": {
        "circulating_supply": 19912481.25,
        "current_block_reward": 3.125,
        "blocks_until_next_halving": 138006
    },
    "speculative_vector": {
        "open_interest": 0,
        "funding_rate": 0,
        "error": true
    },
    "trend_vector": {
        "rsi_14d": 41.478153748391584,
        "historical_prices": [
            116676.0,
            116467.4,
            119288.4,
            118724.5,
            120172.0,
            123354.3,
            118383.1,
            117426.7,
            117487.5,
            117441.3,
            116260.0,
            112830.3,
            114262.7,
            112462.5,
            116817.9,
            115344.1,
            113456.1,
            110144.9,
            111829.3,
            111200.0
        ],
        "price_change_percent": -0.14825111278129846
    },
    "singularity_score": 48,
    "narrative_vector": {
        "primary": "The objective remains unchanged. Awaiting a new catalyst.",
        "market": "Momentum is neutral (RSI: 41.5). The derivatives market is balanced.",
        "network": "The 4.66% difficulty adjustment indicates the security baseline is currently hardening."
    }
}