{
    "timestamp_utc": "2025-07-30T16:57:28.804531+00:00",
    "market_vector": {
        "price_usd": 117777.0
    },
    "mining_vector": {
        "difficulty_change_percent": -4.789856189902952,
        "next_retarget_blocks": 1379
    },
    "monetary_vector": {
        "circulating_supply": 19899490.625,
        "current_block_reward": 3.125,
        "blocks_until_next_halving": 142163
    },
    "speculative_vector": {
        "open_interest": 0,
        "funding_rate": 0,
        "error": true
    },
    "trend_vector": {
        "rsi_14d": 57.22836554311392,
        "historical_prices": [
            117532.6,
            117461.0,
            119102.1,
            119855.0,
            117741.0,
            118712.6,
            119321.0,
            118011.9,
            117909.1,
            117319.1,
            117461.0,
            119977.5,
            118735.3,
            118386.9,
            117628.1,
            117937.5,
            119455.0,
            117979.7,
            117923.0,
            117777.0
        ],
        "price_change_percent": -0.07008338735241407
    },
    "singularity_score": 50,
    "narrative_vector": {
        "primary": "ECHO DETECTED: Current structure mirrors the 'Pre-Halving Lull.' A period of consolidation may precede a supply shock.",
        "market": "High-conviction pattern match. Standard market analysis suspended.",
        "network": "On-chain fundamentals are secondary to the recognized historical echo."
    }
}