{
    "timestamp_utc": "2025-09-28T20:40:46.077239+00:00",
    "market_vector": {
        "price_usd": 110949.2
    },
    "mining_vector": {
        "difficulty_change_percent": 6.010540050497348,
        "next_retarget_blocks": 453
    },
    "monetary_vector": {
        "circulating_supply": 19927584.375,
        "current_block_reward": 3.125,
        "blocks_until_next_halving": 133173
    },
    "speculative_vector": {
        "open_interest": 0,
        "funding_rate": 0,
        "error": true
    },
    "trend_vector": {
        "rsi_14d": 43.1645178730738,
        "historical_prices": [
            111541.0,
            113952.8,
            115500.0,
            116111.7,
            115949.1,
            115390.6,
            115374.9,
            116764.2,
            116469.0,
            117135.7,
            115677.2,
            115739.1,
            115298.9,
            112747.8,
            112001.5,
            113300.0,
            109049.8,
            109706.3,
            109720.5,
            110949.2
        ],
        "price_change_percent": 0.31573236889692324
    },
    "singularity_score": 51,
    "narrative_vector": {
        "primary": "The objective remains unchanged. Awaiting a new catalyst.",
        "market": "Momentum is neutral (RSI: 43.2). The derivatives market is balanced.",
        "network": "The 6.01% difficulty adjustment indicates the security baseline is currently hardening."
    }
}