{
    "timestamp_utc": "2025-10-31T13:04:00.727525+00:00",
    "market_vector": {
        "price_usd": 109712.8
    },
    "mining_vector": {
        "difficulty_change_percent": -0.12064050787480296,
        "next_retarget_blocks": 1713
    },
    "monetary_vector": {
        "circulating_supply": 19942546.875,
        "current_block_reward": 3.125,
        "blocks_until_next_halving": 128385
    },
    "speculative_vector": {
        "open_interest": 0,
        "funding_rate": 0,
        "error": true
    },
    "trend_vector": {
        "rsi_14d": 44.902415921323666,
        "historical_prices": [
            115125.3,
            115165.5,
            113106.2,
            110781.9,
            108182.3,
            106451.0,
            107199.0,
            108669.8,
            110574.4,
            108406.1,
            107644.1,
            110080.0,
            111000.0,
            111645.2,
            114509.9,
            114153.0,
            112918.0,
            110104.2,
            108302.7,
            109712.8
        ],
        "price_change_percent": -0.5743720241493647
    },
    "singularity_score": 46,
    "narrative_vector": {
        "primary": "Financial energy is contracting. The market has chosen its short-term direction.",
        "market": "Momentum is neutral (RSI: 44.9). The derivatives market is balanced.",
        "network": "The -0.12% difficulty adjustment indicates the security baseline is holding steady."
    }
}