{
    "timestamp_utc": "2025-10-14T10:46:28.101135+00:00",
    "market_vector": {
        "price_usd": 110445.2
    },
    "mining_vector": {
        "difficulty_change_percent": -4.288751864415485,
        "next_retarget_blocks": 278
    },
    "monetary_vector": {
        "circulating_supply": 19934431.25,
        "current_block_reward": 3.125,
        "blocks_until_next_halving": 130982
    },
    "speculative_vector": {
        "open_interest": 0,
        "funding_rate": 0,
        "error": true
    },
    "trend_vector": {
        "rsi_14d": 40.37200570147358,
        "historical_prices": [
            109049.8,
            109706.3,
            109720.5,
            112127.8,
            114365.2,
            113995.0,
            118599.9,
            120649.9,
            122259.5,
            122426.4,
            123542.1,
            124766.5,
            121419.8,
            123329.7,
            121699.0,
            113000.1,
            110775.1,
            115125.3,
            115165.5,
            110445.2
        ],
        "price_change_percent": -0.050497280567599306
    },
    "singularity_score": 43,
    "narrative_vector": {
        "primary": "The objective remains unchanged. Awaiting a new catalyst.",
        "market": "Momentum is neutral (RSI: 40.4). The derivatives market is balanced.",
        "network": "The -4.29% difficulty adjustment indicates the security baseline is holding steady."
    }
}