{
    "timestamp_utc": "2025-10-14T15:57:48.902463+00:00",
    "market_vector": {
        "price_usd": 112700.1
    },
    "mining_vector": {
        "difficulty_change_percent": -4.061469921133442,
        "next_retarget_blocks": 244
    },
    "monetary_vector": {
        "circulating_supply": 19934537.5,
        "current_block_reward": 3.125,
        "blocks_until_next_halving": 130948
    },
    "speculative_vector": {
        "open_interest": 0,
        "funding_rate": 0,
        "error": true
    },
    "trend_vector": {
        "rsi_14d": 43.442678984735046,
        "historical_prices": [
            109049.8,
            109706.3,
            109720.5,
            112127.8,
            114365.2,
            113995.0,
            118599.9,
            120649.9,
            122259.5,
            122426.4,
            123542.1,
            124766.5,
            121419.8,
            123329.7,
            121699.0,
            113000.1,
            110775.1,
            115125.3,
            115165.5,
            112700.0
        ],
        "price_change_percent": 0.3353712008105149
    },
    "singularity_score": 46,
    "narrative_vector": {
        "primary": "The objective remains unchanged. Awaiting a new catalyst.",
        "market": "Momentum is neutral (RSI: 43.4). The derivatives market is balanced.",
        "network": "The -4.06% difficulty adjustment indicates the security baseline is holding steady."
    }
}