{
    "timestamp_utc": "2025-10-12T09:10:05.312554+00:00",
    "market_vector": {
        "price_usd": 111245.7
    },
    "mining_vector": {
        "difficulty_change_percent": -5.613495822047865,
        "next_retarget_blocks": 583
    },
    "monetary_vector": {
        "circulating_supply": 19933478.125,
        "current_block_reward": 3.125,
        "blocks_until_next_halving": 131287
    },
    "speculative_vector": {
        "open_interest": 0,
        "funding_rate": 0,
        "error": true
    },
    "trend_vector": {
        "rsi_14d": 39.90458378297356,
        "historical_prices": [
            112001.5,
            113300.0,
            109049.8,
            109706.3,
            109720.5,
            112127.8,
            114365.2,
            113995.0,
            118599.9,
            120649.9,
            122259.5,
            122426.4,
            123542.1,
            124766.5,
            121419.8,
            123329.7,
            121699.0,
            113000.1,
            110775.1,
            111245.7
        ],
        "price_change_percent": -0.19172900625698425
    },
    "singularity_score": 42,
    "narrative_vector": {
        "primary": "The objective remains unchanged. Awaiting a new catalyst.",
        "market": "Momentum is neutral (RSI: 39.9). The derivatives market is balanced.",
        "network": "The -5.61% difficulty adjustment indicates the security baseline is holding steady."
    }
}