{
    "timestamp_utc": "2025-10-15T18:50:00.030669+00:00",
    "market_vector": {
        "price_usd": 111250.0
    },
    "mining_vector": {
        "difficulty_change_percent": -3.0495270263544705,
        "next_retarget_blocks": 69
    },
    "monetary_vector": {
        "circulating_supply": 19935084.375,
        "current_block_reward": 3.125,
        "blocks_until_next_halving": 130773
    },
    "speculative_vector": {
        "open_interest": 0,
        "funding_rate": 0,
        "error": true
    },
    "trend_vector": {
        "rsi_14d": 41.15665114806619,
        "historical_prices": [
            109706.3,
            109720.5,
            112127.8,
            114365.2,
            113995.0,
            118599.9,
            120649.9,
            122259.5,
            122426.4,
            123542.1,
            124766.5,
            121419.8,
            123329.7,
            121699.0,
            113000.1,
            110775.1,
            115125.3,
            115165.5,
            113106.2,
            111200.0
        ],
        "price_change_percent": -0.1689586509163422
    },
    "singularity_score": 44,
    "narrative_vector": {
        "primary": "The objective remains unchanged. Awaiting a new catalyst.",
        "market": "Momentum is neutral (RSI: 41.2). The derivatives market is balanced.",
        "network": "The -3.05% difficulty adjustment indicates the security baseline is holding steady."
    }
}