{
    "timestamp_utc": "2025-10-19T22:30:00.843140+00:00",
    "market_vector": {
        "price_usd": 109226.9
    },
    "mining_vector": {
        "difficulty_change_percent": 6.7075565666309345,
        "next_retarget_blocks": 1451
    },
    "monetary_vector": {
        "circulating_supply": 19937065.625,
        "current_block_reward": 3.125,
        "blocks_until_next_halving": 130139
    },
    "speculative_vector": {
        "open_interest": 0,
        "funding_rate": 0,
        "error": true
    },
    "trend_vector": {
        "rsi_14d": 41.16744098555472,
        "historical_prices": [
            113995.0,
            118599.9,
            120649.9,
            122259.5,
            122426.4,
            123542.1,
            124766.5,
            121419.8,
            123329.7,
            121699.0,
            113000.1,
            110775.1,
            115125.3,
            115165.5,
            113106.2,
            110781.9,
            108182.3,
            106451.0,
            107199.0,
            109226.9
        ],
        "price_change_percent": 0.2407203807474981
    },
    "singularity_score": 50,
    "narrative_vector": {
        "primary": "The objective remains unchanged. Awaiting a new catalyst.",
        "market": "Momentum is neutral (RSI: 41.2). The derivatives market is balanced.",
        "network": "The 6.71% difficulty adjustment indicates the security baseline is currently hardening."
    }
}