{
    "timestamp_utc": "2025-09-26T20:41:49.536727+00:00",
    "market_vector": {
        "price_usd": 109256.2
    },
    "mining_vector": {
        "difficulty_change_percent": 5.353430864091835,
        "next_retarget_blocks": 766
    },
    "monetary_vector": {
        "circulating_supply": 19926606.25,
        "current_block_reward": 3.125,
        "blocks_until_next_halving": 133486
    },
    "speculative_vector": {
        "open_interest": 0,
        "funding_rate": 0,
        "error": true
    },
    "trend_vector": {
        "rsi_14d": 36.78040873872344,
        "historical_prices": [
            111152.8,
            112050.1,
            111541.0,
            113952.8,
            115500.0,
            116111.7,
            115949.1,
            115390.6,
            115374.9,
            116764.2,
            116469.0,
            117135.7,
            115677.2,
            115739.1,
            115298.9,
            112747.8,
            112001.5,
            113300.0,
            109049.8,
            109256.0
        ],
        "price_change_percent": 0.05119042931278834
    },
    "singularity_score": 47,
    "narrative_vector": {
        "primary": "The objective remains unchanged. Awaiting a new catalyst.",
        "market": "Momentum is neutral (RSI: 36.8). The derivatives market is balanced.",
        "network": "The 5.35% difficulty adjustment indicates the security baseline is currently hardening."
    }
}