{
    "timestamp_utc": "2025-08-21T17:32:39.431390+00:00",
    "market_vector": {
        "price_usd": 112252.9
    },
    "mining_vector": {
        "difficulty_change_percent": -0.48327438645752174,
        "next_retarget_blocks": 174
    },
    "monetary_vector": {
        "circulating_supply": 19909556.25,
        "current_block_reward": 3.125,
        "blocks_until_next_halving": 138942
    },
    "speculative_vector": {
        "open_interest": 0,
        "funding_rate": 0,
        "error": true
    },
    "trend_vector": {
        "rsi_14d": 39.98855043916633,
        "historical_prices": [
            112525.2,
            114224.1,
            115092.1,
            114115.0,
            115010.0,
            117498.1,
            116676.0,
            116467.4,
            119288.4,
            118724.5,
            120172.0,
            123354.3,
            118383.1,
            117426.7,
            117487.5,
            117441.3,
            116260.0,
            112830.3,
            114262.7,
            112252.9
        ],
        "price_change_percent": -0.2273601952560139
    },
    "singularity_score": 45,
    "narrative_vector": {
        "primary": "The objective remains unchanged. Awaiting a new catalyst.",
        "market": "Momentum is neutral (RSI: 40.0). The derivatives market is balanced.",
        "network": "The -0.48% difficulty adjustment indicates the security baseline is holding steady."
    }
}