{
    "timestamp_utc": "2025-10-07T13:00:58.581645+00:00",
    "market_vector": {
        "price_usd": 125139.3
    },
    "mining_vector": {
        "difficulty_change_percent": -7.341353480981871,
        "next_retarget_blocks": 1255
    },
    "monetary_vector": {
        "circulating_supply": 19931378.125,
        "current_block_reward": 3.125,
        "blocks_until_next_halving": 131959
    },
    "speculative_vector": {
        "open_interest": 0,
        "funding_rate": 0,
        "error": true
    },
    "trend_vector": {
        "rsi_14d": 73.16782867067886,
        "historical_prices": [
            117135.7,
            115677.2,
            115739.1,
            115298.9,
            112747.8,
            112001.5,
            113300.0,
            109049.8,
            109706.3,
            109720.5,
            112127.8,
            114365.2,
            113995.0,
            118599.9,
            120649.9,
            122259.5,
            122426.4,
            123542.1,
            124766.5,
            124994.0
        ],
        "price_change_percent": 0.3709083842639722
    },
    "singularity_score": 56,
    "narrative_vector": {
        "primary": "Market sentiment is overheated (RSI: 73). A correction is probable.",
        "market": "Momentum is neutral (RSI: 73.2). The derivatives market is balanced.",
        "network": "The -7.34% difficulty adjustment indicates the security baseline is holding steady."
    }
}