{
    "timestamp_utc": "2025-10-07T17:37:41.112019+00:00",
    "market_vector": {
        "price_usd": 121301.2
    },
    "mining_vector": {
        "difficulty_change_percent": -7.8872294996147225,
        "next_retarget_blocks": 1234
    },
    "monetary_vector": {
        "circulating_supply": 19931443.75,
        "current_block_reward": 3.125,
        "blocks_until_next_halving": 131938
    },
    "speculative_vector": {
        "open_interest": 0,
        "funding_rate": 0,
        "error": true
    },
    "trend_vector": {
        "rsi_14d": 61.15201750554689,
        "historical_prices": [
            117135.7,
            115677.2,
            115739.1,
            115298.9,
            112747.8,
            112001.5,
            113300.0,
            109049.8,
            109706.3,
            109720.5,
            112127.8,
            114365.2,
            113995.0,
            118599.9,
            120649.9,
            122259.5,
            122426.4,
            123542.1,
            124766.5,
            121301.2
        ],
        "price_change_percent": -0.05668616626843776
    },
    "singularity_score": 50,
    "narrative_vector": {
        "primary": "ECHO DETECTED: Current structure mirrors the 'Pre-Halving Lull.' A period of consolidation may precede a supply shock.",
        "market": "High-conviction pattern match. Standard market analysis suspended.",
        "network": "On-chain fundamentals are secondary to the recognized historical echo."
    }
}