{
    "timestamp_utc": "2025-10-07T09:10:33.282167+00:00",
    "market_vector": {
        "price_usd": 124071.1
    },
    "mining_vector": {
        "difficulty_change_percent": -7.54776386105892,
        "next_retarget_blocks": 1278
    },
    "monetary_vector": {
        "circulating_supply": 19931306.25,
        "current_block_reward": 3.125,
        "blocks_until_next_halving": 131982
    },
    "speculative_vector": {
        "open_interest": 0,
        "funding_rate": 0,
        "error": true
    },
    "trend_vector": {
        "rsi_14d": 70.14303244628202,
        "historical_prices": [
            117135.7,
            115677.2,
            115739.1,
            115298.9,
            112747.8,
            112001.5,
            113300.0,
            109049.8,
            109706.3,
            109720.5,
            112127.8,
            114365.2,
            113995.0,
            118599.9,
            120649.9,
            122259.5,
            122426.4,
            123542.1,
            124766.5,
            124071.1
        ],
        "price_change_percent": 0.12104476154585458
    },
    "singularity_score": 54,
    "narrative_vector": {
        "primary": "Market sentiment is overheated (RSI: 70). A correction is probable.",
        "market": "Momentum is neutral (RSI: 70.1). The derivatives market is balanced.",
        "network": "The -7.55% difficulty adjustment indicates the security baseline is holding steady."
    }
}