{
    "timestamp_utc": "2025-09-27T17:28:32.745761+00:00",
    "market_vector": {
        "price_usd": 109300.1
    },
    "mining_vector": {
        "difficulty_change_percent": 5.1745096619554065,
        "next_retarget_blocks": 637
    },
    "monetary_vector": {
        "circulating_supply": 19927009.375,
        "current_block_reward": 3.125,
        "blocks_until_next_halving": 133357
    },
    "speculative_vector": {
        "open_interest": 0,
        "funding_rate": 0,
        "error": true
    },
    "trend_vector": {
        "rsi_14d": 37.4789982929402,
        "historical_prices": [
            112050.1,
            111541.0,
            113952.8,
            115500.0,
            116111.7,
            115949.1,
            115390.6,
            115374.9,
            116764.2,
            116469.0,
            117135.7,
            115677.2,
            115739.1,
            115298.9,
            112747.8,
            112001.5,
            113300.0,
            109049.8,
            109706.3,
            109300.1
        ],
        "price_change_percent": -0.09560832395682385
    },
    "singularity_score": 47,
    "narrative_vector": {
        "primary": "The objective remains unchanged. Awaiting a new catalyst.",
        "market": "Momentum is neutral (RSI: 37.5). The derivatives market is balanced.",
        "network": "The 5.17% difficulty adjustment indicates the security baseline is currently hardening."
    }
}