{
    "timestamp_utc": "2025-09-25T09:42:09.858237+00:00",
    "market_vector": {
        "price_usd": 111920.1
    },
    "mining_vector": {
        "difficulty_change_percent": 6.909016505251664,
        "next_retarget_blocks": 972
    },
    "monetary_vector": {
        "circulating_supply": 19925962.5,
        "current_block_reward": 3.125,
        "blocks_until_next_halving": 133692
    },
    "speculative_vector": {
        "open_interest": 0,
        "funding_rate": 0,
        "error": true
    },
    "trend_vector": {
        "rsi_14d": 42.86889751596729,
        "historical_prices": [
            110254.9,
            111152.8,
            112050.1,
            111541.0,
            113952.8,
            115500.0,
            116111.7,
            115949.1,
            115390.6,
            115374.9,
            116764.2,
            116469.0,
            117135.7,
            115677.2,
            115739.1,
            115298.9,
            112747.8,
            112001.5,
            113300.0,
            111920.1
        ],
        "price_change_percent": -0.18523506213445468
    },
    "singularity_score": 50,
    "narrative_vector": {
        "primary": "The objective remains unchanged. Awaiting a new catalyst.",
        "market": "Momentum is neutral (RSI: 42.9). The derivatives market is balanced.",
        "network": "The 6.91% difficulty adjustment indicates the security baseline is currently hardening."
    }
}