{
    "timestamp_utc": "2025-10-30T16:19:03.980270+00:00",
    "market_vector": {
        "price_usd": 107974.9
    },
    "mining_vector": {
        "difficulty_change_percent": -2.461927461475222,
        "next_retarget_blocks": 1846
    },
    "monetary_vector": {
        "circulating_supply": 19942131.25,
        "current_block_reward": 3.125,
        "blocks_until_next_halving": 128518
    },
    "speculative_vector": {
        "open_interest": 0,
        "funding_rate": 0,
        "error": true
    },
    "trend_vector": {
        "rsi_14d": 41.02696151012699,
        "historical_prices": [
            110775.1,
            115125.3,
            115165.5,
            113106.2,
            110781.9,
            108182.3,
            106451.0,
            107199.0,
            108669.8,
            110574.4,
            108406.1,
            107644.1,
            110080.0,
            111000.0,
            111645.2,
            114509.9,
            114153.0,
            112918.0,
            110104.2,
            107974.9
        ],
        "price_change_percent": 0.32240710819406493
    },
    "singularity_score": 46,
    "narrative_vector": {
        "primary": "The objective remains unchanged. Awaiting a new catalyst.",
        "market": "Momentum is neutral (RSI: 41.0). The derivatives market is balanced.",
        "network": "The -2.46% difficulty adjustment indicates the security baseline is holding steady."
    }
}