{
    "timestamp_utc": "2025-08-28T21:42:10.747103+00:00",
    "market_vector": {
        "price_usd": 111950.1
    },
    "mining_vector": {
        "difficulty_change_percent": 5.357796687823857,
        "next_retarget_blocks": 1101
    },
    "monetary_vector": {
        "circulating_supply": 19912959.375,
        "current_block_reward": 3.125,
        "blocks_until_next_halving": 137853
    },
    "speculative_vector": {
        "open_interest": 0,
        "funding_rate": 0,
        "error": true
    },
    "trend_vector": {
        "rsi_14d": 43.323772815157135,
        "historical_prices": [
            116467.4,
            119288.4,
            118724.5,
            120172.0,
            123354.3,
            118383.1,
            117426.7,
            117487.5,
            117441.3,
            116260.0,
            112830.3,
            114262.7,
            112462.5,
            116817.9,
            115344.1,
            113456.1,
            110144.9,
            111829.3,
            111268.6,
            111952.3
        ],
        "price_change_percent": -0.02911106765286326
    },
    "singularity_score": 49,
    "narrative_vector": {
        "primary": "The objective remains unchanged. Awaiting a new catalyst.",
        "market": "Momentum is neutral (RSI: 43.3). The derivatives market is balanced.",
        "network": "The 5.36% difficulty adjustment indicates the security baseline is currently hardening."
    }
}