{
    "timestamp_utc": "2025-10-21T06:59:47.796506+00:00",
    "market_vector": {
        "price_usd": 107965.6
    },
    "mining_vector": {
        "difficulty_change_percent": 6.424041907912859,
        "next_retarget_blocks": 1245
    },
    "monetary_vector": {
        "circulating_supply": 19937709.375,
        "current_block_reward": 3.125,
        "blocks_until_next_halving": 129933
    },
    "speculative_vector": {
        "open_interest": 0,
        "funding_rate": 0,
        "error": true
    },
    "trend_vector": {
        "rsi_14d": 40.04737521407401,
        "historical_prices": [
            120649.9,
            122259.5,
            122426.4,
            123542.1,
            124766.5,
            121419.8,
            123329.7,
            121699.0,
            113000.1,
            110775.1,
            115125.3,
            115165.5,
            113106.2,
            110781.9,
            108182.3,
            106451.0,
            107199.0,
            108669.8,
            110574.4,
            107965.6
        ],
        "price_change_percent": 0.008799873281824742
    },
    "singularity_score": 49,
    "narrative_vector": {
        "primary": "The objective remains unchanged. Awaiting a new catalyst.",
        "market": "Momentum is neutral (RSI: 40.0). The derivatives market is balanced.",
        "network": "The 6.42% difficulty adjustment indicates the security baseline is currently hardening."
    }
}