{
    "timestamp_utc": "2025-08-13T16:38:43.568838+00:00",
    "market_vector": {
        "price_usd": 121647.7
    },
    "mining_vector": {
        "difficulty_change_percent": -5.695465943585254,
        "next_retarget_blocks": 1362
    },
    "monetary_vector": {
        "circulating_supply": 19905843.75,
        "current_block_reward": 3.125,
        "blocks_until_next_halving": 140130
    },
    "speculative_vector": {
        "open_interest": 0,
        "funding_rate": 0,
        "error": true
    },
    "trend_vector": {
        "rsi_14d": 65.43036951456034,
        "historical_prices": [
            117628.1,
            117937.5,
            119455.0,
            117979.7,
            117923.0,
            117820.7,
            115762.3,
            113290.2,
            112525.2,
            114224.1,
            115092.1,
            114115.0,
            115010.0,
            117498.1,
            116676.0,
            116467.4,
            119288.4,
            118724.5,
            120172.0,
            121679.3
        ],
        "price_change_percent": 0.18335767673390913
    },
    "singularity_score": 53,
    "narrative_vector": {
        "primary": "The objective remains unchanged. Awaiting a new catalyst.",
        "market": "Momentum is neutral (RSI: 65.4). The derivatives market is balanced.",
        "network": "The -5.70% difficulty adjustment indicates the security baseline is holding steady."
    }
}