{
    "timestamp_utc": "2025-08-12T18:51:21.754218+00:00",
    "market_vector": {
        "price_usd": 119406.0
    },
    "mining_vector": {
        "difficulty_change_percent": -9.191681816166364,
        "next_retarget_blocks": 1505
    },
    "monetary_vector": {
        "circulating_supply": 19905396.875,
        "current_block_reward": 3.125,
        "blocks_until_next_halving": 140273
    },
    "speculative_vector": {
        "open_interest": 0,
        "funding_rate": 0,
        "error": true
    },
    "trend_vector": {
        "rsi_14d": 60.50824717429603,
        "historical_prices": [
            118386.9,
            117628.1,
            117937.5,
            119455.0,
            117979.7,
            117923.0,
            117820.7,
            115762.3,
            113290.2,
            112525.2,
            114224.1,
            115092.1,
            114115.0,
            115010.0,
            117498.1,
            116676.0,
            116467.4,
            119288.4,
            118724.5,
            119478.1
        ],
        "price_change_percent": -0.34373118069699715
    },
    "singularity_score": 48,
    "narrative_vector": {
        "primary": "ECHO DETECTED: Current structure mirrors the 'Pre-Halving Lull.' A period of consolidation may precede a supply shock.",
        "market": "High-conviction pattern match. Standard market analysis suspended.",
        "network": "On-chain fundamentals are secondary to the recognized historical echo."
    }
}