{
    "timestamp_utc": "2025-10-14T19:09:02.687422+00:00",
    "market_vector": {
        "price_usd": 113115.4
    },
    "mining_vector": {
        "difficulty_change_percent": -3.758609239601962,
        "next_retarget_blocks": 220
    },
    "monetary_vector": {
        "circulating_supply": 19934612.5,
        "current_block_reward": 3.125,
        "blocks_until_next_halving": 130924
    },
    "speculative_vector": {
        "open_interest": 0,
        "funding_rate": 0,
        "error": true
    },
    "trend_vector": {
        "rsi_14d": 44.059914402544905,
        "historical_prices": [
            109049.8,
            109706.3,
            109720.5,
            112127.8,
            114365.2,
            113995.0,
            118599.9,
            120649.9,
            122259.5,
            122426.4,
            123542.1,
            124766.5,
            121419.8,
            123329.7,
            121699.0,
            113000.1,
            110775.1,
            115125.3,
            115165.5,
            113115.3
        ],
        "price_change_percent": 0.05590342859619333
    },
    "singularity_score": 45,
    "narrative_vector": {
        "primary": "The objective remains unchanged. Awaiting a new catalyst.",
        "market": "Momentum is neutral (RSI: 44.1). The derivatives market is balanced.",
        "network": "The -3.76% difficulty adjustment indicates the security baseline is holding steady."
    }
}