{
    "timestamp_utc": "2025-10-15T23:40:20.988069+00:00",
    "market_vector": {
        "price_usd": 110920.1
    },
    "mining_vector": {
        "difficulty_change_percent": -3.1550647350010563,
        "next_retarget_blocks": 43
    },
    "monetary_vector": {
        "circulating_supply": 19935165.625,
        "current_block_reward": 3.125,
        "blocks_until_next_halving": 130747
    },
    "speculative_vector": {
        "open_interest": 0,
        "funding_rate": 0,
        "error": true
    },
    "trend_vector": {
        "rsi_14d": 40.76397654468222,
        "historical_prices": [
            109706.3,
            109720.5,
            112127.8,
            114365.2,
            113995.0,
            118599.9,
            120649.9,
            122259.5,
            122426.4,
            123542.1,
            124766.5,
            121419.8,
            123329.7,
            121699.0,
            113000.1,
            110775.1,
            115125.3,
            115165.5,
            113106.2,
            110920.1
        ],
        "price_change_percent": 0.00919665422113954
    },
    "singularity_score": 44,
    "narrative_vector": {
        "primary": "The objective remains unchanged. Awaiting a new catalyst.",
        "market": "Momentum is neutral (RSI: 40.8). The derivatives market is balanced.",
        "network": "The -3.16% difficulty adjustment indicates the security baseline is holding steady."
    }
}