{
    "timestamp_utc": "2025-08-22T06:38:58.859941+00:00",
    "market_vector": {
        "price_usd": 112904.6
    },
    "mining_vector": {
        "difficulty_change_percent": -0.3410883229694628,
        "next_retarget_blocks": 93
    },
    "monetary_vector": {
        "circulating_supply": 19909809.375,
        "current_block_reward": 3.125,
        "blocks_until_next_halving": 138861
    },
    "speculative_vector": {
        "open_interest": 0,
        "funding_rate": 0,
        "error": true
    },
    "trend_vector": {
        "rsi_14d": 41.75647198589661,
        "historical_prices": [
            114224.1,
            115092.1,
            114115.0,
            115010.0,
            117498.1,
            116676.0,
            116467.4,
            119288.4,
            118724.5,
            120172.0,
            123354.3,
            118383.1,
            117426.7,
            117487.5,
            117441.3,
            116260.0,
            112830.3,
            114262.7,
            112462.5,
            112925.0
        ],
        "price_change_percent": -0.2506872257280378
    },
    "singularity_score": 45,
    "narrative_vector": {
        "primary": "The objective remains unchanged. Awaiting a new catalyst.",
        "market": "Momentum is neutral (RSI: 41.8). The derivatives market is balanced.",
        "network": "The -0.34% difficulty adjustment indicates the security baseline is holding steady."
    }
}