{
    "timestamp_utc": "2025-10-13T14:37:52.520789+00:00",
    "market_vector": {
        "price_usd": 114657.9
    },
    "mining_vector": {
        "difficulty_change_percent": -5.781635083664494,
        "next_retarget_blocks": 419
    },
    "monetary_vector": {
        "circulating_supply": 19933990.625,
        "current_block_reward": 3.125,
        "blocks_until_next_halving": 131123
    },
    "speculative_vector": {
        "open_interest": 0,
        "funding_rate": 0,
        "error": true
    },
    "trend_vector": {
        "rsi_14d": 46.52726759509283,
        "historical_prices": [
            113300.0,
            109049.8,
            109706.3,
            109720.5,
            112127.8,
            114365.2,
            113995.0,
            118599.9,
            120649.9,
            122259.5,
            122426.4,
            123542.1,
            124766.5,
            121419.8,
            123329.7,
            121699.0,
            113000.1,
            110775.1,
            115125.3,
            114632.9
        ],
        "price_change_percent": -0.37128422450529036
    },
    "singularity_score": 44,
    "narrative_vector": {
        "primary": "ECHO DETECTED: Current structure mirrors the 'Pre-Halving Lull.' A period of consolidation may precede a supply shock.",
        "market": "High-conviction pattern match. Standard market analysis suspended.",
        "network": "On-chain fundamentals are secondary to the recognized historical echo."
    }
}