{
    "timestamp_utc": "2025-10-14T01:58:25.755628+00:00",
    "market_vector": {
        "price_usd": 114259.9
    },
    "mining_vector": {
        "difficulty_change_percent": -5.221866993175073,
        "next_retarget_blocks": 345
    },
    "monetary_vector": {
        "circulating_supply": 19934221.875,
        "current_block_reward": 3.125,
        "blocks_until_next_halving": 131049
    },
    "speculative_vector": {
        "open_interest": 0,
        "funding_rate": 0,
        "error": true
    },
    "trend_vector": {
        "rsi_14d": 45.85554892529445,
        "historical_prices": [
            109049.8,
            109706.3,
            109720.5,
            112127.8,
            114365.2,
            113995.0,
            118599.9,
            120649.9,
            122259.5,
            122426.4,
            123542.1,
            124766.5,
            121419.8,
            123329.7,
            121699.0,
            113000.1,
            110775.1,
            115125.3,
            115165.5,
            114259.9
        ],
        "price_change_percent": -0.8159729305320577
    },
    "singularity_score": 43,
    "narrative_vector": {
        "primary": "ECHO DETECTED: Current structure mirrors the 'Pre-Halving Lull.' A period of consolidation may precede a supply shock.",
        "market": "High-conviction pattern match. Standard market analysis suspended.",
        "network": "On-chain fundamentals are secondary to the recognized historical echo."
    }
}