{
    "timestamp_utc": "2025-11-01T04:52:46.151125+00:00",
    "market_vector": {
        "price_usd": 110205.9
    },
    "mining_vector": {
        "difficulty_change_percent": -0.11588795671679808,
        "next_retarget_blocks": 1614
    },
    "monetary_vector": {
        "circulating_supply": 19942856.25,
        "current_block_reward": 3.125,
        "blocks_until_next_halving": 128286
    },
    "speculative_vector": {
        "open_interest": 0,
        "funding_rate": 0,
        "error": true
    },
    "trend_vector": {
        "rsi_14d": 46.08929873455418,
        "historical_prices": [
            115165.5,
            113106.2,
            110781.9,
            108182.3,
            106451.0,
            107199.0,
            108669.8,
            110574.4,
            108406.1,
            107644.1,
            110080.0,
            111000.0,
            111645.2,
            114509.9,
            114153.0,
            112918.0,
            110104.2,
            108302.7,
            109552.7,
            110205.9
        ],
        "price_change_percent": 0.0024500196001541606
    },
    "singularity_score": 48,
    "narrative_vector": {
        "primary": "ECHO DETECTED: Current structure mirrors the 'Pre-Halving Lull.' A period of consolidation may precede a supply shock.",
        "market": "High-conviction pattern match. Standard market analysis suspended.",
        "network": "On-chain fundamentals are secondary to the recognized historical echo."
    }
}