{
    "timestamp_utc": "2025-07-16T09:30:18.163207+00:00",
    "market_vector": {
        "price_usd": 119162.6
    },
    "mining_vector": {
        "difficulty_change_percent": 2.353242701750813,
        "next_retarget_blocks": 1398
    },
    "monetary_vector": {
        "circulating_supply": 19893131.25,
        "current_block_reward": 3.125,
        "blocks_until_next_halving": 144198
    },
    "speculative_vector": {
        "open_interest": 0,
        "funding_rate": 0,
        "error": true
    },
    "trend_vector": {
        "rsi_14d": 70.22680342865516,
        "historical_prices": [
            107115.4,
            107325.1,
            108387.2,
            107120.3,
            105700.1,
            108846.9,
            109631.0,
            108018.9,
            108249.5,
            109223.2,
            108282.1,
            108931.9,
            111323.7,
            115990.2,
            117532.6,
            117461.0,
            119102.1,
            119855.0,
            117741.0,
            119162.6
        ],
        "price_change_percent": 0.09458210835783773
    },
    "singularity_score": 59,
    "narrative_vector": {
        "primary": "Market sentiment is overheated (RSI: 70). A correction is probable.",
        "market": "Momentum is neutral (RSI: 70.2). The derivatives market is balanced.",
        "network": "The 2.35% difficulty adjustment indicates the security baseline is currently hardening."
    }
}