{
    "timestamp_utc": "2025-09-01T20:43:02.601848+00:00",
    "market_vector": {
        "price_usd": 108684.1
    },
    "mining_vector": {
        "difficulty_change_percent": 5.66132107912094,
        "next_retarget_blocks": 496
    },
    "monetary_vector": {
        "circulating_supply": 19914850.0,
        "current_block_reward": 3.125,
        "blocks_until_next_halving": 137248
    },
    "speculative_vector": {
        "open_interest": 0,
        "funding_rate": 0,
        "error": true
    },
    "trend_vector": {
        "rsi_14d": 38.94546457869921,
        "historical_prices": [
            123354.3,
            118383.1,
            117426.7,
            117487.5,
            117441.3,
            116260.0,
            112830.3,
            114262.7,
            112462.5,
            116817.9,
            115344.1,
            113456.1,
            110144.9,
            111829.3,
            111268.6,
            112563.7,
            108400.1,
            108750.0,
            108250.0,
            108684.2
        ],
        "price_change_percent": -0.36230488983254133
    },
    "singularity_score": 47,
    "narrative_vector": {
        "primary": "The objective remains unchanged. Awaiting a new catalyst.",
        "market": "Momentum is neutral (RSI: 38.9). The derivatives market is balanced.",
        "network": "The 5.66% difficulty adjustment indicates the security baseline is currently hardening."
    }
}