{
    "timestamp_utc": "2025-08-13T07:28:26.078719+00:00",
    "market_vector": {
        "price_usd": 119426.2
    },
    "mining_vector": {
        "difficulty_change_percent": -6.024981822635822,
        "next_retarget_blocks": 1416
    },
    "monetary_vector": {
        "circulating_supply": 19905675.0,
        "current_block_reward": 3.125,
        "blocks_until_next_halving": 140184
    },
    "speculative_vector": {
        "open_interest": 0,
        "funding_rate": 0,
        "error": true
    },
    "trend_vector": {
        "rsi_14d": 59.31522058885275,
        "historical_prices": [
            117628.1,
            117937.5,
            119455.0,
            117979.7,
            117923.0,
            117820.7,
            115762.3,
            113290.2,
            112525.2,
            114224.1,
            115092.1,
            114115.0,
            115010.0,
            117498.1,
            116676.0,
            116467.4,
            119288.4,
            118724.5,
            120172.0,
            119426.1
        ],
        "price_change_percent": 0.03668885588567393
    },
    "singularity_score": 50,
    "narrative_vector": {
        "primary": "ECHO DETECTED: Current structure mirrors the 'Pre-Halving Lull.' A period of consolidation may precede a supply shock.",
        "market": "High-conviction pattern match. Standard market analysis suspended.",
        "network": "On-chain fundamentals are secondary to the recognized historical echo."
    }
}