{
    "timestamp_utc": "2025-08-19T04:32:51.342996+00:00",
    "market_vector": {
        "price_usd": 115032.3
    },
    "mining_vector": {
        "difficulty_change_percent": -0.2000933170626662,
        "next_retarget_blocks": 534
    },
    "monetary_vector": {
        "circulating_supply": 19908431.25,
        "current_block_reward": 3.125,
        "blocks_until_next_halving": 139302
    },
    "speculative_vector": {
        "open_interest": 0,
        "funding_rate": 0,
        "error": true
    },
    "trend_vector": {
        "rsi_14d": 44.6849572615066,
        "historical_prices": [
            115762.3,
            113290.2,
            112525.2,
            114224.1,
            115092.1,
            114115.0,
            115010.0,
            117498.1,
            116676.0,
            116467.4,
            119288.4,
            118724.5,
            120172.0,
            123354.3,
            118383.1,
            117426.7,
            117487.5,
            117441.3,
            116260.0,
            115012.5
        ],
        "price_change_percent": 0.13529855794721804
    },
    "singularity_score": 48,
    "narrative_vector": {
        "primary": "The objective remains unchanged. Awaiting a new catalyst.",
        "market": "Momentum is neutral (RSI: 44.7). The derivatives market is balanced.",
        "network": "The -0.20% difficulty adjustment indicates the security baseline is holding steady."
    }
}