{
    "timestamp_utc": "2025-09-25T13:46:43.776426+00:00",
    "market_vector": {
        "price_usd": 110658.2
    },
    "mining_vector": {
        "difficulty_change_percent": 5.896326066199342,
        "next_retarget_blocks": 956
    },
    "monetary_vector": {
        "circulating_supply": 19926012.5,
        "current_block_reward": 3.125,
        "blocks_until_next_halving": 133676
    },
    "speculative_vector": {
        "open_interest": 0,
        "funding_rate": 0,
        "error": true
    },
    "trend_vector": {
        "rsi_14d": 39.79561028127875,
        "historical_prices": [
            110254.9,
            111152.8,
            112050.1,
            111541.0,
            113952.8,
            115500.0,
            116111.7,
            115949.1,
            115390.6,
            115374.9,
            116764.2,
            116469.0,
            117135.7,
            115677.2,
            115739.1,
            115298.9,
            112747.8,
            112001.5,
            113300.0,
            110759.1
        ],
        "price_change_percent": -0.7831885439303904
    },
    "singularity_score": 46,
    "narrative_vector": {
        "primary": "Financial energy is contracting. The market has chosen its short-term direction.",
        "market": "Momentum is neutral (RSI: 39.8). The derivatives market is balanced.",
        "network": "The 5.90% difficulty adjustment indicates the security baseline is currently hardening."
    }
}