{
    "timestamp_utc": "2025-09-05T15:46:18.706406+00:00",
    "market_vector": {
        "price_usd": 110954.3
    },
    "mining_vector": {
        "difficulty_change_percent": -3.4949599780322638,
        "next_retarget_blocks": 1954
    },
    "monetary_vector": {
        "circulating_supply": 19916593.75,
        "current_block_reward": 3.125,
        "blocks_until_next_halving": 136690
    },
    "speculative_vector": {
        "open_interest": 0,
        "funding_rate": 0,
        "error": true
    },
    "trend_vector": {
        "rsi_14d": 45.24382640184221,
        "historical_prices": [
            117441.3,
            116260.0,
            112830.3,
            114262.7,
            112462.5,
            116817.9,
            115344.1,
            113456.1,
            110144.9,
            111829.3,
            111268.6,
            112563.7,
            108400.1,
            108750.0,
            108250.0,
            109263.5,
            111196.9,
            111771.1,
            110744.3,
            110954.3
        ],
        "price_change_percent": 0.1948735083101206
    },
    "singularity_score": 46,
    "narrative_vector": {
        "primary": "ECHO DETECTED: Current structure mirrors the 'Pre-Halving Lull.' A period of consolidation may precede a supply shock.",
        "market": "High-conviction pattern match. Standard market analysis suspended.",
        "network": "On-chain fundamentals are secondary to the recognized historical echo."
    }
}