{
    "timestamp_utc": "2025-09-03T05:49:24.242860+00:00",
    "market_vector": {
        "price_usd": 110813.9
    },
    "mining_vector": {
        "difficulty_change_percent": 6.278964477024274,
        "next_retarget_blocks": 276
    },
    "monetary_vector": {
        "circulating_supply": 19915537.5,
        "current_block_reward": 3.125,
        "blocks_until_next_halving": 137028
    },
    "speculative_vector": {
        "open_interest": 0,
        "funding_rate": 0,
        "error": true
    },
    "trend_vector": {
        "rsi_14d": 44.68976177286232,
        "historical_prices": [
            117426.7,
            117487.5,
            117441.3,
            116260.0,
            112830.3,
            114262.7,
            112462.5,
            116817.9,
            115344.1,
            113456.1,
            110144.9,
            111829.3,
            111268.6,
            112563.7,
            108400.1,
            108750.0,
            108250.0,
            109263.5,
            111196.9,
            110813.9
        ],
        "price_change_percent": 0.0
    },
    "singularity_score": 51,
    "narrative_vector": {
        "primary": "The objective remains unchanged. Awaiting a new catalyst.",
        "market": "Momentum is neutral (RSI: 44.7). The derivatives market is balanced.",
        "network": "The 6.28% difficulty adjustment indicates the security baseline is currently hardening."
    }
}