{
    "timestamp_utc": "2025-10-15T17:54:22.123203+00:00",
    "market_vector": {
        "price_usd": 111083.1
    },
    "mining_vector": {
        "difficulty_change_percent": -3.0300408907461773,
        "next_retarget_blocks": 74
    },
    "monetary_vector": {
        "circulating_supply": 19935068.75,
        "current_block_reward": 3.125,
        "blocks_until_next_halving": 130778
    },
    "speculative_vector": {
        "open_interest": 0,
        "funding_rate": 0,
        "error": true
    },
    "trend_vector": {
        "rsi_14d": 40.99173462124246,
        "historical_prices": [
            109706.3,
            109720.5,
            112127.8,
            114365.2,
            113995.0,
            118599.9,
            120649.9,
            122259.5,
            122426.4,
            123542.1,
            124766.5,
            121419.8,
            123329.7,
            121699.0,
            113000.1,
            110775.1,
            115125.3,
            115165.5,
            113106.2,
            111083.1
        ],
        "price_change_percent": 0.29506222219413514
    },
    "singularity_score": 45,
    "narrative_vector": {
        "primary": "The objective remains unchanged. Awaiting a new catalyst.",
        "market": "Momentum is neutral (RSI: 41.0). The derivatives market is balanced.",
        "network": "The -3.03% difficulty adjustment indicates the security baseline is holding steady."
    }
}