{
    "timestamp_utc": "2025-10-14T10:29:50.084722+00:00",
    "market_vector": {
        "price_usd": 110501.0
    },
    "mining_vector": {
        "difficulty_change_percent": -4.366316670890125,
        "next_retarget_blocks": 281
    },
    "monetary_vector": {
        "circulating_supply": 19934421.875,
        "current_block_reward": 3.125,
        "blocks_until_next_halving": 130985
    },
    "speculative_vector": {
        "open_interest": 0,
        "funding_rate": 0,
        "error": true
    },
    "trend_vector": {
        "rsi_14d": 40.50851548478346,
        "historical_prices": [
            109049.8,
            109706.3,
            109720.5,
            112127.8,
            114365.2,
            113995.0,
            118599.9,
            120649.9,
            122259.5,
            122426.4,
            123542.1,
            124766.5,
            121419.8,
            123329.7,
            121699.0,
            113000.1,
            110775.1,
            115125.3,
            115165.5,
            110552.7
        ],
        "price_change_percent": -0.7129988701945176
    },
    "singularity_score": 41,
    "narrative_vector": {
        "primary": "Financial energy is contracting. The market has chosen its short-term direction.",
        "market": "Momentum is neutral (RSI: 40.5). The derivatives market is balanced.",
        "network": "The -4.37% difficulty adjustment indicates the security baseline is holding steady."
    }
}