{
    "timestamp_utc": "2025-07-16T11:35:25.228870+00:00",
    "market_vector": {
        "price_usd": 118860.0
    },
    "mining_vector": {
        "difficulty_change_percent": 3.0323812198105093,
        "next_retarget_blocks": 1381
    },
    "monetary_vector": {
        "circulating_supply": 19893184.375,
        "current_block_reward": 3.125,
        "blocks_until_next_halving": 144181
    },
    "speculative_vector": {
        "open_interest": 0,
        "funding_rate": 0,
        "error": true
    },
    "trend_vector": {
        "rsi_14d": 69.76475552749882,
        "historical_prices": [
            107115.4,
            107325.1,
            108387.2,
            107120.3,
            105700.1,
            108846.9,
            109631.0,
            108018.9,
            108249.5,
            109223.2,
            108282.1,
            108931.9,
            111323.7,
            115990.2,
            117532.6,
            117461.0,
            119102.1,
            119855.0,
            117741.0,
            118860.0
        ],
        "price_change_percent": -0.023551577955723033
    },
    "singularity_score": 59,
    "narrative_vector": {
        "primary": "The objective remains unchanged. Awaiting a new catalyst.",
        "market": "Momentum is neutral (RSI: 69.8). The derivatives market is balanced.",
        "network": "The 3.03% difficulty adjustment indicates the security baseline is currently hardening."
    }
}