{
    "timestamp_utc": "2025-09-25T20:58:49.205559+00:00",
    "market_vector": {
        "price_usd": 109127.1
    },
    "mining_vector": {
        "difficulty_change_percent": 6.398077435219474,
        "next_retarget_blocks": 905
    },
    "monetary_vector": {
        "circulating_supply": 19926171.875,
        "current_block_reward": 3.125,
        "blocks_until_next_halving": 133625
    },
    "speculative_vector": {
        "open_interest": 0,
        "funding_rate": 0,
        "error": true
    },
    "trend_vector": {
        "rsi_14d": 36.152184499602896,
        "historical_prices": [
            110254.9,
            111152.8,
            112050.1,
            111541.0,
            113952.8,
            115500.0,
            116111.7,
            115949.1,
            115390.6,
            115374.9,
            116764.2,
            116469.0,
            117135.7,
            115677.2,
            115739.1,
            115298.9,
            112747.8,
            112001.5,
            113300.0,
            109127.0
        ],
        "price_change_percent": -0.1274866999248651
    },
    "singularity_score": 47,
    "narrative_vector": {
        "primary": "The objective remains unchanged. Awaiting a new catalyst.",
        "market": "Momentum is neutral (RSI: 36.2). The derivatives market is balanced.",
        "network": "The 6.40% difficulty adjustment indicates the security baseline is currently hardening."
    }
}