{
    "timestamp_utc": "2025-10-11T20:58:40.088867+00:00",
    "market_vector": {
        "price_usd": 110400.0
    },
    "mining_vector": {
        "difficulty_change_percent": -7.270602499060718,
        "next_retarget_blocks": 676
    },
    "monetary_vector": {
        "circulating_supply": 19933187.5,
        "current_block_reward": 3.125,
        "blocks_until_next_halving": 131380
    },
    "speculative_vector": {
        "open_interest": 0,
        "funding_rate": 0,
        "error": true
    },
    "trend_vector": {
        "rsi_14d": 38.16299376507781,
        "historical_prices": [
            112747.8,
            112001.5,
            113300.0,
            109049.8,
            109706.3,
            109720.5,
            112127.8,
            114365.2,
            113995.0,
            118599.9,
            120649.9,
            122259.5,
            122426.4,
            123542.1,
            124766.5,
            121419.8,
            123329.7,
            121699.0,
            113000.1,
            110239.9
        ],
        "price_change_percent": -0.36135311285189936
    },
    "singularity_score": 40,
    "narrative_vector": {
        "primary": "The objective remains unchanged. Awaiting a new catalyst.",
        "market": "Momentum is neutral (RSI: 38.2). The derivatives market is balanced.",
        "network": "The -7.27% difficulty adjustment indicates the security baseline is holding steady."
    }
}