{
    "timestamp_utc": "2025-08-03T09:45:49.289859+00:00",
    "market_vector": {
        "price_usd": 113645.1
    },
    "mining_vector": {
        "difficulty_change_percent": -2.1557057134029556,
        "next_retarget_blocks": 840
    },
    "monetary_vector": {
        "circulating_supply": 19901175.0,
        "current_block_reward": 3.125,
        "blocks_until_next_halving": 141624
    },
    "speculative_vector": {
        "open_interest": 0,
        "funding_rate": 0,
        "error": true
    },
    "trend_vector": {
        "rsi_14d": 44.157765379488836,
        "historical_prices": [
            117741.0,
            118712.6,
            119321.0,
            118011.9,
            117909.1,
            117319.1,
            117461.0,
            119977.5,
            118735.3,
            118386.9,
            117628.1,
            117937.5,
            119455.0,
            117979.7,
            117923.0,
            117820.7,
            115762.3,
            113290.2,
            112525.2,
            113645.1
        ],
        "price_change_percent": -0.0030796683813087006
    },
    "singularity_score": 46,
    "narrative_vector": {
        "primary": "The objective remains unchanged. Awaiting a new catalyst.",
        "market": "Momentum is neutral (RSI: 44.2). The derivatives market is balanced.",
        "network": "The -2.16% difficulty adjustment indicates the security baseline is holding steady."
    }
}