{
    "timestamp_utc": "2025-08-20T19:12:03.990550+00:00",
    "market_vector": {
        "price_usd": 113900.0
    },
    "mining_vector": {
        "difficulty_change_percent": -0.3431525209631525,
        "next_retarget_blocks": 305
    },
    "monetary_vector": {
        "circulating_supply": 19909146.875,
        "current_block_reward": 3.125,
        "blocks_until_next_halving": 139073
    },
    "speculative_vector": {
        "open_interest": 0,
        "funding_rate": 0,
        "error": true
    },
    "trend_vector": {
        "rsi_14d": 43.152589075793905,
        "historical_prices": [
            113290.2,
            112525.2,
            114224.1,
            115092.1,
            114115.0,
            115010.0,
            117498.1,
            116676.0,
            116467.4,
            119288.4,
            118724.5,
            120172.0,
            123354.3,
            118383.1,
            117426.7,
            117487.5,
            117441.3,
            116260.0,
            112830.3,
            113900.0
        ],
        "price_change_percent": 0.2752065810116314
    },
    "singularity_score": 47,
    "narrative_vector": {
        "primary": "The objective remains unchanged. Awaiting a new catalyst.",
        "market": "Momentum is neutral (RSI: 43.2). The derivatives market is balanced.",
        "network": "The -0.34% difficulty adjustment indicates the security baseline is holding steady."
    }
}