{
    "timestamp_utc": "2025-10-16T21:21:08.334578+00:00",
    "market_vector": {
        "price_usd": 108060.2
    },
    "mining_vector": {
        "difficulty_change_percent": -51.75467762950867,
        "next_retarget_blocks": 1927
    },
    "monetary_vector": {
        "circulating_supply": 19935578.125,
        "current_block_reward": 3.125,
        "blocks_until_next_halving": 130615
    },
    "speculative_vector": {
        "open_interest": 0,
        "funding_rate": 0,
        "error": true
    },
    "trend_vector": {
        "rsi_14d": 36.90309422133072,
        "historical_prices": [
            109720.5,
            112127.8,
            114365.2,
            113995.0,
            118599.9,
            120649.9,
            122259.5,
            122426.4,
            123542.1,
            124766.5,
            121419.8,
            123329.7,
            121699.0,
            113000.1,
            110775.1,
            115125.3,
            115165.5,
            113106.2,
            110781.9,
            108060.2
        ],
        "price_change_percent": 0.3388262997549514
    },
    "singularity_score": 40,
    "narrative_vector": {
        "primary": "The objective remains unchanged. Awaiting a new catalyst.",
        "market": "Momentum is neutral (RSI: 36.9). The derivatives market is balanced.",
        "network": "The -51.75% difficulty adjustment indicates the security baseline is holding steady."
    }
}