{
    "timestamp_utc": "2025-08-14T08:51:23.511452+00:00",
    "market_vector": {
        "price_usd": 121750.0
    },
    "mining_vector": {
        "difficulty_change_percent": -1.3673026083149575,
        "next_retarget_blocks": 1236
    },
    "monetary_vector": {
        "circulating_supply": 19906237.5,
        "current_block_reward": 3.125,
        "blocks_until_next_halving": 140004
    },
    "speculative_vector": {
        "open_interest": 0,
        "funding_rate": 0,
        "error": true
    },
    "trend_vector": {
        "rsi_14d": 62.76252110337253,
        "historical_prices": [
            117937.5,
            119455.0,
            117979.7,
            117923.0,
            117820.7,
            115762.3,
            113290.2,
            112525.2,
            114224.1,
            115092.1,
            114115.0,
            115010.0,
            117498.1,
            116676.0,
            116467.4,
            119288.4,
            118724.5,
            120172.0,
            123354.3,
            121750.1
        ],
        "price_change_percent": -0.1124810480509777
    },
    "singularity_score": 54,
    "narrative_vector": {
        "primary": "ECHO DETECTED: Current structure mirrors the 'Pre-Halving Lull.' A period of consolidation may precede a supply shock.",
        "market": "High-conviction pattern match. Standard market analysis suspended.",
        "network": "On-chain fundamentals are secondary to the recognized historical echo."
    }
}