{
    "timestamp_utc": "2025-10-05T04:47:50.549876+00:00",
    "market_vector": {
        "price_usd": 125106.6
    },
    "mining_vector": {
        "difficulty_change_percent": -8.785967453758092,
        "next_retarget_blocks": 1584
    },
    "monetary_vector": {
        "circulating_supply": 19930350.0,
        "current_block_reward": 3.125,
        "blocks_until_next_halving": 132288
    },
    "speculative_vector": {
        "open_interest": 0,
        "funding_rate": 0,
        "error": true
    },
    "trend_vector": {
        "rsi_14d": 73.01008018062367,
        "historical_prices": [
            116764.2,
            116469.0,
            117135.7,
            115677.2,
            115739.1,
            115298.9,
            112747.8,
            112001.5,
            113300.0,
            109049.8,
            109706.3,
            109720.5,
            112127.8,
            114365.2,
            113995.0,
            118599.9,
            120649.9,
            122259.5,
            122426.4,
            125000.0
        ],
        "price_change_percent": 0.6769518240650131
    },
    "singularity_score": 56,
    "narrative_vector": {
        "primary": "Market sentiment is overheated (RSI: 73). A correction is probable.",
        "market": "Momentum is neutral (RSI: 73.0). The derivatives market is balanced.",
        "network": "The -8.79% difficulty adjustment indicates the security baseline is holding steady."
    }
}