{
    "timestamp_utc": "2025-09-20T09:40:58.299736+00:00",
    "market_vector": {
        "price_usd": 115737.5
    },
    "mining_vector": {
        "difficulty_change_percent": 8.766156475467968,
        "next_retarget_blocks": 1708
    },
    "monetary_vector": {
        "circulating_supply": 19923662.5,
        "current_block_reward": 3.125,
        "blocks_until_next_halving": 134428
    },
    "speculative_vector": {
        "open_interest": 0,
        "funding_rate": 0,
        "error": true
    },
    "trend_vector": {
        "rsi_14d": 55.52376209399584,
        "historical_prices": [
            109263.5,
            111196.9,
            111771.1,
            110744.3,
            110647.8,
            110254.9,
            111152.8,
            112050.1,
            111541.0,
            113952.8,
            115500.0,
            116111.7,
            115949.1,
            115390.6,
            115374.9,
            116764.2,
            116469.0,
            117135.7,
            115677.2,
            115737.4
        ],
        "price_change_percent": -0.06519135605791757
    },
    "singularity_score": 56,
    "narrative_vector": {
        "primary": "ECHO DETECTED: Current structure mirrors the 'Pre-Halving Lull.' A period of consolidation may precede a supply shock.",
        "market": "High-conviction pattern match. Standard market analysis suspended.",
        "network": "On-chain fundamentals are secondary to the recognized historical echo."
    }
}