{
    "timestamp_utc": "2025-10-04T02:58:44.172676+00:00",
    "market_vector": {
        "price_usd": 121957.8
    },
    "mining_vector": {
        "difficulty_change_percent": -4.487950087581516,
        "next_retarget_blocks": 1728
    },
    "monetary_vector": {
        "circulating_supply": 19929900.0,
        "current_block_reward": 3.125,
        "blocks_until_next_halving": 132432
    },
    "speculative_vector": {
        "open_interest": 0,
        "funding_rate": 0,
        "error": true
    },
    "trend_vector": {
        "rsi_14d": 67.98712904997568,
        "historical_prices": [
            115374.9,
            116764.2,
            116469.0,
            117135.7,
            115677.2,
            115739.1,
            115298.9,
            112747.8,
            112001.5,
            113300.0,
            109049.8,
            109706.3,
            109720.5,
            112127.8,
            114365.2,
            113995.0,
            118599.9,
            120649.9,
            122259.5,
            121957.8
        ],
        "price_change_percent": -0.12742254330809827
    },
    "singularity_score": 54,
    "narrative_vector": {
        "primary": "The objective remains unchanged. Awaiting a new catalyst.",
        "market": "Momentum is neutral (RSI: 68.0). The derivatives market is balanced.",
        "network": "The -4.49% difficulty adjustment indicates the security baseline is holding steady."
    }
}