{
    "timestamp_utc": "2025-07-17T08:38:26.675338+00:00",
    "market_vector": {
        "price_usd": 118249.9
    },
    "mining_vector": {
        "difficulty_change_percent": 0.1902943173947902,
        "next_retarget_blocks": 1272
    },
    "monetary_vector": {
        "circulating_supply": 19893525.0,
        "current_block_reward": 3.125,
        "blocks_until_next_halving": 144072
    },
    "speculative_vector": {
        "open_interest": 0,
        "funding_rate": 0,
        "error": true
    },
    "trend_vector": {
        "rsi_14d": 67.73672347500751,
        "historical_prices": [
            107325.1,
            108387.2,
            107120.3,
            105700.1,
            108846.9,
            109631.0,
            108018.9,
            108249.5,
            109223.2,
            108282.1,
            108931.9,
            111323.7,
            115990.2,
            117532.6,
            117461.0,
            119102.1,
            119855.0,
            117741.0,
            118712.6,
            118235.7
        ],
        "price_change_percent": -0.09877265053746916
    },
    "singularity_score": 56,
    "narrative_vector": {
        "primary": "The objective remains unchanged. Awaiting a new catalyst.",
        "market": "Momentum is neutral (RSI: 67.7). The derivatives market is balanced.",
        "network": "The 0.19% difficulty adjustment indicates the security baseline is holding steady."
    }
}