{
    "timestamp_utc": "2025-10-05T17:12:54.826128+00:00",
    "market_vector": {
        "price_usd": 123249.0
    },
    "mining_vector": {
        "difficulty_change_percent": -9.572614441575155,
        "next_retarget_blocks": 1511
    },
    "monetary_vector": {
        "circulating_supply": 19930578.125,
        "current_block_reward": 3.125,
        "blocks_until_next_halving": 132215
    },
    "speculative_vector": {
        "open_interest": 0,
        "funding_rate": 0,
        "error": true
    },
    "trend_vector": {
        "rsi_14d": 70.59154091973461,
        "historical_prices": [
            116764.2,
            116469.0,
            117135.7,
            115677.2,
            115739.1,
            115298.9,
            112747.8,
            112001.5,
            113300.0,
            109049.8,
            109706.3,
            109720.5,
            112127.8,
            114365.2,
            113995.0,
            118599.9,
            120649.9,
            122259.5,
            122426.4,
            123258.0
        ],
        "price_change_percent": 0.27815721455528947
    },
    "singularity_score": 54,
    "narrative_vector": {
        "primary": "Market sentiment is overheated (RSI: 71). A correction is probable.",
        "market": "Momentum is neutral (RSI: 70.6). The derivatives market is balanced.",
        "network": "The -9.57% difficulty adjustment indicates the security baseline is holding steady."
    }
}