{
    "timestamp_utc": "2025-07-16T08:00:17.920744+00:00",
    "market_vector": {
        "price_usd": 118162.6
    },
    "mining_vector": {
        "difficulty_change_percent": 2.3887920640293547,
        "next_retarget_blocks": 1407
    },
    "monetary_vector": {
        "circulating_supply": 19893103.125,
        "current_block_reward": 3.125,
        "blocks_until_next_halving": 144207
    },
    "speculative_vector": {
        "open_interest": 0,
        "funding_rate": 0,
        "error": true
    },
    "trend_vector": {
        "rsi_14d": 68.64323880134451,
        "historical_prices": [
            107115.4,
            107325.1,
            108387.2,
            107120.3,
            105700.1,
            108846.9,
            109631.0,
            108018.9,
            108249.5,
            109223.2,
            108282.1,
            108931.9,
            111323.7,
            115990.2,
            117532.6,
            117461.0,
            119102.1,
            119855.0,
            117741.0,
            118162.6
        ],
        "price_change_percent": -0.016838364394046648
    },
    "singularity_score": 58,
    "narrative_vector": {
        "primary": "The objective remains unchanged. Awaiting a new catalyst.",
        "market": "Momentum is neutral (RSI: 68.6). The derivatives market is balanced.",
        "network": "The 2.39% difficulty adjustment indicates the security baseline is currently hardening."
    }
}