{
    "timestamp_utc": "2025-10-03T15:50:10.760249+00:00",
    "market_vector": {
        "price_usd": 121894.3
    },
    "mining_vector": {
        "difficulty_change_percent": -2.2221933615594325,
        "next_retarget_blocks": 1777
    },
    "monetary_vector": {
        "circulating_supply": 19929746.875,
        "current_block_reward": 3.125,
        "blocks_until_next_halving": 132481
    },
    "speculative_vector": {
        "open_interest": 0,
        "funding_rate": 0,
        "error": true
    },
    "trend_vector": {
        "rsi_14d": 68.44963995146028,
        "historical_prices": [
            115390.6,
            115374.9,
            116764.2,
            116469.0,
            117135.7,
            115677.2,
            115739.1,
            115298.9,
            112747.8,
            112001.5,
            113300.0,
            109049.8,
            109706.3,
            109720.5,
            112127.8,
            114365.2,
            113995.0,
            118599.9,
            120649.9,
            121873.1
        ],
        "price_change_percent": 0.018957734919988364
    },
    "singularity_score": 56,
    "narrative_vector": {
        "primary": "The objective remains unchanged. Awaiting a new catalyst.",
        "market": "Momentum is neutral (RSI: 68.4). The derivatives market is balanced.",
        "network": "The -2.22% difficulty adjustment indicates the security baseline is holding steady."
    }
}