{
    "timestamp_utc": "2025-10-12T10:53:12.754002+00:00",
    "market_vector": {
        "price_usd": 111758.4
    },
    "mining_vector": {
        "difficulty_change_percent": -5.6614052942061015,
        "next_retarget_blocks": 574
    },
    "monetary_vector": {
        "circulating_supply": 19933506.25,
        "current_block_reward": 3.125,
        "blocks_until_next_halving": 131278
    },
    "speculative_vector": {
        "open_interest": 0,
        "funding_rate": 0,
        "error": true
    },
    "trend_vector": {
        "rsi_14d": 41.00059541264561,
        "historical_prices": [
            112001.5,
            113300.0,
            109049.8,
            109706.3,
            109720.5,
            112127.8,
            114365.2,
            113995.0,
            118599.9,
            120649.9,
            122259.5,
            122426.4,
            123542.1,
            124766.5,
            121419.8,
            123329.7,
            121699.0,
            113000.1,
            110775.1,
            111758.4
        ],
        "price_change_percent": 0.13296299614729343
    },
    "singularity_score": 43,
    "narrative_vector": {
        "primary": "The objective remains unchanged. Awaiting a new catalyst.",
        "market": "Momentum is neutral (RSI: 41.0). The derivatives market is balanced.",
        "network": "The -5.66% difficulty adjustment indicates the security baseline is holding steady."
    }
}