{
    "timestamp_utc": "2025-10-17T13:39:45.173347+00:00",
    "market_vector": {
        "price_usd": 105774.6
    },
    "mining_vector": {
        "difficulty_change_percent": 13.10197124120327,
        "next_retarget_blocks": 1798
    },
    "monetary_vector": {
        "circulating_supply": 19935981.25,
        "current_block_reward": 3.125,
        "blocks_until_next_halving": 130486
    },
    "speculative_vector": {
        "open_interest": 0,
        "funding_rate": 0,
        "error": true
    },
    "trend_vector": {
        "rsi_14d": 34.096003953197226,
        "historical_prices": [
            112127.8,
            114365.2,
            113995.0,
            118599.9,
            120649.9,
            122259.5,
            122426.4,
            123542.1,
            124766.5,
            121419.8,
            123329.7,
            121699.0,
            113000.1,
            110775.1,
            115125.3,
            115165.5,
            113106.2,
            110781.9,
            108182.3,
            105768.5
        ],
        "price_change_percent": 0.7415951439138487
    },
    "singularity_score": 50,
    "narrative_vector": {
        "primary": "ECHO DETECTED: Current structure shows a pattern match to the '2022 Bear Market Bottom.' Maximum opportunity may be present.",
        "market": "High-conviction pattern match. Standard market analysis suspended.",
        "network": "On-chain fundamentals are secondary to the recognized historical echo."
    }
}