{
    "timestamp_utc": "2025-09-03T13:51:02.901533+00:00",
    "market_vector": {
        "price_usd": 111784.9
    },
    "mining_vector": {
        "difficulty_change_percent": 5.911933772425737,
        "next_retarget_blocks": 231
    },
    "monetary_vector": {
        "circulating_supply": 19915678.125,
        "current_block_reward": 3.125,
        "blocks_until_next_halving": 136983
    },
    "speculative_vector": {
        "open_interest": 0,
        "funding_rate": 0,
        "error": true
    },
    "trend_vector": {
        "rsi_14d": 46.946396010612844,
        "historical_prices": [
            117426.7,
            117487.5,
            117441.3,
            116260.0,
            112830.3,
            114262.7,
            112462.5,
            116817.9,
            115344.1,
            113456.1,
            110144.9,
            111829.3,
            111268.6,
            112563.7,
            108400.1,
            108750.0,
            108250.0,
            109263.5,
            111196.9,
            111785.0
        ],
        "price_change_percent": 0.3750652121403653
    },
    "singularity_score": 52,
    "narrative_vector": {
        "primary": "ECHO DETECTED: Current structure mirrors the 'Pre-Halving Lull.' A period of consolidation may precede a supply shock.",
        "market": "High-conviction pattern match. Standard market analysis suspended.",
        "network": "On-chain fundamentals are secondary to the recognized historical echo."
    }
}