{
    "timestamp_utc": "2025-10-23T17:43:43.253004+00:00",
    "market_vector": {
        "price_usd": 110940.1
    },
    "mining_vector": {
        "difficulty_change_percent": 4.936954323198406,
        "next_retarget_blocks": 886
    },
    "monetary_vector": {
        "circulating_supply": 19938831.25,
        "current_block_reward": 3.125,
        "blocks_until_next_halving": 129574
    },
    "speculative_vector": {
        "open_interest": 0,
        "funding_rate": 0,
        "error": true
    },
    "trend_vector": {
        "rsi_14d": 46.64939232149671,
        "historical_prices": [
            122426.4,
            123542.1,
            124766.5,
            121419.8,
            123329.7,
            121699.0,
            113000.1,
            110775.1,
            115125.3,
            115165.5,
            113106.2,
            110781.9,
            108182.3,
            106451.0,
            107199.0,
            108669.8,
            110574.4,
            108406.1,
            107644.1,
            110941.9
        ],
        "price_change_percent": 0.6979023898777325
    },
    "singularity_score": 53,
    "narrative_vector": {
        "primary": "ECHO DETECTED: Current structure mirrors the 'Pre-Halving Lull.' A period of consolidation may precede a supply shock.",
        "market": "High-conviction pattern match. Standard market analysis suspended.",
        "network": "On-chain fundamentals are secondary to the recognized historical echo."
    }
}