{
    "timestamp_utc": "2025-08-19T16:19:10.657227+00:00",
    "market_vector": {
        "price_usd": 113787.7
    },
    "mining_vector": {
        "difficulty_change_percent": -0.48856325143501467,
        "next_retarget_blocks": 468
    },
    "monetary_vector": {
        "circulating_supply": 19908637.5,
        "current_block_reward": 3.125,
        "blocks_until_next_halving": 139236
    },
    "speculative_vector": {
        "open_interest": 0,
        "funding_rate": 0,
        "error": true
    },
    "trend_vector": {
        "rsi_14d": 41.940365362893786,
        "historical_prices": [
            115762.3,
            113290.2,
            112525.2,
            114224.1,
            115092.1,
            114115.0,
            115010.0,
            117498.1,
            116676.0,
            116467.4,
            119288.4,
            118724.5,
            120172.0,
            123354.3,
            118383.1,
            117426.7,
            117487.5,
            117441.3,
            116260.0,
            113787.7
        ],
        "price_change_percent": -0.02530388827630696
    },
    "singularity_score": 46,
    "narrative_vector": {
        "primary": "The objective remains unchanged. Awaiting a new catalyst.",
        "market": "Momentum is neutral (RSI: 41.9). The derivatives market is balanced.",
        "network": "The -0.49% difficulty adjustment indicates the security baseline is holding steady."
    }
}