{
    "timestamp_utc": "2025-10-11T08:48:05.708557+00:00",
    "market_vector": {
        "price_usd": 111568.6
    },
    "mining_vector": {
        "difficulty_change_percent": -7.580487757509847,
        "next_retarget_blocks": 748
    },
    "monetary_vector": {
        "circulating_supply": 19932962.5,
        "current_block_reward": 3.125,
        "blocks_until_next_halving": 131452
    },
    "speculative_vector": {
        "open_interest": 0,
        "funding_rate": 0,
        "error": true
    },
    "trend_vector": {
        "rsi_14d": 39.947083816527446,
        "historical_prices": [
            112747.8,
            112001.5,
            113300.0,
            109049.8,
            109706.3,
            109720.5,
            112127.8,
            114365.2,
            113995.0,
            118599.9,
            120649.9,
            122259.5,
            122426.4,
            123542.1,
            124766.5,
            121419.8,
            123329.7,
            121699.0,
            113000.1,
            111568.6
        ],
        "price_change_percent": 0.5937241062806724
    },
    "singularity_score": 43,
    "narrative_vector": {
        "primary": "Financial energy is expanding. The market has chosen its short-term direction.",
        "market": "Momentum is neutral (RSI: 39.9). The derivatives market is balanced.",
        "network": "The -7.58% difficulty adjustment indicates the security baseline is holding steady."
    }
}