{
    "timestamp_utc": "2025-07-16T07:25:11.673659+00:00",
    "market_vector": {
        "price_usd": 118237.6
    },
    "mining_vector": {
        "difficulty_change_percent": 2.150794834490388,
        "next_retarget_blocks": 1412
    },
    "monetary_vector": {
        "circulating_supply": 19893087.5,
        "current_block_reward": 3.125,
        "blocks_until_next_halving": 144212
    },
    "speculative_vector": {
        "open_interest": 0,
        "funding_rate": 0,
        "error": true
    },
    "trend_vector": {
        "rsi_14d": 68.76782611015294,
        "historical_prices": [
            107115.4,
            107325.1,
            108387.2,
            107120.3,
            105700.1,
            108846.9,
            109631.0,
            108018.9,
            108249.5,
            109223.2,
            108282.1,
            108931.9,
            111323.7,
            115990.2,
            117532.6,
            117461.0,
            119102.1,
            119855.0,
            117741.0,
            118237.6
        ],
        "price_change_percent": 0.029271676691797855
    },
    "singularity_score": 58,
    "narrative_vector": {
        "primary": "The objective remains unchanged. Awaiting a new catalyst.",
        "market": "Momentum is neutral (RSI: 68.8). The derivatives market is balanced.",
        "network": "The 2.15% difficulty adjustment indicates the security baseline is currently hardening."
    }
}