{
    "timestamp_utc": "2025-07-18T22:40:19.481386+00:00",
    "market_vector": {
        "price_usd": 117971.6
    },
    "mining_vector": {
        "difficulty_change_percent": -1.2113613794735745,
        "next_retarget_blocks": 1057
    },
    "monetary_vector": {
        "circulating_supply": 19894196.875,
        "current_block_reward": 3.125,
        "blocks_until_next_halving": 143857
    },
    "speculative_vector": {
        "open_interest": 0,
        "funding_rate": 0,
        "error": true
    },
    "trend_vector": {
        "rsi_14d": 65.41482030145383,
        "historical_prices": [
            108387.2,
            107120.3,
            105700.1,
            108846.9,
            109631.0,
            108018.9,
            108249.5,
            109223.2,
            108282.1,
            108931.9,
            111323.7,
            115990.2,
            117532.6,
            117461.0,
            119102.1,
            119855.0,
            117741.0,
            118712.6,
            119321.0,
            117971.5
        ],
        "price_change_percent": 0.013055704622307943
    },
    "singularity_score": 55,
    "narrative_vector": {
        "primary": "The objective remains unchanged. Awaiting a new catalyst.",
        "market": "Momentum is neutral (RSI: 65.4). The derivatives market is balanced.",
        "network": "The -1.21% difficulty adjustment indicates the security baseline is holding steady."
    }
}