{
    "timestamp_utc": "2025-07-20T15:33:01.360790+00:00",
    "market_vector": {
        "price_usd": 118722.9
    },
    "mining_vector": {
        "difficulty_change_percent": -0.8252239717566945,
        "next_retarget_blocks": 810
    },
    "monetary_vector": {
        "circulating_supply": 19894968.75,
        "current_block_reward": 3.125,
        "blocks_until_next_halving": 143610
    },
    "speculative_vector": {
        "open_interest": 0,
        "funding_rate": 0,
        "error": true
    },
    "trend_vector": {
        "rsi_14d": 66.84454316770866,
        "historical_prices": [
            105700.1,
            108846.9,
            109631.0,
            108018.9,
            108249.5,
            109223.2,
            108282.1,
            108931.9,
            111323.7,
            115990.2,
            117532.6,
            117461.0,
            119102.1,
            119855.0,
            117741.0,
            118712.6,
            119321.0,
            118011.9,
            117909.1,
            118722.9
        ],
        "price_change_percent": 0.26425133012414
    },
    "singularity_score": 57,
    "narrative_vector": {
        "primary": "The objective remains unchanged. Awaiting a new catalyst.",
        "market": "Momentum is neutral (RSI: 66.8). The derivatives market is balanced.",
        "network": "The -0.83% difficulty adjustment indicates the security baseline is holding steady."
    }
}