{
    "timestamp_utc": "2025-10-04T15:26:50.768344+00:00",
    "market_vector": {
        "price_usd": 121897.5
    },
    "mining_vector": {
        "difficulty_change_percent": -7.215073453616516,
        "next_retarget_blocks": 1662
    },
    "monetary_vector": {
        "circulating_supply": 19930106.25,
        "current_block_reward": 3.125,
        "blocks_until_next_halving": 132366
    },
    "speculative_vector": {
        "open_interest": 0,
        "funding_rate": 0,
        "error": true
    },
    "trend_vector": {
        "rsi_14d": 67.78419274552192,
        "historical_prices": [
            115374.9,
            116764.2,
            116469.0,
            117135.7,
            115677.2,
            115739.1,
            115298.9,
            112747.8,
            112001.5,
            113300.0,
            109049.8,
            109706.3,
            109720.5,
            112127.8,
            114365.2,
            113995.0,
            118599.9,
            120649.9,
            122259.5,
            121897.4
        ],
        "price_change_percent": -0.16911826731169113
    },
    "singularity_score": 52,
    "narrative_vector": {
        "primary": "The objective remains unchanged. Awaiting a new catalyst.",
        "market": "Momentum is neutral (RSI: 67.8). The derivatives market is balanced.",
        "network": "The -7.22% difficulty adjustment indicates the security baseline is holding steady."
    }
}