{
    "timestamp_utc": "2025-10-22T21:53:40.629084+00:00",
    "market_vector": {
        "price_usd": 107159.8
    },
    "mining_vector": {
        "difficulty_change_percent": 5.967079977680156,
        "next_retarget_blocks": 1001
    },
    "monetary_vector": {
        "circulating_supply": 19938471.875,
        "current_block_reward": 3.125,
        "blocks_until_next_halving": 129689
    },
    "speculative_vector": {
        "open_interest": 0,
        "funding_rate": 0,
        "error": true
    },
    "trend_vector": {
        "rsi_14d": 38.80732603894682,
        "historical_prices": [
            122259.5,
            122426.4,
            123542.1,
            124766.5,
            121419.8,
            123329.7,
            121699.0,
            113000.1,
            110775.1,
            115125.3,
            115165.5,
            113106.2,
            110781.9,
            108182.3,
            106451.0,
            107199.0,
            108669.8,
            110574.4,
            108406.1,
            107159.7
        ],
        "price_change_percent": 0.056956807132112715
    },
    "singularity_score": 48,
    "narrative_vector": {
        "primary": "The objective remains unchanged. Awaiting a new catalyst.",
        "market": "Momentum is neutral (RSI: 38.8). The derivatives market is balanced.",
        "network": "The 5.97% difficulty adjustment indicates the security baseline is currently hardening."
    }
}