{
    "timestamp_utc": "2025-07-16T13:05:23.930707+00:00",
    "market_vector": {
        "price_usd": 118494.1
    },
    "mining_vector": {
        "difficulty_change_percent": 2.6694591624109476,
        "next_retarget_blocks": 1374
    },
    "monetary_vector": {
        "circulating_supply": 19893206.25,
        "current_block_reward": 3.125,
        "blocks_until_next_halving": 144174
    },
    "speculative_vector": {
        "open_interest": 0,
        "funding_rate": 0,
        "error": true
    },
    "trend_vector": {
        "rsi_14d": 69.1865322114805,
        "historical_prices": [
            107115.4,
            107325.1,
            108387.2,
            107120.3,
            105700.1,
            108846.9,
            109631.0,
            108018.9,
            108249.5,
            109223.2,
            108282.1,
            108931.9,
            111323.7,
            115990.2,
            117532.6,
            117461.0,
            119102.1,
            119855.0,
            117741.0,
            118494.1
        ],
        "price_change_percent": -0.14797374561492216
    },
    "singularity_score": 58,
    "narrative_vector": {
        "primary": "The objective remains unchanged. Awaiting a new catalyst.",
        "market": "Momentum is neutral (RSI: 69.2). The derivatives market is balanced.",
        "network": "The 2.67% difficulty adjustment indicates the security baseline is currently hardening."
    }
}