{
    "timestamp_utc": "2025-09-01T21:13:33.304406+00:00",
    "market_vector": {
        "price_usd": 108481.1
    },
    "mining_vector": {
        "difficulty_change_percent": 5.6457631935891595,
        "next_retarget_blocks": 493
    },
    "monetary_vector": {
        "circulating_supply": 19914859.375,
        "current_block_reward": 3.125,
        "blocks_until_next_halving": 137245
    },
    "speculative_vector": {
        "open_interest": 0,
        "funding_rate": 0,
        "error": true
    },
    "trend_vector": {
        "rsi_14d": 38.380980562249015,
        "historical_prices": [
            123354.3,
            118383.1,
            117426.7,
            117487.5,
            117441.3,
            116260.0,
            112830.3,
            114262.7,
            112462.5,
            116817.9,
            115344.1,
            113456.1,
            110144.9,
            111829.3,
            111268.6,
            112563.7,
            108400.1,
            108750.0,
            108250.0,
            108481.1
        ],
        "price_change_percent": -0.2767916074504756
    },
    "singularity_score": 47,
    "narrative_vector": {
        "primary": "The objective remains unchanged. Awaiting a new catalyst.",
        "market": "Momentum is neutral (RSI: 38.4). The derivatives market is balanced.",
        "network": "The 5.65% difficulty adjustment indicates the security baseline is currently hardening."
    }
}