{
    "timestamp_utc": "2025-07-18T12:36:40.204439+00:00",
    "market_vector": {
        "price_usd": 119258.8
    },
    "mining_vector": {
        "difficulty_change_percent": -1.1420055043019461,
        "next_retarget_blocks": 1116
    },
    "monetary_vector": {
        "circulating_supply": 19894012.5,
        "current_block_reward": 3.125,
        "blocks_until_next_halving": 143916
    },
    "speculative_vector": {
        "open_interest": 0,
        "funding_rate": 0,
        "error": true
    },
    "trend_vector": {
        "rsi_14d": 70.27877336255608,
        "historical_prices": [
            108387.2,
            107120.3,
            105700.1,
            108846.9,
            109631.0,
            108018.9,
            108249.5,
            109223.2,
            108282.1,
            108931.9,
            111323.7,
            115990.2,
            117532.6,
            117461.0,
            119102.1,
            119855.0,
            117741.0,
            118712.6,
            119321.0,
            119258.8
        ],
        "price_change_percent": 0.0
    },
    "singularity_score": 57,
    "narrative_vector": {
        "primary": "Market sentiment is overheated (RSI: 70). A correction is probable.",
        "market": "Momentum is neutral (RSI: 70.3). The derivatives market is balanced.",
        "network": "The -1.14% difficulty adjustment indicates the security baseline is holding steady."
    }
}