{
    "timestamp_utc": "2025-09-05T16:45:02.583349+00:00",
    "market_vector": {
        "price_usd": 110862.1
    },
    "mining_vector": {
        "difficulty_change_percent": -3.911066985867895,
        "next_retarget_blocks": 1951
    },
    "monetary_vector": {
        "circulating_supply": 19916603.125,
        "current_block_reward": 3.125,
        "blocks_until_next_halving": 136687
    },
    "speculative_vector": {
        "open_interest": 0,
        "funding_rate": 0,
        "error": true
    },
    "trend_vector": {
        "rsi_14d": 44.9917528781054,
        "historical_prices": [
            117441.3,
            116260.0,
            112830.3,
            114262.7,
            112462.5,
            116817.9,
            115344.1,
            113456.1,
            110144.9,
            111829.3,
            111268.6,
            112563.7,
            108400.1,
            108750.0,
            108250.0,
            109263.5,
            111196.9,
            111771.1,
            110744.3,
            110862.1
        ],
        "price_change_percent": 0.06778773682833349
    },
    "singularity_score": 46,
    "narrative_vector": {
        "primary": "The objective remains unchanged. Awaiting a new catalyst.",
        "market": "Momentum is neutral (RSI: 45.0). The derivatives market is balanced.",
        "network": "The -3.91% difficulty adjustment indicates the security baseline is holding steady."
    }
}