{
    "timestamp_utc": "2025-08-26T12:43:45.057856+00:00",
    "market_vector": {
        "price_usd": 110595.6
    },
    "mining_vector": {
        "difficulty_change_percent": 5.008434793047467,
        "next_retarget_blocks": 1463
    },
    "monetary_vector": {
        "circulating_supply": 19911828.125,
        "current_block_reward": 3.125,
        "blocks_until_next_halving": 138215
    },
    "speculative_vector": {
        "open_interest": 0,
        "funding_rate": 0,
        "error": true
    },
    "trend_vector": {
        "rsi_14d": 39.69566025654221,
        "historical_prices": [
            117498.1,
            116676.0,
            116467.4,
            119288.4,
            118724.5,
            120172.0,
            123354.3,
            118383.1,
            117426.7,
            117487.5,
            117441.3,
            116260.0,
            112830.3,
            114262.7,
            112462.5,
            116817.9,
            115344.1,
            113456.1,
            110144.9,
            110612.2
        ],
        "price_change_percent": 0.8570076491511477
    },
    "singularity_score": 50,
    "narrative_vector": {
        "primary": "Financial energy is expanding. The market has chosen its short-term direction.",
        "market": "Momentum is neutral (RSI: 39.7). The derivatives market is balanced.",
        "network": "The 5.01% difficulty adjustment indicates the security baseline is currently hardening."
    }
}