{
    "timestamp_utc": "2025-08-31T22:54:10.264390+00:00",
    "market_vector": {
        "price_usd": 108900.0
    },
    "mining_vector": {
        "difficulty_change_percent": 5.454735337907279,
        "next_retarget_blocks": 637
    },
    "monetary_vector": {
        "circulating_supply": 19914409.375,
        "current_block_reward": 3.125,
        "blocks_until_next_halving": 137389
    },
    "speculative_vector": {
        "open_interest": 0,
        "funding_rate": 0,
        "error": true
    },
    "trend_vector": {
        "rsi_14d": 38.94927740676057,
        "historical_prices": [
            120172.0,
            123354.3,
            118383.1,
            117426.7,
            117487.5,
            117441.3,
            116260.0,
            112830.3,
            114262.7,
            112462.5,
            116817.9,
            115344.1,
            113456.1,
            110144.9,
            111829.3,
            111268.6,
            112563.7,
            108400.1,
            108750.0,
            108900.1
        ],
        "price_change_percent": -0.009457315371156802
    },
    "singularity_score": 48,
    "narrative_vector": {
        "primary": "The objective remains unchanged. Awaiting a new catalyst.",
        "market": "Momentum is neutral (RSI: 38.9). The derivatives market is balanced.",
        "network": "The 5.45% difficulty adjustment indicates the security baseline is currently hardening."
    }
}