{
    "timestamp_utc": "2025-07-20T15:46:59.241245+00:00",
    "market_vector": {
        "price_usd": 118649.7
    },
    "mining_vector": {
        "difficulty_change_percent": -0.7747611700206769,
        "next_retarget_blocks": 808
    },
    "monetary_vector": {
        "circulating_supply": 19894975.0,
        "current_block_reward": 3.125,
        "blocks_until_next_halving": 143608
    },
    "speculative_vector": {
        "open_interest": 0,
        "funding_rate": 0,
        "error": true
    },
    "trend_vector": {
        "rsi_14d": 66.67547956163997,
        "historical_prices": [
            105700.1,
            108846.9,
            109631.0,
            108018.9,
            108249.5,
            109223.2,
            108282.1,
            108931.9,
            111323.7,
            115990.2,
            117532.6,
            117461.0,
            119102.1,
            119855.0,
            117741.0,
            118712.6,
            119321.0,
            118011.9,
            117909.1,
            118637.1
        ],
        "price_change_percent": -0.07226912415379709
    },
    "singularity_score": 56,
    "narrative_vector": {
        "primary": "The objective remains unchanged. Awaiting a new catalyst.",
        "market": "Momentum is neutral (RSI: 66.7). The derivatives market is balanced.",
        "network": "The -0.77% difficulty adjustment indicates the security baseline is holding steady."
    }
}