{
    "timestamp_utc": "2025-10-12T17:41:51.922559+00:00",
    "market_vector": {
        "price_usd": 114469.7
    },
    "mining_vector": {
        "difficulty_change_percent": -5.760295793810311,
        "next_retarget_blocks": 537
    },
    "monetary_vector": {
        "circulating_supply": 19933621.875,
        "current_block_reward": 3.125,
        "blocks_until_next_halving": 131241
    },
    "speculative_vector": {
        "open_interest": 0,
        "funding_rate": 0,
        "error": true
    },
    "trend_vector": {
        "rsi_14d": 46.04174159180334,
        "historical_prices": [
            112001.5,
            113300.0,
            109049.8,
            109706.3,
            109720.5,
            112127.8,
            114365.2,
            113995.0,
            118599.9,
            120649.9,
            122259.5,
            122426.4,
            123542.1,
            124766.5,
            121419.8,
            123329.7,
            121699.0,
            113000.1,
            110775.1,
            114384.8
        ],
        "price_change_percent": -0.06666020158814034
    },
    "singularity_score": 45,
    "narrative_vector": {
        "primary": "ECHO DETECTED: Current structure mirrors the 'Pre-Halving Lull.' A period of consolidation may precede a supply shock.",
        "market": "High-conviction pattern match. Standard market analysis suspended.",
        "network": "On-chain fundamentals are secondary to the recognized historical echo."
    }
}