{
    "timestamp_utc": "2025-09-22T22:53:03.909337+00:00",
    "market_vector": {
        "price_usd": 112687.6
    },
    "mining_vector": {
        "difficulty_change_percent": 9.998025265921973,
        "next_retarget_blocks": 1330
    },
    "monetary_vector": {
        "circulating_supply": 19924843.75,
        "current_block_reward": 3.125,
        "blocks_until_next_halving": 134050
    },
    "speculative_vector": {
        "open_interest": 0,
        "funding_rate": 0,
        "error": true
    },
    "trend_vector": {
        "rsi_14d": 44.200961778150436,
        "historical_prices": [
            111771.1,
            110744.3,
            110647.8,
            110254.9,
            111152.8,
            112050.1,
            111541.0,
            113952.8,
            115500.0,
            116111.7,
            115949.1,
            115390.6,
            115374.9,
            116764.2,
            116469.0,
            117135.7,
            115677.2,
            115739.1,
            115298.9,
            112687.6
        ],
        "price_change_percent": -0.029985433112069543
    },
    "singularity_score": 52,
    "narrative_vector": {
        "primary": "The objective remains unchanged. Awaiting a new catalyst.",
        "market": "Momentum is neutral (RSI: 44.2). The derivatives market is balanced.",
        "network": "The 10.00% difficulty adjustment indicates the security baseline is currently hardening."
    }
}