{
    "timestamp_utc": "2025-10-23T05:48:21.135206+00:00",
    "market_vector": {
        "price_usd": 108757.9
    },
    "mining_vector": {
        "difficulty_change_percent": 5.142160548832808,
        "next_retarget_blocks": 959
    },
    "monetary_vector": {
        "circulating_supply": 19938603.125,
        "current_block_reward": 3.125,
        "blocks_until_next_halving": 129647
    },
    "speculative_vector": {
        "open_interest": 0,
        "funding_rate": 0,
        "error": true
    },
    "trend_vector": {
        "rsi_14d": 42.12905451127856,
        "historical_prices": [
            122426.4,
            123542.1,
            124766.5,
            121419.8,
            123329.7,
            121699.0,
            113000.1,
            110775.1,
            115125.3,
            115165.5,
            113106.2,
            110781.9,
            108182.3,
            106451.0,
            107199.0,
            108669.8,
            110574.4,
            108406.1,
            107644.1,
            108758.0
        ],
        "price_change_percent": -0.04044043308027426
    },
    "singularity_score": 49,
    "narrative_vector": {
        "primary": "The objective remains unchanged. Awaiting a new catalyst.",
        "market": "Momentum is neutral (RSI: 42.1). The derivatives market is balanced.",
        "network": "The 5.14% difficulty adjustment indicates the security baseline is currently hardening."
    }
}