{
    "timestamp_utc": "2025-09-23T22:53:42.764693+00:00",
    "market_vector": {
        "price_usd": 112150.7
    },
    "mining_vector": {
        "difficulty_change_percent": 8.2457125633981,
        "next_retarget_blocks": 1185
    },
    "monetary_vector": {
        "circulating_supply": 19925296.875,
        "current_block_reward": 3.125,
        "blocks_until_next_halving": 133905
    },
    "speculative_vector": {
        "open_interest": 0,
        "funding_rate": 0,
        "error": true
    },
    "trend_vector": {
        "rsi_14d": 42.5266648490143,
        "historical_prices": [
            110744.3,
            110647.8,
            110254.9,
            111152.8,
            112050.1,
            111541.0,
            113952.8,
            115500.0,
            116111.7,
            115949.1,
            115390.6,
            115374.9,
            116764.2,
            116469.0,
            117135.7,
            115677.2,
            115739.1,
            115298.9,
            112747.8,
            112150.7
        ],
        "price_change_percent": -0.052847339809288754
    },
    "singularity_score": 50,
    "narrative_vector": {
        "primary": "The objective remains unchanged. Awaiting a new catalyst.",
        "market": "Momentum is neutral (RSI: 42.5). The derivatives market is balanced.",
        "network": "The 8.25% difficulty adjustment indicates the security baseline is currently hardening."
    }
}