{
    "timestamp_utc": "2025-10-03T19:33:29.382965+00:00",
    "market_vector": {
        "price_usd": 122998.8
    },
    "mining_vector": {
        "difficulty_change_percent": -3.1993917926494198,
        "next_retarget_blocks": 1761
    },
    "monetary_vector": {
        "circulating_supply": 19929796.875,
        "current_block_reward": 3.125,
        "blocks_until_next_halving": 132465
    },
    "speculative_vector": {
        "open_interest": 0,
        "funding_rate": 0,
        "error": true
    },
    "trend_vector": {
        "rsi_14d": 70.05373959850728,
        "historical_prices": [
            115390.6,
            115374.9,
            116764.2,
            116469.0,
            117135.7,
            115677.2,
            115739.1,
            115298.9,
            112747.8,
            112001.5,
            113300.0,
            109049.8,
            109706.3,
            109720.5,
            112127.8,
            114365.2,
            113995.0,
            118599.9,
            120649.9,
            122998.8
        ],
        "price_change_percent": 0.20693340980636243
    },
    "singularity_score": 57,
    "narrative_vector": {
        "primary": "Market sentiment is overheated (RSI: 70). A correction is probable.",
        "market": "Momentum is neutral (RSI: 70.1). The derivatives market is balanced.",
        "network": "The -3.20% difficulty adjustment indicates the security baseline is holding steady."
    }
}