{
    "timestamp_utc": "2025-10-03T14:37:21.076858+00:00",
    "market_vector": {
        "price_usd": 120519.9
    },
    "mining_vector": {
        "difficulty_change_percent": -1.4646059508551468,
        "next_retarget_blocks": 1783
    },
    "monetary_vector": {
        "circulating_supply": 19929728.125,
        "current_block_reward": 3.125,
        "blocks_until_next_halving": 132487
    },
    "speculative_vector": {
        "open_interest": 0,
        "funding_rate": 0,
        "error": true
    },
    "trend_vector": {
        "rsi_14d": 66.0658025665924,
        "historical_prices": [
            115390.6,
            115374.9,
            116764.2,
            116469.0,
            117135.7,
            115677.2,
            115739.1,
            115298.9,
            112747.8,
            112001.5,
            113300.0,
            109049.8,
            109706.3,
            109720.5,
            112127.8,
            114365.2,
            113995.0,
            118599.9,
            120649.9,
            120519.9
        ],
        "price_change_percent": 0.2843277732567114
    },
    "singularity_score": 56,
    "narrative_vector": {
        "primary": "The objective remains unchanged. Awaiting a new catalyst.",
        "market": "Momentum is neutral (RSI: 66.1). The derivatives market is balanced.",
        "network": "The -1.46% difficulty adjustment indicates the security baseline is holding steady."
    }
}