{
    "timestamp_utc": "2025-10-22T05:54:51.157848+00:00",
    "market_vector": {
        "price_usd": 108177.2
    },
    "mining_vector": {
        "difficulty_change_percent": 6.037165157230517,
        "next_retarget_blocks": 1102
    },
    "monetary_vector": {
        "circulating_supply": 19938156.25,
        "current_block_reward": 3.125,
        "blocks_until_next_halving": 129790
    },
    "speculative_vector": {
        "open_interest": 0,
        "funding_rate": 0,
        "error": true
    },
    "trend_vector": {
        "rsi_14d": 40.38430896443437,
        "historical_prices": [
            122259.5,
            122426.4,
            123542.1,
            124766.5,
            121419.8,
            123329.7,
            121699.0,
            113000.1,
            110775.1,
            115125.3,
            115165.5,
            113106.2,
            110781.9,
            108182.3,
            106451.0,
            107199.0,
            108669.8,
            110574.4,
            108406.1,
            108215.7
        ],
        "price_change_percent": 0.17375124967600725
    },
    "singularity_score": 49,
    "narrative_vector": {
        "primary": "The objective remains unchanged. Awaiting a new catalyst.",
        "market": "Momentum is neutral (RSI: 40.4). The derivatives market is balanced.",
        "network": "The 6.04% difficulty adjustment indicates the security baseline is currently hardening."
    }
}