{
    "timestamp_utc": "2025-08-30T03:38:43.401979+00:00",
    "market_vector": {
        "price_usd": 108396.5
    },
    "mining_vector": {
        "difficulty_change_percent": 6.761226610235727,
        "next_retarget_blocks": 897
    },
    "monetary_vector": {
        "circulating_supply": 19913596.875,
        "current_block_reward": 3.125,
        "blocks_until_next_halving": 137649
    },
    "speculative_vector": {
        "open_interest": 0,
        "funding_rate": 0,
        "error": true
    },
    "trend_vector": {
        "rsi_14d": 37.659433177910174,
        "historical_prices": [
            118724.5,
            120172.0,
            123354.3,
            118383.1,
            117426.7,
            117487.5,
            117441.3,
            116260.0,
            112830.3,
            114262.7,
            112462.5,
            116817.9,
            115344.1,
            113456.1,
            110144.9,
            111829.3,
            111268.6,
            112563.7,
            108400.1,
            108396.4
        ],
        "price_change_percent": 0.4217110797360017
    },
    "singularity_score": 49,
    "narrative_vector": {
        "primary": "The objective remains unchanged. Awaiting a new catalyst.",
        "market": "Momentum is neutral (RSI: 37.7). The derivatives market is balanced.",
        "network": "The 6.76% difficulty adjustment indicates the security baseline is currently hardening."
    }
}