{
    "timestamp_utc": "2025-10-06T18:00:25.782845+00:00",
    "market_vector": {
        "price_usd": 125286.2
    },
    "mining_vector": {
        "difficulty_change_percent": -7.103477972371053,
        "next_retarget_blocks": 1359
    },
    "monetary_vector": {
        "circulating_supply": 19931053.125,
        "current_block_reward": 3.125,
        "blocks_until_next_halving": 132063
    },
    "speculative_vector": {
        "open_interest": 0,
        "funding_rate": 0,
        "error": true
    },
    "trend_vector": {
        "rsi_14d": 73.5747986633344,
        "historical_prices": [
            116469.0,
            117135.7,
            115677.2,
            115739.1,
            115298.9,
            112747.8,
            112001.5,
            113300.0,
            109049.8,
            109706.3,
            109720.5,
            112127.8,
            114365.2,
            113995.0,
            118599.9,
            120649.9,
            122259.5,
            122426.4,
            123542.1,
            125316.2
        ],
        "price_change_percent": 0.02402501155354925
    },
    "singularity_score": 55,
    "narrative_vector": {
        "primary": "Market sentiment is overheated (RSI: 74). A correction is probable.",
        "market": "Momentum is neutral (RSI: 73.6). The derivatives market is balanced.",
        "network": "The -7.10% difficulty adjustment indicates the security baseline is holding steady."
    }
}