{
    "timestamp_utc": "2025-07-29T15:35:12.037439+00:00",
    "market_vector": {
        "price_usd": 117518.0
    },
    "mining_vector": {
        "difficulty_change_percent": -3.390355361200914,
        "next_retarget_blocks": 1520
    },
    "monetary_vector": {
        "circulating_supply": 19899050.0,
        "current_block_reward": 3.125,
        "blocks_until_next_halving": 142304
    },
    "speculative_vector": {
        "open_interest": 0,
        "funding_rate": 0,
        "error": true
    },
    "trend_vector": {
        "rsi_14d": 56.29123592430117,
        "historical_prices": [
            115990.2,
            117532.6,
            117461.0,
            119102.1,
            119855.0,
            117741.0,
            118712.6,
            119321.0,
            118011.9,
            117909.1,
            117319.1,
            117461.0,
            119977.5,
            118735.3,
            118386.9,
            117628.1,
            117937.5,
            119455.0,
            117979.7,
            117518.0
        ],
        "price_change_percent": -0.24438504353346838
    },
    "singularity_score": 50,
    "narrative_vector": {
        "primary": "ECHO DETECTED: Current structure mirrors the 'Pre-Halving Lull.' A period of consolidation may precede a supply shock.",
        "market": "High-conviction pattern match. Standard market analysis suspended.",
        "network": "On-chain fundamentals are secondary to the recognized historical echo."
    }
}