{
    "timestamp_utc": "2025-10-20T16:56:09.573130+00:00",
    "market_vector": {
        "price_usd": 110454.8
    },
    "mining_vector": {
        "difficulty_change_percent": 4.6741996037668265,
        "next_retarget_blocks": 1346
    },
    "monetary_vector": {
        "circulating_supply": 19937393.75,
        "current_block_reward": 3.125,
        "blocks_until_next_halving": 130034
    },
    "speculative_vector": {
        "open_interest": 0,
        "funding_rate": 0,
        "error": true
    },
    "trend_vector": {
        "rsi_14d": 43.883165805958775,
        "historical_prices": [
            118599.9,
            120649.9,
            122259.5,
            122426.4,
            123542.1,
            124766.5,
            121419.8,
            123329.7,
            121699.0,
            113000.1,
            110775.1,
            115125.3,
            115165.5,
            113106.2,
            110781.9,
            108182.3,
            106451.0,
            107199.0,
            108669.8,
            110454.8
        ],
        "price_change_percent": 0.0
    },
    "singularity_score": 49,
    "narrative_vector": {
        "primary": "The objective remains unchanged. Awaiting a new catalyst.",
        "market": "Momentum is neutral (RSI: 43.9). The derivatives market is balanced.",
        "network": "The 4.67% difficulty adjustment indicates the security baseline is currently hardening."
    }
}