{
    "timestamp_utc": "2025-08-13T23:11:21.809318+00:00",
    "market_vector": {
        "price_usd": 123091.1
    },
    "mining_vector": {
        "difficulty_change_percent": -4.609192948348162,
        "next_retarget_blocks": 1317
    },
    "monetary_vector": {
        "circulating_supply": 19905984.375,
        "current_block_reward": 3.125,
        "blocks_until_next_halving": 140085
    },
    "speculative_vector": {
        "open_interest": 0,
        "funding_rate": 0,
        "error": true
    },
    "trend_vector": {
        "rsi_14d": 68.04376998792745,
        "historical_prices": [
            117628.1,
            117937.5,
            119455.0,
            117979.7,
            117923.0,
            117820.7,
            115762.3,
            113290.2,
            112525.2,
            114224.1,
            115092.1,
            114115.0,
            115010.0,
            117498.1,
            116676.0,
            116467.4,
            119288.4,
            118724.5,
            120172.0,
            123091.1
        ],
        "price_change_percent": -0.39174526927732367
    },
    "singularity_score": 53,
    "narrative_vector": {
        "primary": "The objective remains unchanged. Awaiting a new catalyst.",
        "market": "Momentum is neutral (RSI: 68.0). The derivatives market is balanced.",
        "network": "The -4.61% difficulty adjustment indicates the security baseline is holding steady."
    }
}