{
    "timestamp_utc": "2025-08-18T09:30:26.813512+00:00",
    "market_vector": {
        "price_usd": 114732.7
    },
    "mining_vector": {
        "difficulty_change_percent": -0.4175996947889393,
        "next_retarget_blocks": 651
    },
    "monetary_vector": {
        "circulating_supply": 19908065.625,
        "current_block_reward": 3.125,
        "blocks_until_next_halving": 139419
    },
    "speculative_vector": {
        "open_interest": 0,
        "funding_rate": 0,
        "error": true
    },
    "trend_vector": {
        "rsi_14d": 44.281079184215656,
        "historical_prices": [
            117820.7,
            115762.3,
            113290.2,
            112525.2,
            114224.1,
            115092.1,
            114115.0,
            115010.0,
            117498.1,
            116676.0,
            116467.4,
            119288.4,
            118724.5,
            120172.0,
            123354.3,
            118383.1,
            117426.7,
            117487.5,
            117441.3,
            114732.7
        ],
        "price_change_percent": -0.42811518233732226
    },
    "singularity_score": 46,
    "narrative_vector": {
        "primary": "The objective remains unchanged. Awaiting a new catalyst.",
        "market": "Momentum is neutral (RSI: 44.3). The derivatives market is balanced.",
        "network": "The -0.42% difficulty adjustment indicates the security baseline is holding steady."
    }
}