{
    "timestamp_utc": "2025-08-24T22:46:01.137700+00:00",
    "market_vector": {
        "price_usd": 113376.2
    },
    "mining_vector": {
        "difficulty_change_percent": 6.811694631271159,
        "next_retarget_blocks": 1697
    },
    "monetary_vector": {
        "circulating_supply": 19911096.875,
        "current_block_reward": 3.125,
        "blocks_until_next_halving": 138449
    },
    "speculative_vector": {
        "open_interest": 0,
        "funding_rate": 0,
        "error": true
    },
    "trend_vector": {
        "rsi_14d": 44.09500154979788,
        "historical_prices": [
            114115.0,
            115010.0,
            117498.1,
            116676.0,
            116467.4,
            119288.4,
            118724.5,
            120172.0,
            123354.3,
            118383.1,
            117426.7,
            117487.5,
            117441.3,
            116260.0,
            112830.3,
            114262.7,
            112462.5,
            116817.9,
            115344.1,
            113376.2
        ],
        "price_change_percent": 0.5472729030295481
    },
    "singularity_score": 52,
    "narrative_vector": {
        "primary": "Financial energy is expanding. The market has chosen its short-term direction.",
        "market": "Momentum is neutral (RSI: 44.1). The derivatives market is balanced.",
        "network": "The 6.81% difficulty adjustment indicates the security baseline is currently hardening."
    }
}