{
    "timestamp_utc": "2025-08-18T11:44:53.260559+00:00",
    "market_vector": {
        "price_usd": 115033.8
    },
    "mining_vector": {
        "difficulty_change_percent": -0.08494704646579976,
        "next_retarget_blocks": 633
    },
    "monetary_vector": {
        "circulating_supply": 19908121.875,
        "current_block_reward": 3.125,
        "blocks_until_next_halving": 139401
    },
    "speculative_vector": {
        "open_interest": 0,
        "funding_rate": 0,
        "error": true
    },
    "trend_vector": {
        "rsi_14d": 44.94644216119874,
        "historical_prices": [
            117820.7,
            115762.3,
            113290.2,
            112525.2,
            114224.1,
            115092.1,
            114115.0,
            115010.0,
            117498.1,
            116676.0,
            116467.4,
            119288.4,
            118724.5,
            120172.0,
            123354.3,
            118383.1,
            117426.7,
            117487.5,
            117441.3,
            115033.8
        ],
        "price_change_percent": -0.013211761944907901
    },
    "singularity_score": 47,
    "narrative_vector": {
        "primary": "The objective remains unchanged. Awaiting a new catalyst.",
        "market": "Momentum is neutral (RSI: 44.9). The derivatives market is balanced.",
        "network": "The -0.08% difficulty adjustment indicates the security baseline is holding steady."
    }
}