{
    "timestamp_utc": "2025-10-02T16:45:06.315347+00:00",
    "market_vector": {
        "price_usd": 119856.1
    },
    "mining_vector": {
        "difficulty_change_percent": 0.5298675136512276,
        "next_retarget_blocks": 1901
    },
    "monetary_vector": {
        "circulating_supply": 19929359.375,
        "current_block_reward": 3.125,
        "blocks_until_next_halving": 132605
    },
    "speculative_vector": {
        "open_interest": 0,
        "funding_rate": 0,
        "error": true
    },
    "trend_vector": {
        "rsi_14d": 65.20385491834875,
        "historical_prices": [
            115949.1,
            115390.6,
            115374.9,
            116764.2,
            116469.0,
            117135.7,
            115677.2,
            115739.1,
            115298.9,
            112747.8,
            112001.5,
            113300.0,
            109049.8,
            109706.3,
            109720.5,
            112127.8,
            114365.2,
            113995.0,
            118599.9,
            119856.1
        ],
        "price_change_percent": -0.16683825268789368
    },
    "singularity_score": 55,
    "narrative_vector": {
        "primary": "The objective remains unchanged. Awaiting a new catalyst.",
        "market": "Momentum is neutral (RSI: 65.2). The derivatives market is balanced.",
        "network": "The 0.53% difficulty adjustment indicates the security baseline is holding steady."
    }
}