{
    "timestamp_utc": "2025-08-14T03:15:05.254408+00:00",
    "market_vector": {
        "price_usd": 123762.6
    },
    "mining_vector": {
        "difficulty_change_percent": -4.114376908315154,
        "next_retarget_blocks": 1290
    },
    "monetary_vector": {
        "circulating_supply": 19906065.625,
        "current_block_reward": 3.125,
        "blocks_until_next_halving": 140059
    },
    "speculative_vector": {
        "open_interest": 0,
        "funding_rate": 0,
        "error": true
    },
    "trend_vector": {
        "rsi_14d": 69.20276490570595,
        "historical_prices": [
            117937.5,
            119455.0,
            117979.7,
            117923.0,
            117820.7,
            115762.3,
            113290.2,
            112525.2,
            114224.1,
            115092.1,
            114115.0,
            115010.0,
            117498.1,
            116676.0,
            116467.4,
            119288.4,
            118724.5,
            120172.0,
            123354.3,
            123762.5
        ],
        "price_change_percent": 0.1638069247273142
    },
    "singularity_score": 56,
    "narrative_vector": {
        "primary": "The objective remains unchanged. Awaiting a new catalyst.",
        "market": "Momentum is neutral (RSI: 69.2). The derivatives market is balanced.",
        "network": "The -4.11% difficulty adjustment indicates the security baseline is holding steady."
    }
}