{
    "timestamp_utc": "2025-09-01T21:28:54.231906+00:00",
    "market_vector": {
        "price_usd": 108112.4
    },
    "mining_vector": {
        "difficulty_change_percent": 5.602836388313737,
        "next_retarget_blocks": 492
    },
    "monetary_vector": {
        "circulating_supply": 19914862.5,
        "current_block_reward": 3.125,
        "blocks_until_next_halving": 137244
    },
    "speculative_vector": {
        "open_interest": 0,
        "funding_rate": 0,
        "error": true
    },
    "trend_vector": {
        "rsi_14d": 37.53588697158514,
        "historical_prices": [
            123354.3,
            118383.1,
            117426.7,
            117487.5,
            117441.3,
            116260.0,
            112830.3,
            114262.7,
            112462.5,
            116817.9,
            115344.1,
            113456.1,
            110144.9,
            111829.3,
            111268.6,
            112563.7,
            108400.1,
            108750.0,
            108250.0,
            108140.0
        ],
        "price_change_percent": -0.3144326523237742
    },
    "singularity_score": 46,
    "narrative_vector": {
        "primary": "The objective remains unchanged. Awaiting a new catalyst.",
        "market": "Momentum is neutral (RSI: 37.5). The derivatives market is balanced.",
        "network": "The 5.60% difficulty adjustment indicates the security baseline is currently hardening."
    }
}