{
    "timestamp_utc": "2025-08-09T10:40:13.426966+00:00",
    "market_vector": {
        "price_usd": 117599.9
    },
    "mining_vector": {
        "difficulty_change_percent": -5.0294154892675635,
        "next_retarget_blocks": 1960
    },
    "monetary_vector": {
        "circulating_supply": 19903975.0,
        "current_block_reward": 3.125,
        "blocks_until_next_halving": 140728
    },
    "speculative_vector": {
        "open_interest": 0,
        "funding_rate": 0,
        "error": true
    },
    "trend_vector": {
        "rsi_14d": 56.33549615277566,
        "historical_prices": [
            117461.0,
            119977.5,
            118735.3,
            118386.9,
            117628.1,
            117937.5,
            119455.0,
            117979.7,
            117923.0,
            117820.7,
            115762.3,
            113290.2,
            112525.2,
            114224.1,
            115092.1,
            114115.0,
            115010.0,
            117498.1,
            116676.0,
            117599.9
        ],
        "price_change_percent": -0.1443492777016878
    },
    "singularity_score": 49,
    "narrative_vector": {
        "primary": "ECHO DETECTED: Current structure mirrors the 'Pre-Halving Lull.' A period of consolidation may precede a supply shock.",
        "market": "High-conviction pattern match. Standard market analysis suspended.",
        "network": "On-chain fundamentals are secondary to the recognized historical echo."
    }
}