{
    "timestamp_utc": "2025-10-20T02:51:44.789163+00:00",
    "market_vector": {
        "price_usd": 108939.8
    },
    "mining_vector": {
        "difficulty_change_percent": 6.720326269549681,
        "next_retarget_blocks": 1423
    },
    "monetary_vector": {
        "circulating_supply": 19937153.125,
        "current_block_reward": 3.125,
        "blocks_until_next_halving": 130111
    },
    "speculative_vector": {
        "open_interest": 0,
        "funding_rate": 0,
        "error": true
    },
    "trend_vector": {
        "rsi_14d": 40.606483654960634,
        "historical_prices": [
            118599.9,
            120649.9,
            122259.5,
            122426.4,
            123542.1,
            124766.5,
            121419.8,
            123329.7,
            121699.0,
            113000.1,
            110775.1,
            115125.3,
            115165.5,
            113106.2,
            110781.9,
            108182.3,
            106451.0,
            107199.0,
            108669.8,
            108939.7
        ],
        "price_change_percent": 0.8699991944451821
    },
    "singularity_score": 52,
    "narrative_vector": {
        "primary": "Financial energy is expanding. The market has chosen its short-term direction.",
        "market": "Momentum is neutral (RSI: 40.6). The derivatives market is balanced.",
        "network": "The 6.72% difficulty adjustment indicates the security baseline is currently hardening."
    }
}