{
    "timestamp_utc": "2025-10-05T06:58:58.358078+00:00",
    "market_vector": {
        "price_usd": 125018.4
    },
    "mining_vector": {
        "difficulty_change_percent": -9.354374562225553,
        "next_retarget_blocks": 1568
    },
    "monetary_vector": {
        "circulating_supply": 19930400.0,
        "current_block_reward": 3.125,
        "blocks_until_next_halving": 132272
    },
    "speculative_vector": {
        "open_interest": 0,
        "funding_rate": 0,
        "error": true
    },
    "trend_vector": {
        "rsi_14d": 73.05942837353479,
        "historical_prices": [
            116764.2,
            116469.0,
            117135.7,
            115677.2,
            115739.1,
            115298.9,
            112747.8,
            112001.5,
            113300.0,
            109049.8,
            109706.3,
            109720.5,
            112127.8,
            114365.2,
            113995.0,
            118599.9,
            120649.9,
            122259.5,
            122426.4,
            125038.8
        ],
        "price_change_percent": 0.033440802579264226
    },
    "singularity_score": 54,
    "narrative_vector": {
        "primary": "Market sentiment is overheated (RSI: 73). A correction is probable.",
        "market": "Momentum is neutral (RSI: 73.1). The derivatives market is balanced.",
        "network": "The -9.35% difficulty adjustment indicates the security baseline is holding steady."
    }
}