{
    "timestamp_utc": "2025-10-30T21:09:24.101033+00:00",
    "market_vector": {
        "price_usd": 107600.0
    },
    "mining_vector": {
        "difficulty_change_percent": -0.7324696561862964,
        "next_retarget_blocks": 1806
    },
    "monetary_vector": {
        "circulating_supply": 19942256.25,
        "current_block_reward": 3.125,
        "blocks_until_next_halving": 128478
    },
    "speculative_vector": {
        "open_interest": 0,
        "funding_rate": 0,
        "error": true
    },
    "trend_vector": {
        "rsi_14d": 40.429773832310055,
        "historical_prices": [
            110775.1,
            115125.3,
            115165.5,
            113106.2,
            110781.9,
            108182.3,
            106451.0,
            107199.0,
            108669.8,
            110574.4,
            108406.1,
            107644.1,
            110080.0,
            111000.0,
            111645.2,
            114509.9,
            114153.0,
            112918.0,
            110104.2,
            107599.9
        ],
        "price_change_percent": 0.26389182671475836
    },
    "singularity_score": 46,
    "narrative_vector": {
        "primary": "The objective remains unchanged. Awaiting a new catalyst.",
        "market": "Momentum is neutral (RSI: 40.4). The derivatives market is balanced.",
        "network": "The -0.73% difficulty adjustment indicates the security baseline is holding steady."
    }
}