{
    "timestamp_utc": "2025-07-18T09:52:24.369497+00:00",
    "market_vector": {
        "price_usd": 118987.9
    },
    "mining_vector": {
        "difficulty_change_percent": -1.4504952615416733,
        "next_retarget_blocks": 1135
    },
    "monetary_vector": {
        "circulating_supply": 19893953.125,
        "current_block_reward": 3.125,
        "blocks_until_next_halving": 143935
    },
    "speculative_vector": {
        "open_interest": 0,
        "funding_rate": 0,
        "error": true
    },
    "trend_vector": {
        "rsi_14d": 69.19603464803714,
        "historical_prices": [
            108387.2,
            107120.3,
            105700.1,
            108846.9,
            109631.0,
            108018.9,
            108249.5,
            109223.2,
            108282.1,
            108931.9,
            111323.7,
            115990.2,
            117532.6,
            117461.0,
            119102.1,
            119855.0,
            117741.0,
            118712.6,
            119321.0,
            118987.9
        ],
        "price_change_percent": 0.039683640671357316
    },
    "singularity_score": 57,
    "narrative_vector": {
        "primary": "The objective remains unchanged. Awaiting a new catalyst.",
        "market": "Momentum is neutral (RSI: 69.2). The derivatives market is balanced.",
        "network": "The -1.45% difficulty adjustment indicates the security baseline is holding steady."
    }
}