{
    "timestamp_utc": "2025-11-01T04:42:09.194058+00:00",
    "market_vector": {
        "price_usd": 110203.2
    },
    "mining_vector": {
        "difficulty_change_percent": -0.8601111487491875,
        "next_retarget_blocks": 1616
    },
    "monetary_vector": {
        "circulating_supply": 19942850.0,
        "current_block_reward": 3.125,
        "blocks_until_next_halving": 128288
    },
    "speculative_vector": {
        "open_interest": 0,
        "funding_rate": 0,
        "error": true
    },
    "trend_vector": {
        "rsi_14d": 46.08308329018385,
        "historical_prices": [
            115165.5,
            113106.2,
            110781.9,
            108182.3,
            106451.0,
            107199.0,
            108669.8,
            110574.4,
            108406.1,
            107644.1,
            110080.0,
            111000.0,
            111645.2,
            114509.9,
            114153.0,
            112918.0,
            110104.2,
            108302.7,
            109552.7,
            110203.2
        ],
        "price_change_percent": -0.010071288389987342
    },
    "singularity_score": 47,
    "narrative_vector": {
        "primary": "ECHO DETECTED: Current structure mirrors the 'Pre-Halving Lull.' A period of consolidation may precede a supply shock.",
        "market": "High-conviction pattern match. Standard market analysis suspended.",
        "network": "On-chain fundamentals are secondary to the recognized historical echo."
    }
}