{
    "timestamp_utc": "2025-07-30T19:26:52.882631+00:00",
    "market_vector": {
        "price_usd": 116285.2
    },
    "mining_vector": {
        "difficulty_change_percent": -4.676635313924804,
        "next_retarget_blocks": 1364
    },
    "monetary_vector": {
        "circulating_supply": 19899537.5,
        "current_block_reward": 3.125,
        "blocks_until_next_halving": 142148
    },
    "speculative_vector": {
        "open_interest": 0,
        "funding_rate": 0,
        "error": true
    },
    "trend_vector": {
        "rsi_14d": 51.67021173298441,
        "historical_prices": [
            117532.6,
            117461.0,
            119102.1,
            119855.0,
            117741.0,
            118712.6,
            119321.0,
            118011.9,
            117909.1,
            117319.1,
            117461.0,
            119977.5,
            118735.3,
            118386.9,
            117628.1,
            117937.5,
            119455.0,
            117979.7,
            117923.0,
            116290.4
        ],
        "price_change_percent": -0.022954492503691755
    },
    "singularity_score": 48,
    "narrative_vector": {
        "primary": "ECHO DETECTED: Current structure mirrors the 'Pre-Halving Lull.' A period of consolidation may precede a supply shock.",
        "market": "High-conviction pattern match. Standard market analysis suspended.",
        "network": "On-chain fundamentals are secondary to the recognized historical echo."
    }
}