{
    "timestamp_utc": "2025-09-09T23:12:20.404913+00:00",
    "market_vector": {
        "price_usd": 111507.8
    },
    "mining_vector": {
        "difficulty_change_percent": 7.198635209350179,
        "next_retarget_blocks": 1286
    },
    "monetary_vector": {
        "circulating_supply": 19918681.25,
        "current_block_reward": 3.125,
        "blocks_until_next_halving": 136022
    },
    "speculative_vector": {
        "open_interest": 0,
        "funding_rate": 0,
        "error": true
    },
    "trend_vector": {
        "rsi_14d": 47.40390059206818,
        "historical_prices": [
            112462.5,
            116817.9,
            115344.1,
            113456.1,
            110144.9,
            111829.3,
            111268.6,
            112563.7,
            108400.1,
            108750.0,
            108250.0,
            109263.5,
            111196.9,
            111771.1,
            110744.3,
            110647.8,
            110254.9,
            111152.8,
            112050.1,
            111507.8
        ],
        "price_change_percent": -0.030392221025853275
    },
    "singularity_score": 52,
    "narrative_vector": {
        "primary": "ECHO DETECTED: Current structure mirrors the 'Pre-Halving Lull.' A period of consolidation may precede a supply shock.",
        "market": "High-conviction pattern match. Standard market analysis suspended.",
        "network": "On-chain fundamentals are secondary to the recognized historical echo."
    }
}