{
    "timestamp_utc": "2025-09-26T18:54:20.720546+00:00",
    "market_vector": {
        "price_usd": 109882.1
    },
    "mining_vector": {
        "difficulty_change_percent": 5.040856303938601,
        "next_retarget_blocks": 781
    },
    "monetary_vector": {
        "circulating_supply": 19926559.375,
        "current_block_reward": 3.125,
        "blocks_until_next_halving": 133501
    },
    "speculative_vector": {
        "open_interest": 0,
        "funding_rate": 0,
        "error": true
    },
    "trend_vector": {
        "rsi_14d": 39.04739657062937,
        "historical_prices": [
            111152.8,
            112050.1,
            111541.0,
            113952.8,
            115500.0,
            116111.7,
            115949.1,
            115390.6,
            115374.9,
            116764.2,
            116469.0,
            117135.7,
            115677.2,
            115739.1,
            115298.9,
            112747.8,
            112001.5,
            113300.0,
            109049.8,
            109882.0
        ],
        "price_change_percent": -0.04511896488362383
    },
    "singularity_score": 48,
    "narrative_vector": {
        "primary": "The objective remains unchanged. Awaiting a new catalyst.",
        "market": "Momentum is neutral (RSI: 39.0). The derivatives market is balanced.",
        "network": "The 5.04% difficulty adjustment indicates the security baseline is currently hardening."
    }
}