{
    "timestamp_utc": "2025-10-04T14:41:14.649187+00:00",
    "market_vector": {
        "price_usd": 122333.3
    },
    "mining_vector": {
        "difficulty_change_percent": -7.981326538088462,
        "next_retarget_blocks": 1669
    },
    "monetary_vector": {
        "circulating_supply": 19930084.375,
        "current_block_reward": 3.125,
        "blocks_until_next_halving": 132373
    },
    "speculative_vector": {
        "open_interest": 0,
        "funding_rate": 0,
        "error": true
    },
    "trend_vector": {
        "rsi_14d": 69.13389669207896,
        "historical_prices": [
            115374.9,
            116764.2,
            116469.0,
            117135.7,
            115677.2,
            115739.1,
            115298.9,
            112747.8,
            112001.5,
            113300.0,
            109049.8,
            109706.3,
            109720.5,
            112127.8,
            114365.2,
            113995.0,
            118599.9,
            120649.9,
            122259.5,
            122333.3
        ],
        "price_change_percent": -0.03423896345010605
    },
    "singularity_score": 53,
    "narrative_vector": {
        "primary": "The objective remains unchanged. Awaiting a new catalyst.",
        "market": "Momentum is neutral (RSI: 69.1). The derivatives market is balanced.",
        "network": "The -7.98% difficulty adjustment indicates the security baseline is holding steady."
    }
}