{
    "timestamp_utc": "2025-10-01T13:37:43.983528+00:00",
    "market_vector": {
        "price_usd": 116700.0
    },
    "mining_vector": {
        "difficulty_change_percent": 5.896893065585473,
        "next_retarget_blocks": 42
    },
    "monetary_vector": {
        "circulating_supply": 19928868.75,
        "current_block_reward": 3.125,
        "blocks_until_next_halving": 132762
    },
    "speculative_vector": {
        "open_interest": 0,
        "funding_rate": 0,
        "error": true
    },
    "trend_vector": {
        "rsi_14d": 59.17127269882448,
        "historical_prices": [
            116111.7,
            115949.1,
            115390.6,
            115374.9,
            116764.2,
            116469.0,
            117135.7,
            115677.2,
            115739.1,
            115298.9,
            112747.8,
            112001.5,
            113300.0,
            109049.8,
            109706.3,
            109720.5,
            112127.8,
            114365.2,
            113995.0,
            116687.5
        ],
        "price_change_percent": 0.19913168623921407
    },
    "singularity_score": 57,
    "narrative_vector": {
        "primary": "ECHO DETECTED: Current structure mirrors the 'Pre-Halving Lull.' A period of consolidation may precede a supply shock.",
        "market": "High-conviction pattern match. Standard market analysis suspended.",
        "network": "On-chain fundamentals are secondary to the recognized historical echo."
    }
}