{
    "timestamp_utc": "2025-08-28T18:42:51.916783+00:00",
    "market_vector": {
        "price_usd": 112634.8
    },
    "mining_vector": {
        "difficulty_change_percent": 5.580250973299572,
        "next_retarget_blocks": 1118
    },
    "monetary_vector": {
        "circulating_supply": 19912906.25,
        "current_block_reward": 3.125,
        "blocks_until_next_halving": 137870
    },
    "speculative_vector": {
        "open_interest": 0,
        "funding_rate": 0,
        "error": true
    },
    "trend_vector": {
        "rsi_14d": 44.949280246188565,
        "historical_prices": [
            116467.4,
            119288.4,
            118724.5,
            120172.0,
            123354.3,
            118383.1,
            117426.7,
            117487.5,
            117441.3,
            116260.0,
            112830.3,
            114262.7,
            112462.5,
            116817.9,
            115344.1,
            113456.1,
            110144.9,
            111829.3,
            111268.6,
            112634.7
        ],
        "price_change_percent": 0.3231440814665138
    },
    "singularity_score": 51,
    "narrative_vector": {
        "primary": "The objective remains unchanged. Awaiting a new catalyst.",
        "market": "Momentum is neutral (RSI: 44.9). The derivatives market is balanced.",
        "network": "The 5.58% difficulty adjustment indicates the security baseline is currently hardening."
    }
}