{
    "timestamp_utc": "2025-08-27T15:12:14.413306+00:00",
    "market_vector": {
        "price_usd": 112000.0
    },
    "mining_vector": {
        "difficulty_change_percent": 4.308555195396435,
        "next_retarget_blocks": 1301
    },
    "monetary_vector": {
        "circulating_supply": 19912334.375,
        "current_block_reward": 3.125,
        "blocks_until_next_halving": 138053
    },
    "speculative_vector": {
        "open_interest": 0,
        "funding_rate": 0,
        "error": true
    },
    "trend_vector": {
        "rsi_14d": 42.99679488965569,
        "historical_prices": [
            116676.0,
            116467.4,
            119288.4,
            118724.5,
            120172.0,
            123354.3,
            118383.1,
            117426.7,
            117487.5,
            117441.3,
            116260.0,
            112830.3,
            114262.7,
            112462.5,
            116817.9,
            115344.1,
            113456.1,
            110144.9,
            111829.3,
            111999.9
        ],
        "price_change_percent": -0.13374956197018456
    },
    "singularity_score": 48,
    "narrative_vector": {
        "primary": "The objective remains unchanged. Awaiting a new catalyst.",
        "market": "Momentum is neutral (RSI: 43.0). The derivatives market is balanced.",
        "network": "The 4.31% difficulty adjustment indicates the security baseline is currently hardening."
    }
}