{
    "timestamp_utc": "2025-08-14T05:45:31.747139+00:00",
    "market_vector": {
        "price_usd": 122643.3
    },
    "mining_vector": {
        "difficulty_change_percent": -3.522631012861499,
        "next_retarget_blocks": 1271
    },
    "monetary_vector": {
        "circulating_supply": 19906128.125,
        "current_block_reward": 3.125,
        "blocks_until_next_halving": 140039
    },
    "speculative_vector": {
        "open_interest": 0,
        "funding_rate": 0,
        "error": true
    },
    "trend_vector": {
        "rsi_14d": 65.97719333575832,
        "historical_prices": [
            117937.5,
            119455.0,
            117979.7,
            117923.0,
            117820.7,
            115762.3,
            113290.2,
            112525.2,
            114224.1,
            115092.1,
            114115.0,
            115010.0,
            117498.1,
            116676.0,
            116467.4,
            119288.4,
            118724.5,
            120172.0,
            123354.3,
            122685.1
        ],
        "price_change_percent": -0.17493883243382227
    },
    "singularity_score": 54,
    "narrative_vector": {
        "primary": "The objective remains unchanged. Awaiting a new catalyst.",
        "market": "Momentum is neutral (RSI: 66.0). The derivatives market is balanced.",
        "network": "The -3.52% difficulty adjustment indicates the security baseline is holding steady."
    }
}