{
    "timestamp_utc": "2025-10-07T02:17:07.542361+00:00",
    "market_vector": {
        "price_usd": 124652.8
    },
    "mining_vector": {
        "difficulty_change_percent": -8.57379071357739,
        "next_retarget_blocks": 1324
    },
    "monetary_vector": {
        "circulating_supply": 19931162.5,
        "current_block_reward": 3.125,
        "blocks_until_next_halving": 132028
    },
    "speculative_vector": {
        "open_interest": 0,
        "funding_rate": 0,
        "error": true
    },
    "trend_vector": {
        "rsi_14d": 72.37822788159876,
        "historical_prices": [
            117135.7,
            115677.2,
            115739.1,
            115298.9,
            112747.8,
            112001.5,
            113300.0,
            109049.8,
            109706.3,
            109720.5,
            112127.8,
            114365.2,
            113995.0,
            118599.9,
            120649.9,
            122259.5,
            122426.4,
            123542.1,
            124766.5,
            124652.9
        ],
        "price_change_percent": -0.1883285917553487
    },
    "singularity_score": 54,
    "narrative_vector": {
        "primary": "Market sentiment is overheated (RSI: 72). A correction is probable.",
        "market": "Momentum is neutral (RSI: 72.4). The derivatives market is balanced.",
        "network": "The -8.57% difficulty adjustment indicates the security baseline is holding steady."
    }
}