{
    "timestamp_utc": "2025-08-22T07:34:59.019254+00:00",
    "market_vector": {
        "price_usd": 113166.2
    },
    "mining_vector": {
        "difficulty_change_percent": -0.31952842012477056,
        "next_retarget_blocks": 87
    },
    "monetary_vector": {
        "circulating_supply": 19909828.125,
        "current_block_reward": 3.125,
        "blocks_until_next_halving": 138855
    },
    "speculative_vector": {
        "open_interest": 0,
        "funding_rate": 0,
        "error": true
    },
    "trend_vector": {
        "rsi_14d": 42.446766434116334,
        "historical_prices": [
            114224.1,
            115092.1,
            114115.0,
            115010.0,
            117498.1,
            116676.0,
            116467.4,
            119288.4,
            118724.5,
            120172.0,
            123354.3,
            118383.1,
            117426.7,
            117487.5,
            117441.3,
            116260.0,
            112830.3,
            114262.7,
            112462.5,
            113166.1
        ],
        "price_change_percent": 0.15700685112759838
    },
    "singularity_score": 47,
    "narrative_vector": {
        "primary": "The objective remains unchanged. Awaiting a new catalyst.",
        "market": "Momentum is neutral (RSI: 42.4). The derivatives market is balanced.",
        "network": "The -0.32% difficulty adjustment indicates the security baseline is holding steady."
    }
}