{
    "timestamp_utc": "2025-09-06T14:45:01.046556+00:00",
    "market_vector": {
        "price_usd": 110875.9
    },
    "mining_vector": {
        "difficulty_change_percent": -8.587876082832647,
        "next_retarget_blocks": 1835
    },
    "monetary_vector": {
        "circulating_supply": 19916965.625,
        "current_block_reward": 3.125,
        "blocks_until_next_halving": 136571
    },
    "speculative_vector": {
        "open_interest": 0,
        "funding_rate": 0,
        "error": true
    },
    "trend_vector": {
        "rsi_14d": 45.124621118050996,
        "historical_prices": [
            116260.0,
            112830.3,
            114262.7,
            112462.5,
            116817.9,
            115344.1,
            113456.1,
            110144.9,
            111829.3,
            111268.6,
            112563.7,
            108400.1,
            108750.0,
            108250.0,
            109263.5,
            111196.9,
            111771.1,
            110744.3,
            110647.8,
            110875.9
        ],
        "price_change_percent": -0.024165326903675847
    },
    "singularity_score": 43,
    "narrative_vector": {
        "primary": "ECHO DETECTED: Current structure mirrors the 'Pre-Halving Lull.' A period of consolidation may precede a supply shock.",
        "market": "High-conviction pattern match. Standard market analysis suspended.",
        "network": "On-chain fundamentals are secondary to the recognized historical echo."
    }
}