{
    "timestamp_utc": "2025-10-31T08:21:04.419625+00:00",
    "market_vector": {
        "price_usd": 109510.3
    },
    "mining_vector": {
        "difficulty_change_percent": -0.8577850969974987,
        "next_retarget_blocks": 1741
    },
    "monetary_vector": {
        "circulating_supply": 19942459.375,
        "current_block_reward": 3.125,
        "blocks_until_next_halving": 128413
    },
    "speculative_vector": {
        "open_interest": 0,
        "funding_rate": 0,
        "error": true
    },
    "trend_vector": {
        "rsi_14d": 44.44659741417316,
        "historical_prices": [
            115125.3,
            115165.5,
            113106.2,
            110781.9,
            108182.3,
            106451.0,
            107199.0,
            108669.8,
            110574.4,
            108406.1,
            107644.1,
            110080.0,
            111000.0,
            111645.2,
            114509.9,
            114153.0,
            112918.0,
            110104.2,
            108302.7,
            109510.3
        ],
        "price_change_percent": 0.2191802384534569
    },
    "singularity_score": 48,
    "narrative_vector": {
        "primary": "The objective remains unchanged. Awaiting a new catalyst.",
        "market": "Momentum is neutral (RSI: 44.4). The derivatives market is balanced.",
        "network": "The -0.86% difficulty adjustment indicates the security baseline is holding steady."
    }
}