{
    "timestamp_utc": "2025-09-26T23:22:44.051366+00:00",
    "market_vector": {
        "price_usd": 109591.5
    },
    "mining_vector": {
        "difficulty_change_percent": 4.858644398745371,
        "next_retarget_blocks": 755
    },
    "monetary_vector": {
        "circulating_supply": 19926640.625,
        "current_block_reward": 3.125,
        "blocks_until_next_halving": 133475
    },
    "speculative_vector": {
        "open_interest": 0,
        "funding_rate": 0,
        "error": true
    },
    "trend_vector": {
        "rsi_14d": 38.010527391850445,
        "historical_prices": [
            111152.8,
            112050.1,
            111541.0,
            113952.8,
            115500.0,
            116111.7,
            115949.1,
            115390.6,
            115374.9,
            116764.2,
            116469.0,
            117135.7,
            115677.2,
            115739.1,
            115298.9,
            112747.8,
            112001.5,
            113300.0,
            109049.8,
            109590.0
        ],
        "price_change_percent": -0.004014803676094927
    },
    "singularity_score": 47,
    "narrative_vector": {
        "primary": "The objective remains unchanged. Awaiting a new catalyst.",
        "market": "Momentum is neutral (RSI: 38.0). The derivatives market is balanced.",
        "network": "The 4.86% difficulty adjustment indicates the security baseline is currently hardening."
    }
}