{
    "timestamp_utc": "2025-08-30T08:59:42.117392+00:00",
    "market_vector": {
        "price_usd": 108549.0
    },
    "mining_vector": {
        "difficulty_change_percent": 5.903626158658137,
        "next_retarget_blocks": 872
    },
    "monetary_vector": {
        "circulating_supply": 19913675.0,
        "current_block_reward": 3.125,
        "blocks_until_next_halving": 137624
    },
    "speculative_vector": {
        "open_interest": 0,
        "funding_rate": 0,
        "error": true
    },
    "trend_vector": {
        "rsi_14d": 38.044480074120685,
        "historical_prices": [
            118724.5,
            120172.0,
            123354.3,
            118383.1,
            117426.7,
            117487.5,
            117441.3,
            116260.0,
            112830.3,
            114262.7,
            112462.5,
            116817.9,
            115344.1,
            113456.1,
            110144.9,
            111829.3,
            111268.6,
            112563.7,
            108400.1,
            108549.0
        ],
        "price_change_percent": -0.030944184427344545
    },
    "singularity_score": 48,
    "narrative_vector": {
        "primary": "The objective remains unchanged. Awaiting a new catalyst.",
        "market": "Momentum is neutral (RSI: 38.0). The derivatives market is balanced.",
        "network": "The 5.90% difficulty adjustment indicates the security baseline is currently hardening."
    }
}