{
    "timestamp_utc": "2025-08-28T15:33:37.346802+00:00",
    "market_vector": {
        "price_usd": 112714.0
    },
    "mining_vector": {
        "difficulty_change_percent": 5.337331694485692,
        "next_retarget_blocks": 1140
    },
    "monetary_vector": {
        "circulating_supply": 19912837.5,
        "current_block_reward": 3.125,
        "blocks_until_next_halving": 137892
    },
    "speculative_vector": {
        "open_interest": 0,
        "funding_rate": 0,
        "error": true
    },
    "trend_vector": {
        "rsi_14d": 45.06587596132112,
        "historical_prices": [
            116467.4,
            119288.4,
            118724.5,
            120172.0,
            123354.3,
            118383.1,
            117426.7,
            117487.5,
            117441.3,
            116260.0,
            112830.3,
            114262.7,
            112462.5,
            116817.9,
            115344.1,
            113456.1,
            110144.9,
            111829.3,
            111268.6,
            112685.2
        ],
        "price_change_percent": -0.34613704338475754
    },
    "singularity_score": 49,
    "narrative_vector": {
        "primary": "ECHO DETECTED: Current structure mirrors the 'Pre-Halving Lull.' A period of consolidation may precede a supply shock.",
        "market": "High-conviction pattern match. Standard market analysis suspended.",
        "network": "On-chain fundamentals are secondary to the recognized historical echo."
    }
}