{
    "timestamp_utc": "2025-10-11T06:57:07.087493+00:00",
    "market_vector": {
        "price_usd": 112240.0
    },
    "mining_vector": {
        "difficulty_change_percent": -8.075570887171079,
        "next_retarget_blocks": 765
    },
    "monetary_vector": {
        "circulating_supply": 19932909.375,
        "current_block_reward": 3.125,
        "blocks_until_next_halving": 131469
    },
    "speculative_vector": {
        "open_interest": 0,
        "funding_rate": 0,
        "error": true
    },
    "trend_vector": {
        "rsi_14d": 40.91357105654567,
        "historical_prices": [
            112747.8,
            112001.5,
            113300.0,
            109049.8,
            109706.3,
            109720.5,
            112127.8,
            114365.2,
            113995.0,
            118599.9,
            120649.9,
            122259.5,
            122426.4,
            123542.1,
            124766.5,
            121419.8,
            123329.7,
            121699.0,
            113000.1,
            112240.0
        ],
        "price_change_percent": -0.13426353912994218
    },
    "singularity_score": 41,
    "narrative_vector": {
        "primary": "The objective remains unchanged. Awaiting a new catalyst.",
        "market": "Momentum is neutral (RSI: 40.9). The derivatives market is balanced.",
        "network": "The -8.08% difficulty adjustment indicates the security baseline is holding steady."
    }
}