{
    "timestamp_utc": "2025-10-18T09:51:21.548670+00:00",
    "market_vector": {
        "price_usd": 106816.4
    },
    "mining_vector": {
        "difficulty_change_percent": 5.9880633012601825,
        "next_retarget_blocks": 1687
    },
    "monetary_vector": {
        "circulating_supply": 19936328.125,
        "current_block_reward": 3.125,
        "blocks_until_next_halving": 130375
    },
    "speculative_vector": {
        "open_interest": 0,
        "funding_rate": 0,
        "error": true
    },
    "trend_vector": {
        "rsi_14d": 35.73847521434641,
        "historical_prices": [
            114365.2,
            113995.0,
            118599.9,
            120649.9,
            122259.5,
            122426.4,
            123542.1,
            124766.5,
            121419.8,
            123329.7,
            121699.0,
            113000.1,
            110775.1,
            115125.3,
            115165.5,
            113106.2,
            110781.9,
            108182.3,
            106451.0,
            106816.3
        ],
        "price_change_percent": -9.361858290606017e-05
    },
    "singularity_score": 47,
    "narrative_vector": {
        "primary": "The objective remains unchanged. Awaiting a new catalyst.",
        "market": "Momentum is neutral (RSI: 35.7). The derivatives market is balanced.",
        "network": "The 5.99% difficulty adjustment indicates the security baseline is currently hardening."
    }
}