{
    "timestamp_utc": "2025-10-06T08:46:20.536733+00:00",
    "market_vector": {
        "price_usd": 123771.1
    },
    "mining_vector": {
        "difficulty_change_percent": -7.031597004181278,
        "next_retarget_blocks": 1410
    },
    "monetary_vector": {
        "circulating_supply": 19930893.75,
        "current_block_reward": 3.125,
        "blocks_until_next_halving": 132114
    },
    "speculative_vector": {
        "open_interest": 0,
        "funding_rate": 0,
        "error": true
    },
    "trend_vector": {
        "rsi_14d": 71.37306072935598,
        "historical_prices": [
            116469.0,
            117135.7,
            115677.2,
            115739.1,
            115298.9,
            112747.8,
            112001.5,
            113300.0,
            109049.8,
            109706.3,
            109720.5,
            112127.8,
            114365.2,
            113995.0,
            118599.9,
            120649.9,
            122259.5,
            122426.4,
            123542.1,
            123771.1
        ],
        "price_change_percent": 0.03645151382894931
    },
    "singularity_score": 55,
    "narrative_vector": {
        "primary": "Market sentiment is overheated (RSI: 71). A correction is probable.",
        "market": "Momentum is neutral (RSI: 71.4). The derivatives market is balanced.",
        "network": "The -7.03% difficulty adjustment indicates the security baseline is holding steady."
    }
}