{
    "timestamp_utc": "2025-08-30T18:24:06.709839+00:00",
    "market_vector": {
        "price_usd": 108679.4
    },
    "mining_vector": {
        "difficulty_change_percent": 7.066412528000909,
        "next_retarget_blocks": 799
    },
    "monetary_vector": {
        "circulating_supply": 19913903.125,
        "current_block_reward": 3.125,
        "blocks_until_next_halving": 137551
    },
    "speculative_vector": {
        "open_interest": 0,
        "funding_rate": 0,
        "error": true
    },
    "trend_vector": {
        "rsi_14d": 38.37289793249679,
        "historical_prices": [
            118724.5,
            120172.0,
            123354.3,
            118383.1,
            117426.7,
            117487.5,
            117441.3,
            116260.0,
            112830.3,
            114262.7,
            112462.5,
            116817.9,
            115344.1,
            113456.1,
            110144.9,
            111829.3,
            111268.6,
            112563.7,
            108400.1,
            108679.4
        ],
        "price_change_percent": -0.05352334427098965
    },
    "singularity_score": 48,
    "narrative_vector": {
        "primary": "The objective remains unchanged. Awaiting a new catalyst.",
        "market": "Momentum is neutral (RSI: 38.4). The derivatives market is balanced.",
        "network": "The 7.07% difficulty adjustment indicates the security baseline is currently hardening."
    }
}