{
    "timestamp_utc": "2025-10-11T23:12:08.342936+00:00",
    "market_vector": {
        "price_usd": 111120.0
    },
    "mining_vector": {
        "difficulty_change_percent": -6.953798929763144,
        "next_retarget_blocks": 659
    },
    "monetary_vector": {
        "circulating_supply": 19933240.625,
        "current_block_reward": 3.125,
        "blocks_until_next_halving": 131363
    },
    "speculative_vector": {
        "open_interest": 0,
        "funding_rate": 0,
        "error": true
    },
    "trend_vector": {
        "rsi_14d": 39.32637124130955,
        "historical_prices": [
            112747.8,
            112001.5,
            113300.0,
            109049.8,
            109706.3,
            109720.5,
            112127.8,
            114365.2,
            113995.0,
            118599.9,
            120649.9,
            122259.5,
            122426.4,
            123542.1,
            124766.5,
            121419.8,
            123329.7,
            121699.0,
            113000.1,
            111120.0
        ],
        "price_change_percent": -0.13489697591716537
    },
    "singularity_score": 41,
    "narrative_vector": {
        "primary": "The objective remains unchanged. Awaiting a new catalyst.",
        "market": "Momentum is neutral (RSI: 39.3). The derivatives market is balanced.",
        "network": "The -6.95% difficulty adjustment indicates the security baseline is holding steady."
    }
}