{
    "timestamp_utc": "2025-10-15T08:27:48.633441+00:00",
    "market_vector": {
        "price_usd": 113129.9
    },
    "mining_vector": {
        "difficulty_change_percent": -3.238563506968628,
        "next_retarget_blocks": 133
    },
    "monetary_vector": {
        "circulating_supply": 19934884.375,
        "current_block_reward": 3.125,
        "blocks_until_next_halving": 130837
    },
    "speculative_vector": {
        "open_interest": 0,
        "funding_rate": 0,
        "error": true
    },
    "trend_vector": {
        "rsi_14d": 44.0950018368718,
        "historical_prices": [
            109706.3,
            109720.5,
            112127.8,
            114365.2,
            113995.0,
            118599.9,
            120649.9,
            122259.5,
            122426.4,
            123542.1,
            124766.5,
            121419.8,
            123329.7,
            121699.0,
            113000.1,
            110775.1,
            115125.3,
            115165.5,
            113106.2,
            113129.9
        ],
        "price_change_percent": 0.48809561877555957
    },
    "singularity_score": 47,
    "narrative_vector": {
        "primary": "The objective remains unchanged. Awaiting a new catalyst.",
        "market": "Momentum is neutral (RSI: 44.1). The derivatives market is balanced.",
        "network": "The -3.24% difficulty adjustment indicates the security baseline is holding steady."
    }
}