{
    "timestamp_utc": "2025-09-24T02:18:35.435251+00:00",
    "market_vector": {
        "price_usd": 112117.4
    },
    "mining_vector": {
        "difficulty_change_percent": 7.46306485167858,
        "next_retarget_blocks": 1169
    },
    "monetary_vector": {
        "circulating_supply": 19925346.875,
        "current_block_reward": 3.125,
        "blocks_until_next_halving": 133889
    },
    "speculative_vector": {
        "open_interest": 0,
        "funding_rate": 0,
        "error": true
    },
    "trend_vector": {
        "rsi_14d": 42.58356665823745,
        "historical_prices": [
            110647.8,
            110254.9,
            111152.8,
            112050.1,
            111541.0,
            113952.8,
            115500.0,
            116111.7,
            115949.1,
            115390.6,
            115374.9,
            116764.2,
            116469.0,
            117135.7,
            115677.2,
            115739.1,
            115298.9,
            112747.8,
            112001.5,
            112117.4
        ],
        "price_change_percent": -0.13343167015833912
    },
    "singularity_score": 50,
    "narrative_vector": {
        "primary": "The objective remains unchanged. Awaiting a new catalyst.",
        "market": "Momentum is neutral (RSI: 42.6). The derivatives market is balanced.",
        "network": "The 7.46% difficulty adjustment indicates the security baseline is currently hardening."
    }
}