{
    "timestamp_utc": "2025-07-17T04:00:15.246020+00:00",
    "market_vector": {
        "price_usd": 118130.8
    },
    "mining_vector": {
        "difficulty_change_percent": -0.8056629255344006,
        "next_retarget_blocks": 1307
    },
    "monetary_vector": {
        "circulating_supply": 19893415.625,
        "current_block_reward": 3.125,
        "blocks_until_next_halving": 144107
    },
    "speculative_vector": {
        "open_interest": 0,
        "funding_rate": 0,
        "error": true
    },
    "trend_vector": {
        "rsi_14d": 67.35332947910881,
        "historical_prices": [
            107325.1,
            108387.2,
            107120.3,
            105700.1,
            108846.9,
            109631.0,
            108018.9,
            108249.5,
            109223.2,
            108282.1,
            108931.9,
            111323.7,
            115990.2,
            117532.6,
            117461.0,
            119102.1,
            119855.0,
            117741.0,
            118712.6,
            118130.7
        ],
        "price_change_percent": 0.05869827056091399
    },
    "singularity_score": 56,
    "narrative_vector": {
        "primary": "The objective remains unchanged. Awaiting a new catalyst.",
        "market": "Momentum is neutral (RSI: 67.4). The derivatives market is balanced.",
        "network": "The -0.81% difficulty adjustment indicates the security baseline is holding steady."
    }
}