{
    "timestamp_utc": "2025-10-03T09:31:15.580380+00:00",
    "market_vector": {
        "price_usd": 120385.1
    },
    "mining_vector": {
        "difficulty_change_percent": -1.61800754078687,
        "next_retarget_blocks": 1812
    },
    "monetary_vector": {
        "circulating_supply": 19929637.5,
        "current_block_reward": 3.125,
        "blocks_until_next_halving": 132516
    },
    "speculative_vector": {
        "open_interest": 0,
        "funding_rate": 0,
        "error": true
    },
    "trend_vector": {
        "rsi_14d": 65.62178050113613,
        "historical_prices": [
            115390.6,
            115374.9,
            116764.2,
            116469.0,
            117135.7,
            115677.2,
            115739.1,
            115298.9,
            112747.8,
            112001.5,
            113300.0,
            109049.8,
            109706.3,
            109720.5,
            112127.8,
            114365.2,
            113995.0,
            118599.9,
            120649.9,
            120385.1
        ],
        "price_change_percent": 0.14482867624427534
    },
    "singularity_score": 55,
    "narrative_vector": {
        "primary": "The objective remains unchanged. Awaiting a new catalyst.",
        "market": "Momentum is neutral (RSI: 65.6). The derivatives market is balanced.",
        "network": "The -1.62% difficulty adjustment indicates the security baseline is holding steady."
    }
}