{
    "timestamp_utc": "2025-09-01T20:10:49.113341+00:00",
    "market_vector": {
        "price_usd": 109119.0
    },
    "mining_vector": {
        "difficulty_change_percent": 5.759077247989608,
        "next_retarget_blocks": 498
    },
    "monetary_vector": {
        "circulating_supply": 19914843.75,
        "current_block_reward": 3.125,
        "blocks_until_next_halving": 137250
    },
    "speculative_vector": {
        "open_interest": 0,
        "funding_rate": 0,
        "error": true
    },
    "trend_vector": {
        "rsi_14d": 40.11955515184466,
        "historical_prices": [
            123354.3,
            118383.1,
            117426.7,
            117487.5,
            117441.3,
            116260.0,
            112830.3,
            114262.7,
            112462.5,
            116817.9,
            115344.1,
            113456.1,
            110144.9,
            111829.3,
            111268.6,
            112563.7,
            108400.1,
            108750.0,
            108250.0,
            109118.9
        ],
        "price_change_percent": -0.06282770463652508
    },
    "singularity_score": 48,
    "narrative_vector": {
        "primary": "The objective remains unchanged. Awaiting a new catalyst.",
        "market": "Momentum is neutral (RSI: 40.1). The derivatives market is balanced.",
        "network": "The 5.76% difficulty adjustment indicates the security baseline is currently hardening."
    }
}