{
    "timestamp_utc": "2025-09-04T10:37:42.391552+00:00",
    "market_vector": {
        "price_usd": 111034.6
    },
    "mining_vector": {
        "difficulty_change_percent": 5.46824310706131,
        "next_retarget_blocks": 107
    },
    "monetary_vector": {
        "circulating_supply": 19916065.625,
        "current_block_reward": 3.125,
        "blocks_until_next_halving": 136859
    },
    "speculative_vector": {
        "open_interest": 0,
        "funding_rate": 0,
        "error": true
    },
    "trend_vector": {
        "rsi_14d": 45.27954465212896,
        "historical_prices": [
            117487.5,
            117441.3,
            116260.0,
            112830.3,
            114262.7,
            112462.5,
            116817.9,
            115344.1,
            113456.1,
            110144.9,
            111829.3,
            111268.6,
            112563.7,
            108400.1,
            108750.0,
            108250.0,
            109263.5,
            111196.9,
            111771.1,
            111034.7
        ],
        "price_change_percent": 0.06497684805510258
    },
    "singularity_score": 51,
    "narrative_vector": {
        "primary": "ECHO DETECTED: Current structure mirrors the 'Pre-Halving Lull.' A period of consolidation may precede a supply shock.",
        "market": "High-conviction pattern match. Standard market analysis suspended.",
        "network": "On-chain fundamentals are secondary to the recognized historical echo."
    }
}