{
    "timestamp_utc": "2025-07-17T03:20:15.318546+00:00",
    "market_vector": {
        "price_usd": 117973.7
    },
    "mining_vector": {
        "difficulty_change_percent": -0.6696951248068239,
        "next_retarget_blocks": 1310
    },
    "monetary_vector": {
        "circulating_supply": 19893406.25,
        "current_block_reward": 3.125,
        "blocks_until_next_halving": 144110
    },
    "speculative_vector": {
        "open_interest": 0,
        "funding_rate": 0,
        "error": true
    },
    "trend_vector": {
        "rsi_14d": 66.78773556597972,
        "historical_prices": [
            107325.1,
            108387.2,
            107120.3,
            105700.1,
            108846.9,
            109631.0,
            108018.9,
            108249.5,
            109223.2,
            108282.1,
            108931.9,
            111323.7,
            115990.2,
            117532.6,
            117461.0,
            119102.1,
            119855.0,
            117741.0,
            118712.6,
            117973.6
        ],
        "price_change_percent": -0.06912020817379605
    },
    "singularity_score": 56,
    "narrative_vector": {
        "primary": "The objective remains unchanged. Awaiting a new catalyst.",
        "market": "Momentum is neutral (RSI: 66.8). The derivatives market is balanced.",
        "network": "The -0.67% difficulty adjustment indicates the security baseline is holding steady."
    }
}