{
    "timestamp_utc": "2025-08-11T19:46:09.489104+00:00",
    "market_vector": {
        "price_usd": 119137.3
    },
    "mining_vector": {
        "difficulty_change_percent": -8.053131811563041,
        "next_retarget_blocks": 1629
    },
    "monetary_vector": {
        "circulating_supply": 19905009.375,
        "current_block_reward": 3.125,
        "blocks_until_next_halving": 140397
    },
    "speculative_vector": {
        "open_interest": 0,
        "funding_rate": 0,
        "error": true
    },
    "trend_vector": {
        "rsi_14d": 60.074393132479635,
        "historical_prices": [
            118735.3,
            118386.9,
            117628.1,
            117937.5,
            119455.0,
            117979.7,
            117923.0,
            117820.7,
            115762.3,
            113290.2,
            112525.2,
            114224.1,
            115092.1,
            114115.0,
            115010.0,
            117498.1,
            116676.0,
            116467.4,
            119288.4,
            119137.3
        ],
        "price_change_percent": -0.21174284970027069
    },
    "singularity_score": 49,
    "narrative_vector": {
        "primary": "ECHO DETECTED: Current structure mirrors the 'Pre-Halving Lull.' A period of consolidation may precede a supply shock.",
        "market": "High-conviction pattern match. Standard market analysis suspended.",
        "network": "On-chain fundamentals are secondary to the recognized historical echo."
    }
}