{
    "timestamp_utc": "2025-07-17T19:30:22.501357+00:00",
    "market_vector": {
        "price_usd": 119712.8
    },
    "mining_vector": {
        "difficulty_change_percent": -0.46696038873524914,
        "next_retarget_blocks": 1212
    },
    "monetary_vector": {
        "circulating_supply": 19893712.5,
        "current_block_reward": 3.125,
        "blocks_until_next_halving": 144012
    },
    "speculative_vector": {
        "open_interest": 0,
        "funding_rate": 0,
        "error": true
    },
    "trend_vector": {
        "rsi_14d": 71.14081581224563,
        "historical_prices": [
            107325.1,
            108387.2,
            107120.3,
            105700.1,
            108846.9,
            109631.0,
            108018.9,
            108249.5,
            109223.2,
            108282.1,
            108931.9,
            111323.7,
            115990.2,
            117532.6,
            117461.0,
            119102.1,
            119855.0,
            117741.0,
            118712.6,
            119712.8
        ],
        "price_change_percent": -0.05193070340221006
    },
    "singularity_score": 58,
    "narrative_vector": {
        "primary": "Market sentiment is overheated (RSI: 71). A correction is probable.",
        "market": "Momentum is neutral (RSI: 71.1). The derivatives market is balanced.",
        "network": "The -0.47% difficulty adjustment indicates the security baseline is holding steady."
    }
}