{
    "timestamp_utc": "2025-09-02T01:13:18.668981+00:00",
    "market_vector": {
        "price_usd": 109238.3
    },
    "mining_vector": {
        "difficulty_change_percent": 5.896110892025286,
        "next_retarget_blocks": 464
    },
    "monetary_vector": {
        "circulating_supply": 19914950.0,
        "current_block_reward": 3.125,
        "blocks_until_next_halving": 137216
    },
    "speculative_vector": {
        "open_interest": 0,
        "funding_rate": 0,
        "error": true
    },
    "trend_vector": {
        "rsi_14d": 40.45190756919641,
        "historical_prices": [
            118383.1,
            117426.7,
            117487.5,
            117441.3,
            116260.0,
            112830.3,
            114262.7,
            112462.5,
            116817.9,
            115344.1,
            113456.1,
            110144.9,
            111829.3,
            111268.6,
            112563.7,
            108400.1,
            108750.0,
            108250.0,
            109263.5,
            109238.3
        ],
        "price_change_percent": 0.05880515616798956
    },
    "singularity_score": 49,
    "narrative_vector": {
        "primary": "The objective remains unchanged. Awaiting a new catalyst.",
        "market": "Momentum is neutral (RSI: 40.5). The derivatives market is balanced.",
        "network": "The 5.90% difficulty adjustment indicates the security baseline is currently hardening."
    }
}