{
    "timestamp_utc": "2025-08-13T17:31:37.662681+00:00",
    "market_vector": {
        "price_usd": 121812.3
    },
    "mining_vector": {
        "difficulty_change_percent": -5.694301887780984,
        "next_retarget_blocks": 1357
    },
    "monetary_vector": {
        "circulating_supply": 19905859.375,
        "current_block_reward": 3.125,
        "blocks_until_next_halving": 140125
    },
    "speculative_vector": {
        "open_interest": 0,
        "funding_rate": 0,
        "error": true
    },
    "trend_vector": {
        "rsi_14d": 65.6944682886963,
        "historical_prices": [
            117628.1,
            117937.5,
            119455.0,
            117979.7,
            117923.0,
            117820.7,
            115762.3,
            113290.2,
            112525.2,
            114224.1,
            115092.1,
            114115.0,
            115010.0,
            117498.1,
            116676.0,
            116467.4,
            119288.4,
            118724.5,
            120172.0,
            121812.2
        ],
        "price_change_percent": 0.11053792108167726
    },
    "singularity_score": 53,
    "narrative_vector": {
        "primary": "The objective remains unchanged. Awaiting a new catalyst.",
        "market": "Momentum is neutral (RSI: 65.7). The derivatives market is balanced.",
        "network": "The -5.69% difficulty adjustment indicates the security baseline is holding steady."
    }
}