{
    "timestamp_utc": "2025-10-07T07:35:28.424812+00:00",
    "market_vector": {
        "price_usd": 123872.1
    },
    "mining_vector": {
        "difficulty_change_percent": -7.700878255474864,
        "next_retarget_blocks": 1288
    },
    "monetary_vector": {
        "circulating_supply": 19931275.0,
        "current_block_reward": 3.125,
        "blocks_until_next_halving": 131992
    },
    "speculative_vector": {
        "open_interest": 0,
        "funding_rate": 0,
        "error": true
    },
    "trend_vector": {
        "rsi_14d": 69.4098567440117,
        "historical_prices": [
            117135.7,
            115677.2,
            115739.1,
            115298.9,
            112747.8,
            112001.5,
            113300.0,
            109049.8,
            109706.3,
            109720.5,
            112127.8,
            114365.2,
            113995.0,
            118599.9,
            120649.9,
            122259.5,
            122426.4,
            123542.1,
            124766.5,
            123872.1
        ],
        "price_change_percent": -0.02735944990556888
    },
    "singularity_score": 53,
    "narrative_vector": {
        "primary": "The objective remains unchanged. Awaiting a new catalyst.",
        "market": "Momentum is neutral (RSI: 69.4). The derivatives market is balanced.",
        "network": "The -7.70% difficulty adjustment indicates the security baseline is holding steady."
    }
}