{
    "timestamp_utc": "2025-08-21T18:31:42.235516+00:00",
    "market_vector": {
        "price_usd": 112411.8
    },
    "mining_vector": {
        "difficulty_change_percent": -0.31532723610968594,
        "next_retarget_blocks": 165
    },
    "monetary_vector": {
        "circulating_supply": 19909584.375,
        "current_block_reward": 3.125,
        "blocks_until_next_halving": 138933
    },
    "speculative_vector": {
        "open_interest": 0,
        "funding_rate": 0,
        "error": true
    },
    "trend_vector": {
        "rsi_14d": 40.288267511856056,
        "historical_prices": [
            112525.2,
            114224.1,
            115092.1,
            114115.0,
            115010.0,
            117498.1,
            116676.0,
            116467.4,
            119288.4,
            118724.5,
            120172.0,
            123354.3,
            118383.1,
            117426.7,
            117487.5,
            117441.3,
            116260.0,
            112830.3,
            114262.7,
            112411.8
        ],
        "price_change_percent": 0.04387584825898579
    },
    "singularity_score": 46,
    "narrative_vector": {
        "primary": "The objective remains unchanged. Awaiting a new catalyst.",
        "market": "Momentum is neutral (RSI: 40.3). The derivatives market is balanced.",
        "network": "The -0.32% difficulty adjustment indicates the security baseline is holding steady."
    }
}