{
    "timestamp_utc": "2025-09-28T08:54:57.994795+00:00",
    "market_vector": {
        "price_usd": 109554.4
    },
    "mining_vector": {
        "difficulty_change_percent": 5.428137187088078,
        "next_retarget_blocks": 536
    },
    "monetary_vector": {
        "circulating_supply": 19927325.0,
        "current_block_reward": 3.125,
        "blocks_until_next_halving": 133256
    },
    "speculative_vector": {
        "open_interest": 0,
        "funding_rate": 0,
        "error": true
    },
    "trend_vector": {
        "rsi_14d": 38.058276887198815,
        "historical_prices": [
            111541.0,
            113952.8,
            115500.0,
            116111.7,
            115949.1,
            115390.6,
            115374.9,
            116764.2,
            116469.0,
            117135.7,
            115677.2,
            115739.1,
            115298.9,
            112747.8,
            112001.5,
            113300.0,
            109049.8,
            109706.3,
            109720.5,
            109554.4
        ],
        "price_change_percent": 9.127893655590775e-05
    },
    "singularity_score": 47,
    "narrative_vector": {
        "primary": "The objective remains unchanged. Awaiting a new catalyst.",
        "market": "Momentum is neutral (RSI: 38.1). The derivatives market is balanced.",
        "network": "The 5.43% difficulty adjustment indicates the security baseline is currently hardening."
    }
}