{
    "timestamp_utc": "2025-08-19T10:57:32.622193+00:00",
    "market_vector": {
        "price_usd": 115435.6
    },
    "mining_vector": {
        "difficulty_change_percent": -0.02897235599919057,
        "next_retarget_blocks": 493
    },
    "monetary_vector": {
        "circulating_supply": 19908559.375,
        "current_block_reward": 3.125,
        "blocks_until_next_halving": 139261
    },
    "speculative_vector": {
        "open_interest": 0,
        "funding_rate": 0,
        "error": true
    },
    "trend_vector": {
        "rsi_14d": 45.71821830161013,
        "historical_prices": [
            115762.3,
            113290.2,
            112525.2,
            114224.1,
            115092.1,
            114115.0,
            115010.0,
            117498.1,
            116676.0,
            116467.4,
            119288.4,
            118724.5,
            120172.0,
            123354.3,
            118383.1,
            117426.7,
            117487.5,
            117441.3,
            116260.0,
            115435.5
        ],
        "price_change_percent": 0.04220586756890484
    },
    "singularity_score": 48,
    "narrative_vector": {
        "primary": "ECHO DETECTED: Current structure mirrors the 'Pre-Halving Lull.' A period of consolidation may precede a supply shock.",
        "market": "High-conviction pattern match. Standard market analysis suspended.",
        "network": "On-chain fundamentals are secondary to the recognized historical echo."
    }
}