{
    "timestamp_utc": "2025-10-03T21:54:02.198696+00:00",
    "market_vector": {
        "price_usd": 122237.2
    },
    "mining_vector": {
        "difficulty_change_percent": -4.1755114105046065,
        "next_retarget_blocks": 1752
    },
    "monetary_vector": {
        "circulating_supply": 19929825.0,
        "current_block_reward": 3.125,
        "blocks_until_next_halving": 132456
    },
    "speculative_vector": {
        "open_interest": 0,
        "funding_rate": 0,
        "error": true
    },
    "trend_vector": {
        "rsi_14d": 68.98695763259258,
        "historical_prices": [
            115390.6,
            115374.9,
            116764.2,
            116469.0,
            117135.7,
            115677.2,
            115739.1,
            115298.9,
            112747.8,
            112001.5,
            113300.0,
            109049.8,
            109706.3,
            109720.5,
            112127.8,
            114365.2,
            113995.0,
            118599.9,
            120649.9,
            122237.2
        ],
        "price_change_percent": 0.02626731617583167
    },
    "singularity_score": 55,
    "narrative_vector": {
        "primary": "The objective remains unchanged. Awaiting a new catalyst.",
        "market": "Momentum is neutral (RSI: 69.0). The derivatives market is balanced.",
        "network": "The -4.18% difficulty adjustment indicates the security baseline is holding steady."
    }
}