{
    "timestamp_utc": "2025-08-03T03:32:31.756334+00:00",
    "market_vector": {
        "price_usd": 113501.2
    },
    "mining_vector": {
        "difficulty_change_percent": -1.6816779889070155,
        "next_retarget_blocks": 871
    },
    "monetary_vector": {
        "circulating_supply": 19901078.125,
        "current_block_reward": 3.125,
        "blocks_until_next_halving": 141655
    },
    "speculative_vector": {
        "open_interest": 0,
        "funding_rate": 0,
        "error": true
    },
    "trend_vector": {
        "rsi_14d": 43.644766281978605,
        "historical_prices": [
            117741.0,
            118712.6,
            119321.0,
            118011.9,
            117909.1,
            117319.1,
            117461.0,
            119977.5,
            118735.3,
            118386.9,
            117628.1,
            117937.5,
            119455.0,
            117979.7,
            117923.0,
            117820.7,
            115762.3,
            113290.2,
            112525.2,
            113500.8
        ],
        "price_change_percent": 0.31003093239063445
    },
    "singularity_score": 47,
    "narrative_vector": {
        "primary": "The objective remains unchanged. Awaiting a new catalyst.",
        "market": "Momentum is neutral (RSI: 43.6). The derivatives market is balanced.",
        "network": "The -1.68% difficulty adjustment indicates the security baseline is holding steady."
    }
}