{
    "timestamp_utc": "2025-09-22T20:44:21.113546+00:00",
    "market_vector": {
        "price_usd": 112600.1
    },
    "mining_vector": {
        "difficulty_change_percent": 10.023650452846233,
        "next_retarget_blocks": 1344
    },
    "monetary_vector": {
        "circulating_supply": 19924800.0,
        "current_block_reward": 3.125,
        "blocks_until_next_halving": 134064
    },
    "speculative_vector": {
        "open_interest": 0,
        "funding_rate": 0,
        "error": true
    },
    "trend_vector": {
        "rsi_14d": 43.94123959652238,
        "historical_prices": [
            111771.1,
            110744.3,
            110647.8,
            110254.9,
            111152.8,
            112050.1,
            111541.0,
            113952.8,
            115500.0,
            116111.7,
            115949.1,
            115390.6,
            115374.9,
            116764.2,
            116469.0,
            117135.7,
            115677.2,
            115739.1,
            115298.9,
            112600.1
        ],
        "price_change_percent": 0.113806001666191
    },
    "singularity_score": 52,
    "narrative_vector": {
        "primary": "The objective remains unchanged. Awaiting a new catalyst.",
        "market": "Momentum is neutral (RSI: 43.9). The derivatives market is balanced.",
        "network": "The 10.02% difficulty adjustment indicates the security baseline is currently hardening."
    }
}