{
    "timestamp_utc": "2025-09-14T08:44:15.789783+00:00",
    "market_vector": {
        "price_usd": 115979.7
    },
    "mining_vector": {
        "difficulty_change_percent": 4.021980473066811,
        "next_retarget_blocks": 649
    },
    "monetary_vector": {
        "circulating_supply": 19920671.875,
        "current_block_reward": 3.125,
        "blocks_until_next_halving": 135385
    },
    "speculative_vector": {
        "open_interest": 0,
        "funding_rate": 0,
        "error": true
    },
    "trend_vector": {
        "rsi_14d": 59.05266118035752,
        "historical_prices": [
            111829.3,
            111268.6,
            112563.7,
            108400.1,
            108750.0,
            108250.0,
            109263.5,
            111196.9,
            111771.1,
            110744.3,
            110647.8,
            110254.9,
            111152.8,
            112050.1,
            111541.0,
            113952.8,
            115500.0,
            116111.7,
            115949.1,
            115979.7
        ],
        "price_change_percent": 0.05598939911037605
    },
    "singularity_score": 55,
    "narrative_vector": {
        "primary": "ECHO DETECTED: Current structure mirrors the 'Pre-Halving Lull.' A period of consolidation may precede a supply shock.",
        "market": "High-conviction pattern match. Standard market analysis suspended.",
        "network": "On-chain fundamentals are secondary to the recognized historical echo."
    }
}