{
    "timestamp_utc": "2025-10-23T07:18:43.201696+00:00",
    "market_vector": {
        "price_usd": 109866.8
    },
    "mining_vector": {
        "difficulty_change_percent": 5.388262177104819,
        "next_retarget_blocks": 947
    },
    "monetary_vector": {
        "circulating_supply": 19938640.625,
        "current_block_reward": 3.125,
        "blocks_until_next_halving": 129635
    },
    "speculative_vector": {
        "open_interest": 0,
        "funding_rate": 0,
        "error": true
    },
    "trend_vector": {
        "rsi_14d": 44.51588013257822,
        "historical_prices": [
            122426.4,
            123542.1,
            124766.5,
            121419.8,
            123329.7,
            121699.0,
            113000.1,
            110775.1,
            115125.3,
            115165.5,
            113106.2,
            110781.9,
            108182.3,
            106451.0,
            107199.0,
            108669.8,
            110574.4,
            108406.1,
            107644.1,
            109866.8
        ],
        "price_change_percent": -0.3295832989355928
    },
    "singularity_score": 49,
    "narrative_vector": {
        "primary": "The objective remains unchanged. Awaiting a new catalyst.",
        "market": "Momentum is neutral (RSI: 44.5). The derivatives market is balanced.",
        "network": "The 5.39% difficulty adjustment indicates the security baseline is currently hardening."
    }
}