{
    "timestamp_utc": "2025-07-28T17:53:08.995709+00:00",
    "market_vector": {
        "price_usd": 117708.0
    },
    "mining_vector": {
        "difficulty_change_percent": 4.665555014336853,
        "next_retarget_blocks": 1618
    },
    "monetary_vector": {
        "circulating_supply": 19898743.75,
        "current_block_reward": 3.125,
        "blocks_until_next_halving": 142402
    },
    "speculative_vector": {
        "open_interest": 0,
        "funding_rate": 0,
        "error": true
    },
    "trend_vector": {
        "rsi_14d": 57.081233558215956,
        "historical_prices": [
            111323.7,
            115990.2,
            117532.6,
            117461.0,
            119102.1,
            119855.0,
            117741.0,
            118712.6,
            119321.0,
            118011.9,
            117909.1,
            117319.1,
            117461.0,
            119977.5,
            118735.3,
            118386.9,
            117628.1,
            117937.5,
            119455.0,
            117708.0
        ],
        "price_change_percent": -0.1557362865547722
    },
    "singularity_score": 54,
    "narrative_vector": {
        "primary": "ECHO DETECTED: Current structure mirrors the 'Pre-Halving Lull.' A period of consolidation may precede a supply shock.",
        "market": "High-conviction pattern match. Standard market analysis suspended.",
        "network": "On-chain fundamentals are secondary to the recognized historical echo."
    }
}