{
    "timestamp_utc": "2025-10-03T17:23:48.080303+00:00",
    "market_vector": {
        "price_usd": 122687.2
    },
    "mining_vector": {
        "difficulty_change_percent": -2.204669506749013,
        "next_retarget_blocks": 1771
    },
    "monetary_vector": {
        "circulating_supply": 19929765.625,
        "current_block_reward": 3.125,
        "blocks_until_next_halving": 132475
    },
    "speculative_vector": {
        "open_interest": 0,
        "funding_rate": 0,
        "error": true
    },
    "trend_vector": {
        "rsi_14d": 69.67878000237525,
        "historical_prices": [
            115390.6,
            115374.9,
            116764.2,
            116469.0,
            117135.7,
            115677.2,
            115739.1,
            115298.9,
            112747.8,
            112001.5,
            113300.0,
            109049.8,
            109706.3,
            109720.5,
            112127.8,
            114365.2,
            113995.0,
            118599.9,
            120649.9,
            122725.0
        ],
        "price_change_percent": 0.5178851806864807
    },
    "singularity_score": 58,
    "narrative_vector": {
        "primary": "Financial energy is expanding. The market has chosen its short-term direction.",
        "market": "Momentum is neutral (RSI: 69.7). The derivatives market is balanced.",
        "network": "The -2.20% difficulty adjustment indicates the security baseline is holding steady."
    }
}