{
    "timestamp_utc": "2025-08-21T04:26:05.531055+00:00",
    "market_vector": {
        "price_usd": 113879.3
    },
    "mining_vector": {
        "difficulty_change_percent": -0.5805576624306696,
        "next_retarget_blocks": 254
    },
    "monetary_vector": {
        "circulating_supply": 19909306.25,
        "current_block_reward": 3.125,
        "blocks_until_next_halving": 139022
    },
    "speculative_vector": {
        "open_interest": 0,
        "funding_rate": 0,
        "error": true
    },
    "trend_vector": {
        "rsi_14d": 43.284403123323344,
        "historical_prices": [
            112525.2,
            114224.1,
            115092.1,
            114115.0,
            115010.0,
            117498.1,
            116676.0,
            116467.4,
            119288.4,
            118724.5,
            120172.0,
            123354.3,
            118383.1,
            117426.7,
            117487.5,
            117441.3,
            116260.0,
            112830.3,
            114262.7,
            113879.3
        ],
        "price_change_percent": -0.1757541650669093
    },
    "singularity_score": 46,
    "narrative_vector": {
        "primary": "The objective remains unchanged. Awaiting a new catalyst.",
        "market": "Momentum is neutral (RSI: 43.3). The derivatives market is balanced.",
        "network": "The -0.58% difficulty adjustment indicates the security baseline is holding steady."
    }
}