{
    "timestamp_utc": "2025-10-15T16:37:30.279807+00:00",
    "market_vector": {
        "price_usd": 110885.0
    },
    "mining_vector": {
        "difficulty_change_percent": -2.907108789461743,
        "next_retarget_blocks": 79
    },
    "monetary_vector": {
        "circulating_supply": 19935053.125,
        "current_block_reward": 3.125,
        "blocks_until_next_halving": 130783
    },
    "speculative_vector": {
        "open_interest": 0,
        "funding_rate": 0,
        "error": true
    },
    "trend_vector": {
        "rsi_14d": 40.72885184867599,
        "historical_prices": [
            109706.3,
            109720.5,
            112127.8,
            114365.2,
            113995.0,
            118599.9,
            120649.9,
            122259.5,
            122426.4,
            123542.1,
            124766.5,
            121419.8,
            123329.7,
            121699.0,
            113000.1,
            110775.1,
            115125.3,
            115165.5,
            113106.2,
            110894.8
        ],
        "price_change_percent": -0.042364555109075205
    },
    "singularity_score": 44,
    "narrative_vector": {
        "primary": "The objective remains unchanged. Awaiting a new catalyst.",
        "market": "Momentum is neutral (RSI: 40.7). The derivatives market is balanced.",
        "network": "The -2.91% difficulty adjustment indicates the security baseline is holding steady."
    }
}