{
    "timestamp_utc": "2025-08-24T23:21:27.036377+00:00",
    "market_vector": {
        "price_usd": 113565.9
    },
    "mining_vector": {
        "difficulty_change_percent": 6.918153830118268,
        "next_retarget_blocks": 1693
    },
    "monetary_vector": {
        "circulating_supply": 19911109.375,
        "current_block_reward": 3.125,
        "blocks_until_next_halving": 138445
    },
    "speculative_vector": {
        "open_interest": 0,
        "funding_rate": 0,
        "error": true
    },
    "trend_vector": {
        "rsi_14d": 44.44593469878725,
        "historical_prices": [
            114115.0,
            115010.0,
            117498.1,
            116676.0,
            116467.4,
            119288.4,
            118724.5,
            120172.0,
            123354.3,
            118383.1,
            117426.7,
            117487.5,
            117441.3,
            116260.0,
            112830.3,
            114262.7,
            112462.5,
            116817.9,
            115344.1,
            113565.9
        ],
        "price_change_percent": 0.1552166462797833
    },
    "singularity_score": 51,
    "narrative_vector": {
        "primary": "The objective remains unchanged. Awaiting a new catalyst.",
        "market": "Momentum is neutral (RSI: 44.4). The derivatives market is balanced.",
        "network": "The 6.92% difficulty adjustment indicates the security baseline is currently hardening."
    }
}