{
    "timestamp_utc": "2025-08-25T14:47:18.194533+00:00",
    "market_vector": {
        "price_usd": 112122.4
    },
    "mining_vector": {
        "difficulty_change_percent": 4.7966733131962425,
        "next_retarget_blocks": 1605
    },
    "monetary_vector": {
        "circulating_supply": 19911384.375,
        "current_block_reward": 3.125,
        "blocks_until_next_halving": 138357
    },
    "speculative_vector": {
        "open_interest": 0,
        "funding_rate": 0,
        "error": true
    },
    "trend_vector": {
        "rsi_14d": 41.7386055725686,
        "historical_prices": [
            115010.0,
            117498.1,
            116676.0,
            116467.4,
            119288.4,
            118724.5,
            120172.0,
            123354.3,
            118383.1,
            117426.7,
            117487.5,
            117441.3,
            116260.0,
            112830.3,
            114262.7,
            112462.5,
            116817.9,
            115344.1,
            113456.1,
            112122.4
        ],
        "price_change_percent": 0.14719858232043947
    },
    "singularity_score": 49,
    "narrative_vector": {
        "primary": "The objective remains unchanged. Awaiting a new catalyst.",
        "market": "Momentum is neutral (RSI: 41.7). The derivatives market is balanced.",
        "network": "The 4.80% difficulty adjustment indicates the security baseline is currently hardening."
    }
}