{
    "timestamp_utc": "2025-07-31T06:23:57.739798+00:00",
    "market_vector": {
        "price_usd": 118313.5
    },
    "mining_vector": {
        "difficulty_change_percent": -4.761059039263316,
        "next_retarget_blocks": 1302
    },
    "monetary_vector": {
        "circulating_supply": 19899731.25,
        "current_block_reward": 3.125,
        "blocks_until_next_halving": 142086
    },
    "speculative_vector": {
        "open_interest": 0,
        "funding_rate": 0,
        "error": true
    },
    "trend_vector": {
        "rsi_14d": 58.99007346677747,
        "historical_prices": [
            117461.0,
            119102.1,
            119855.0,
            117741.0,
            118712.6,
            119321.0,
            118011.9,
            117909.1,
            117319.1,
            117461.0,
            119977.5,
            118735.3,
            118386.9,
            117628.1,
            117937.5,
            119455.0,
            117979.7,
            117923.0,
            117820.7,
            118313.6
        ],
        "price_change_percent": -0.0163944123786215
    },
    "singularity_score": 51,
    "narrative_vector": {
        "primary": "ECHO DETECTED: Current structure mirrors the 'Pre-Halving Lull.' A period of consolidation may precede a supply shock.",
        "market": "High-conviction pattern match. Standard market analysis suspended.",
        "network": "On-chain fundamentals are secondary to the recognized historical echo."
    }
}