{
    "timestamp_utc": "2025-08-25T20:18:56.689644+00:00",
    "market_vector": {
        "price_usd": 110475.1
    },
    "mining_vector": {
        "difficulty_change_percent": 4.666731983048589,
        "next_retarget_blocks": 1566
    },
    "monetary_vector": {
        "circulating_supply": 19911506.25,
        "current_block_reward": 3.125,
        "blocks_until_next_halving": 138318
    },
    "speculative_vector": {
        "open_interest": 0,
        "funding_rate": 0,
        "error": true
    },
    "trend_vector": {
        "rsi_14d": 39.011804967618275,
        "historical_prices": [
            115010.0,
            117498.1,
            116676.0,
            116467.4,
            119288.4,
            118724.5,
            120172.0,
            123354.3,
            118383.1,
            117426.7,
            117487.5,
            117441.3,
            116260.0,
            112830.3,
            114262.7,
            112462.5,
            116817.9,
            115344.1,
            113456.1,
            110475.0
        ],
        "price_change_percent": -0.6610011141074469
    },
    "singularity_score": 45,
    "narrative_vector": {
        "primary": "Financial energy is contracting. The market has chosen its short-term direction.",
        "market": "Momentum is neutral (RSI: 39.0). The derivatives market is balanced.",
        "network": "The 4.67% difficulty adjustment indicates the security baseline is currently hardening."
    }
}