{
    "timestamp_utc": "2025-10-28T09:44:21.689564+00:00",
    "market_vector": {
        "price_usd": 114525.0
    },
    "mining_vector": {
        "difficulty_change_percent": 6.522908997395027,
        "next_retarget_blocks": 153
    },
    "monetary_vector": {
        "circulating_supply": 19941121.875,
        "current_block_reward": 3.125,
        "blocks_until_next_halving": 128841
    },
    "speculative_vector": {
        "open_interest": 0,
        "funding_rate": 0,
        "error": true
    },
    "trend_vector": {
        "rsi_14d": 53.94862840911723,
        "historical_prices": [
            121699.0,
            113000.1,
            110775.1,
            115125.3,
            115165.5,
            113106.2,
            110781.9,
            108182.3,
            106451.0,
            107199.0,
            108669.8,
            110574.4,
            108406.1,
            107644.1,
            110080.0,
            111000.0,
            111645.2,
            114509.9,
            114153.0,
            114525.0
        ],
        "price_change_percent": 0.24728100312930829
    },
    "singularity_score": 55,
    "narrative_vector": {
        "primary": "ECHO DETECTED: Current structure mirrors the 'Pre-Halving Lull.' A period of consolidation may precede a supply shock.",
        "market": "High-conviction pattern match. Standard market analysis suspended.",
        "network": "On-chain fundamentals are secondary to the recognized historical echo."
    }
}