{
    "timestamp_utc": "2025-08-31T05:49:44.589832+00:00",
    "market_vector": {
        "price_usd": 108675.2
    },
    "mining_vector": {
        "difficulty_change_percent": 6.2864012270193115,
        "next_retarget_blocks": 735
    },
    "monetary_vector": {
        "circulating_supply": 19914103.125,
        "current_block_reward": 3.125,
        "blocks_until_next_halving": 137487
    },
    "speculative_vector": {
        "open_interest": 0,
        "funding_rate": 0,
        "error": true
    },
    "trend_vector": {
        "rsi_14d": 38.51428839644398,
        "historical_prices": [
            120172.0,
            123354.3,
            118383.1,
            117426.7,
            117487.5,
            117441.3,
            116260.0,
            112830.3,
            114262.7,
            112462.5,
            116817.9,
            115344.1,
            113456.1,
            110144.9,
            111829.3,
            111268.6,
            112563.7,
            108400.1,
            108750.0,
            108729.2
        ],
        "price_change_percent": 0.05300372866507097
    },
    "singularity_score": 48,
    "narrative_vector": {
        "primary": "The objective remains unchanged. Awaiting a new catalyst.",
        "market": "Momentum is neutral (RSI: 38.5). The derivatives market is balanced.",
        "network": "The 6.29% difficulty adjustment indicates the security baseline is currently hardening."
    }
}