{
    "timestamp_utc": "2025-10-16T17:31:21.664178+00:00",
    "market_vector": {
        "price_usd": 108880.1
    },
    "mining_vector": {
        "difficulty_change_percent": -50.66944664580395,
        "next_retarget_blocks": 1948
    },
    "monetary_vector": {
        "circulating_supply": 19935512.5,
        "current_block_reward": 3.125,
        "blocks_until_next_halving": 130636
    },
    "speculative_vector": {
        "open_interest": 0,
        "funding_rate": 0,
        "error": true
    },
    "trend_vector": {
        "rsi_14d": 37.98841703432915,
        "historical_prices": [
            109720.5,
            112127.8,
            114365.2,
            113995.0,
            118599.9,
            120649.9,
            122259.5,
            122426.4,
            123542.1,
            124766.5,
            121419.8,
            123329.7,
            121699.0,
            113000.1,
            110775.1,
            115125.3,
            115165.5,
            113106.2,
            110781.9,
            108919.9
        ],
        "price_change_percent": 0.3221881530918626
    },
    "singularity_score": 41,
    "narrative_vector": {
        "primary": "The objective remains unchanged. Awaiting a new catalyst.",
        "market": "Momentum is neutral (RSI: 38.0). The derivatives market is balanced.",
        "network": "The -50.67% difficulty adjustment indicates the security baseline is holding steady."
    }
}