{
    "timestamp_utc": "2025-09-01T10:40:04.918031+00:00",
    "market_vector": {
        "price_usd": 108234.1
    },
    "mining_vector": {
        "difficulty_change_percent": 5.35029153197788,
        "next_retarget_blocks": 564
    },
    "monetary_vector": {
        "circulating_supply": 19914637.5,
        "current_block_reward": 3.125,
        "blocks_until_next_halving": 137316
    },
    "speculative_vector": {
        "open_interest": 0,
        "funding_rate": 0,
        "error": true
    },
    "trend_vector": {
        "rsi_14d": 37.671770502226785,
        "historical_prices": [
            123354.3,
            118383.1,
            117426.7,
            117487.5,
            117441.3,
            116260.0,
            112830.3,
            114262.7,
            112462.5,
            116817.9,
            115344.1,
            113456.1,
            110144.9,
            111829.3,
            111268.6,
            112563.7,
            108400.1,
            108750.0,
            108250.0,
            108218.8
        ],
        "price_change_percent": -0.8857370777728546
    },
    "singularity_score": 45,
    "narrative_vector": {
        "primary": "Financial energy is contracting. The market has chosen its short-term direction.",
        "market": "Momentum is neutral (RSI: 37.7). The derivatives market is balanced.",
        "network": "The 5.35% difficulty adjustment indicates the security baseline is currently hardening."
    }
}