{
    "timestamp_utc": "2025-07-19T07:27:11.334564+00:00",
    "market_vector": {
        "price_usd": 118397.5
    },
    "mining_vector": {
        "difficulty_change_percent": -0.04490170431251661,
        "next_retarget_blocks": 993
    },
    "monetary_vector": {
        "circulating_supply": 19894396.875,
        "current_block_reward": 3.125,
        "blocks_until_next_halving": 143793
    },
    "speculative_vector": {
        "open_interest": 0,
        "funding_rate": 0,
        "error": true
    },
    "trend_vector": {
        "rsi_14d": 66.31098448993619,
        "historical_prices": [
            107120.3,
            105700.1,
            108846.9,
            109631.0,
            108018.9,
            108249.5,
            109223.2,
            108282.1,
            108931.9,
            111323.7,
            115990.2,
            117532.6,
            117461.0,
            119102.1,
            119855.0,
            117741.0,
            118712.6,
            119321.0,
            118011.9,
            118397.5
        ],
        "price_change_percent": 0.12482040153945656
    },
    "singularity_score": 56,
    "narrative_vector": {
        "primary": "The objective remains unchanged. Awaiting a new catalyst.",
        "market": "Momentum is neutral (RSI: 66.3). The derivatives market is balanced.",
        "network": "The -0.04% difficulty adjustment indicates the security baseline is holding steady."
    }
}