{
    "timestamp_utc": "2025-10-30T20:22:16.180970+00:00",
    "market_vector": {
        "price_usd": 107009.8
    },
    "mining_vector": {
        "difficulty_change_percent": -0.5133402610710824,
        "next_retarget_blocks": 1809
    },
    "monetary_vector": {
        "circulating_supply": 19942246.875,
        "current_block_reward": 3.125,
        "blocks_until_next_halving": 128481
    },
    "speculative_vector": {
        "open_interest": 0,
        "funding_rate": 0,
        "error": true
    },
    "trend_vector": {
        "rsi_14d": 39.52445466049385,
        "historical_prices": [
            110775.1,
            115125.3,
            115165.5,
            113106.2,
            110781.9,
            108182.3,
            106451.0,
            107199.0,
            108669.8,
            110574.4,
            108406.1,
            107644.1,
            110080.0,
            111000.0,
            111645.2,
            114509.9,
            114153.0,
            112918.0,
            110104.2,
            107009.8
        ],
        "price_change_percent": 0.11198417814184576
    },
    "singularity_score": 45,
    "narrative_vector": {
        "primary": "The objective remains unchanged. Awaiting a new catalyst.",
        "market": "Momentum is neutral (RSI: 39.5). The derivatives market is balanced.",
        "network": "The -0.51% difficulty adjustment indicates the security baseline is holding steady."
    }
}