{
    "timestamp_utc": "2025-08-17T18:37:02.173925+00:00",
    "market_vector": {
        "price_usd": 117864.5
    },
    "mining_vector": {
        "difficulty_change_percent": -0.654376263102141,
        "next_retarget_blocks": 743
    },
    "monetary_vector": {
        "circulating_supply": 19907778.125,
        "current_block_reward": 3.125,
        "blocks_until_next_halving": 139511
    },
    "speculative_vector": {
        "open_interest": 0,
        "funding_rate": 0,
        "error": true
    },
    "trend_vector": {
        "rsi_14d": 52.16054079763326,
        "historical_prices": [
            117923.0,
            117820.7,
            115762.3,
            113290.2,
            112525.2,
            114224.1,
            115092.1,
            114115.0,
            115010.0,
            117498.1,
            116676.0,
            116467.4,
            119288.4,
            118724.5,
            120172.0,
            123354.3,
            118383.1,
            117426.7,
            117487.5,
            117864.5
        ],
        "price_change_percent": -0.07807956485690992
    },
    "singularity_score": 50,
    "narrative_vector": {
        "primary": "ECHO DETECTED: Current structure mirrors the 'Pre-Halving Lull.' A period of consolidation may precede a supply shock.",
        "market": "High-conviction pattern match. Standard market analysis suspended.",
        "network": "On-chain fundamentals are secondary to the recognized historical echo."
    }
}