{
    "timestamp_utc": "2025-09-15T04:50:50.478900+00:00",
    "market_vector": {
        "price_usd": 116144.0
    },
    "mining_vector": {
        "difficulty_change_percent": 5.031359661596579,
        "next_retarget_blocks": 509
    },
    "monetary_vector": {
        "circulating_supply": 19921109.375,
        "current_block_reward": 3.125,
        "blocks_until_next_halving": 135245
    },
    "speculative_vector": {
        "open_interest": 0,
        "funding_rate": 0,
        "error": true
    },
    "trend_vector": {
        "rsi_14d": 58.99327827600035,
        "historical_prices": [
            111268.6,
            112563.7,
            108400.1,
            108750.0,
            108250.0,
            109263.5,
            111196.9,
            111771.1,
            110744.3,
            110647.8,
            110254.9,
            111152.8,
            112050.1,
            111541.0,
            113952.8,
            115500.0,
            116111.7,
            115949.1,
            115390.6,
            116144.0
        ],
        "price_change_percent": 0.16437637878665554
    },
    "singularity_score": 56,
    "narrative_vector": {
        "primary": "ECHO DETECTED: Current structure mirrors the 'Pre-Halving Lull.' A period of consolidation may precede a supply shock.",
        "market": "High-conviction pattern match. Standard market analysis suspended.",
        "network": "On-chain fundamentals are secondary to the recognized historical echo."
    }
}