{
    "timestamp_utc": "2025-10-23T23:15:47.607618+00:00",
    "market_vector": {
        "price_usd": 109985.0
    },
    "mining_vector": {
        "difficulty_change_percent": 4.860486048604851,
        "next_retarget_blocks": 852
    },
    "monetary_vector": {
        "circulating_supply": 19938937.5,
        "current_block_reward": 3.125,
        "blocks_until_next_halving": 129540
    },
    "speculative_vector": {
        "open_interest": 0,
        "funding_rate": 0,
        "error": true
    },
    "trend_vector": {
        "rsi_14d": 44.75855334370652,
        "historical_prices": [
            122426.4,
            123542.1,
            124766.5,
            121419.8,
            123329.7,
            121699.0,
            113000.1,
            110775.1,
            115125.3,
            115165.5,
            113106.2,
            110781.9,
            108182.3,
            106451.0,
            107199.0,
            108669.8,
            110574.4,
            108406.1,
            107644.1,
            109984.9
        ],
        "price_change_percent": -0.03190329031085786
    },
    "singularity_score": 50,
    "narrative_vector": {
        "primary": "The objective remains unchanged. Awaiting a new catalyst.",
        "market": "Momentum is neutral (RSI: 44.8). The derivatives market is balanced.",
        "network": "The 4.86% difficulty adjustment indicates the security baseline is currently hardening."
    }
}