{
    "timestamp_utc": "2025-07-21T13:57:19.612056+00:00",
    "market_vector": {
        "price_usd": 118879.3
    },
    "mining_vector": {
        "difficulty_change_percent": 0.26094977826667254,
        "next_retarget_blocks": 662
    },
    "monetary_vector": {
        "circulating_supply": 19895431.25,
        "current_block_reward": 3.125,
        "blocks_until_next_halving": 143462
    },
    "speculative_vector": {
        "open_interest": 0,
        "funding_rate": 0,
        "error": true
    },
    "trend_vector": {
        "rsi_14d": 66.26138213410184,
        "historical_prices": [
            108846.9,
            109631.0,
            108018.9,
            108249.5,
            109223.2,
            108282.1,
            108931.9,
            111323.7,
            115990.2,
            117532.6,
            117461.0,
            119102.1,
            119855.0,
            117741.0,
            118712.6,
            119321.0,
            118011.9,
            117909.1,
            117319.1,
            118879.3
        ],
        "price_change_percent": 0.5058293386089083
    },
    "singularity_score": 58,
    "narrative_vector": {
        "primary": "Financial energy is expanding. The market has chosen its short-term direction.",
        "market": "Momentum is neutral (RSI: 66.3). The derivatives market is balanced.",
        "network": "The 0.26% difficulty adjustment indicates the security baseline is holding steady."
    }
}